NPN;construction;preposition;noun;context_pre;costr;context_post;number_of_noun;meaning;syntactic_function
anima ad anima;yes;a;anima;Ecco, devono essere nati così questi ultimi due romanzi di famiglia, seguiti da lunghe ore al computer, uno accanto all'altro, gomito a gomito,;anima ad anima;, ogni tanto un sospiro, una lunga occhiata, qualche sorriso di tenerezza perché i due si adorano e si cercano come solo due innamoratini sanno fare, al di là delle loro abbondanti sessanta primavere. ;sg;juxtaposition/contact;modifier
balcone a balcone;yes;a;balcone;La comunità di gatti che mi ospita sta nell'appartamento in cui abitiamo, che confina,;balcone a balcone;, con un altro appartamento nel quale viveva fino a poco tempo fa una gatta vecchia e sola.;sg;juxtaposition/contact;modifier
balcone a balcone;yes;a;balcone;Così si sente superiore nel cortile, a esempio, sul cav. Bizzini, suo dirimpettaio,;balcone a balcone;, che vive con la figlia, il genero e i ragazzi un maschio e una femmina e potrebbe essere privilegiato, ma se sapesse scrollarsi di dosso il rischio di venir ficcato in un ospizio per anziani.;sg;juxtaposition/contact;modifier
bit a bit;yes;a;bit;Esegue l 'operazione di OR;bit a bit;tra i due operandio specificati, ponendo il risultato nel secondo.;sg;succession/iteration/distributivity;modifier
bit a bit;yes;a;bit;È compito di quest'ultimo trasmettere,;bit a bit;, l'informazione sul cavo e quindi al destinatario.;sg;succession/iteration/distributivity;modifier
bocca a bocca;yes;a;bocca;In attesa dell'arrivo dell'ambulanza gli hanno praticato il massaggio cardiaco e la respirazione;bocca a bocca;ma tutto è stato inutiule.;sg;juxtaposition/contact;modifier
bocca a bocca;yes;a;bocca;Alcune tecniche di rianimazione, come per esempio la respirazione;bocca a bocca;, possono risultare pericolose per il soccorritore: in questo modo si possono trasmettere molte malattie, soprattutto se l'infortunato ha delle perdite di sangue.;sg;juxtaposition/contact;modifier
bocca a bocca;yes;a;bocca;Nel bambino da 1 a 8 anni si fa la respirazione;bocca a bocca;, tenendo chiuse le narici con le dita.;sg;juxtaposition/contact;modifier
bocca a bocca;yes;a;bocca;Inoltre, l'aria insufflata presa dall'ambiente, o collegata a un erogatore di ossigeno contiene delle percentuali di ossigeno superiori a quelle insufflate con il metodo;bocca a bocca;.;sg;juxtaposition/contact;modifier
bocca a bocca;yes;a;bocca;Tutto si vela, tutto si ammanta, tutto trapassa così in un mondo parallelo dove anche il dolore può stemperarsi nel calore delle leggende, nella familiarità dei lunghi racconti;bocca a bocca;.;sg;juxtaposition/contact;modifier
bocca a bocca;yes;a;bocca;Se non avesse ripreso a respirare, doveva procedere con la respirazione;bocca a bocca;.;sg;juxtaposition/contact;modifier
bocca a bocca;yes;a;bocca;Se non è possibile la respirazione;bocca a bocca;si può tentare una respirazione manuale la cui efficacia è molto inferiore.;sg;juxtaposition/contact;modifier
bocca a bocca;yes;a;bocca;La respirazione artificiale andrebbe praticata attraverso strumenti medicali come il pallone ambu e, per motivi di igiene e profilassi, è sconsigliabile praticare la respirazione;bocca a bocca;.;sg;juxtaposition/contact;modifier
bocca a bocca;yes;a;bocca;La rinuncia alla propria individualità è celebrata in Breathing In POTH Breathing Out (sempre del 1977) dove,;bocca a bocca;e con le narici chiuse da filtri di sigaretta, l'una respira nella bocca dell'altro, in una rappresentazione tragica di cosa succede quando si dipende completamente da un'altra persona.;sg;juxtaposition/contact;modifier
bocca a bocca;yes;a;bocca;Cominciò a praticare la respirazione;bocca a bocca;a Phillip mentre scendeva le scale.;sg;juxtaposition/contact;modifier
bocca a bocca;yes;a;bocca;In questo modo il soccorritore può ventilare l'infortunato evitando il contatto;bocca a bocca;.;sg;juxtaposition/contact;modifier
bocca a bocca;yes;a;bocca;È stato qualche anno fa e ricordo ogni minimo dettaglio: lui disteso per terra, attraverso la portiera schiacciata stava facendo la respirazione;bocca a bocca;a una donna che aveva perso conoscenza.;sg;juxtaposition/contact;modifier
bocca a bocca;yes;a;bocca;Se l'infortunato presenta delle fratture alla mandibola o alla mascella, si può procedere come nelcaso della respirazione;bocca a bocca;con la differenza che la bocca viene tenuta chiusa per evitare che fuoriesca l'aria insufflata, e le insufflazioni vanno fatte attraverso il naso.;sg;juxtaposition/contact;modifier
bocca a bocca;yes;a;bocca;Se non respira, intervenire per la respirazione;bocca a bocca;.;sg;juxtaposition/contact;modifier
bocca a bocca;yes;a;bocca;Per i primi cinque minuti il massaggio non va interrotto (amenoche non si sia obbligati ad eseguire contemporaneamente la respirazione;bocca a bocca;.;sg;juxtaposition/contact;modifier
bocca a bocca;yes;a;bocca;La madre era sparita dietro le spalle larghe dello sconosciuto, i due stavano attaccati;bocca a bocca;e si stringevano forte.;sg;juxtaposition/contact;modifier
bocca a bocca;yes;a;bocca;Sembrava che ci fosse poco da fare per la piccola Jihan: «Il camionista ha portato dell'acqua per lavarla dal sangue, e io ho provato a farle la respirazione;bocca a bocca;».;sg;juxtaposition/contact;modifier
bocca a bocca;yes;a;bocca;Questa posizione è indispensabile primadi praticare la respirazione;bocca a bocca;, altrimenti l'aria insufflata rischia di non raggiungere i polmoni.;sg;juxtaposition/contact;modifier
bocca a bocca;yes;a;bocca;Intanto io gli facevo la respirazione;bocca a bocca;e il massaggio cardiaco, gli cambiavo il pigiama sporco, lo tenevo su per la testa.;sg;juxtaposition/contact;modifier
bocca a bocca;yes;a;bocca;Non hai preso lezioni di pronto soccorso, non sai come si fa un massaggio cardiaco, non ti piace la respirazione;bocca a bocca;, trovi inutile quindi fermarti a guardare.;sg;juxtaposition/contact;modifier
bocca a bocca;yes;a;bocca;E il protagonista ha imparato a fare la respirazione;bocca a bocca;leggendo le riviste gettate nella spazzatura.;sg;juxtaposition/contact;modifier
bocca a bocca;yes;a;bocca;"Tu boccheggiavi e tossivi; poi ti facevano la respirazione";bocca a bocca;ed eri fuori pericolo.;sg;juxtaposition/contact;modifier
bocca a bocca;yes;a;bocca;Se, invece, la vittima dovesse presentarsi priva di sensi e avere difficoltà respiratorie, iniziate immediatamente la respirazione artificiale;bocca a bocca;.;sg;juxtaposition/contact;modifier
bocca a bocca;yes;a;bocca;Karin levò la mano: Ma nella Bibbia c'è scritto che Dio ha soffiato la vita dentro il primo uomo... La respirazione;bocca a bocca;.;sg;juxtaposition/contact;modifier
bocca a bocca;yes;a;bocca;L'altro agente praticò a Sullivan la respirazione artificiale;bocca a bocca;.;sg;juxtaposition/contact;modifier
bocca a bocca;yes;a;bocca;Si è trascinato per qualche metro finoall'uscita della fabbrica, poi è crollato sul marciapiede sotto gli occhi del giovane complice, che ha tentato inutilmente di animarlo con la respirazione;bocca a bocca;.;sg;juxtaposition/contact;modifier
bocca a bocca;yes;a;bocca;"Per oltre 15 minuti ha tenuto in vita un amico intrappolato sott'acqua soffiandogli aria nei polmoni con ripetute immersioni e altrettante ""respirazioni";bocca a bocca;""".";sg;juxtaposition/contact;modifier
bocca a bocca;yes;a;bocca;Il significato erotico del bacio deriverebbe dall'alimentazione;bocca a bocca;dell'infante.;sg;juxtaposition/contact;modifier
bocca a bocca;yes;a;bocca;Di più, provano a rianimare i due amici: massaggio cardiaco, respirazione;bocca a bocca;.;sg;juxtaposition/contact;modifier
bocca a bocca;yes;a;bocca;Nessuno parla dell'impiegato di banca che non è corrotto e che magari un giorno ha salvato la vita a un collega facendogli la respirazione;bocca a bocca;.;sg;juxtaposition/contact;modifier
braccio a braccio;yes;a;braccio;Primo edificio per la musica progettato dallo studio di Michel Rojkind, è il frutto di un processo progettuale sviluppato;braccio a braccio;con la direzione dell'Orchestra: le scelte riguardanti il tipo di sala, il numero di sedute e le destinazioni funzionali degli ambienti sono dunque condivise e volute dai successivi inquilini dello spazio.;sg;juxtaposition/contact;modifier
brano a brano;yes;a;brano;"""E siccome era stato portato lì davanti con tutti i suoi paramenti sacerdotali, iniziò un rito in cui";brano a brano;i paramenti gli venivano levati sinoa che rimase in quella vesticciola che a Firenze chiamano cioppa.;sg;succession/iteration/distributivity;modifier
brano a brano;yes;a;brano;Ma non primadi aver beccato Nauplio finoa levargli la pelle, a scuoiarlo,;brano a brano;.;sg;succession/iteration/distributivity;modifier
brano a brano;yes;a;brano;È sensibile ai tentativi dei poeti di rischiarare;brano a brano;l'ancora vasta oscurità delle cose non dette.;sg;succession/iteration/distributivity;modifier
campo a campo;yes;a;campo;E così, goccia a goccia, o meglio,;campo a campo;e casa a casa, in duemila anni la Chiesa ha potuto accumulare un patrimonio immenso, che nel passato era amministrato dal cosiddetto Obolo di San Pietro, e oggi lo è invece dal Pio Istituto per le Opere di Religione (IOR).;sg;succession/iteration/distributivity;modifier
casa a casa;yes;a;casa;E così, goccia a goccia, o meglio, campo a campo e;casa a casa;, in duemila anni la Chiesa ha potuto accumulare un patrimonio immenso, che nel passato era amministrato dal cosiddetto Obolo di San Pietro, e oggi lo è invece dal Pio Istituto per le Opere di Religione (IOR).;sg;succession/iteration/distributivity;modifier
ciocca a ciocca;yes;a;ciocca;Il più attuale si fa sfilando;ciocca a ciocca;, per creare l'effetto piuma, che alleggerisce la pettinatura e rende la piega particolarmente facile.;sg;succession/iteration/distributivity;modifier
corpo a corpo;yes;a;corpo;"Temi di attualità: la paura del domani, il Duemila è alle porte; il fascino del messaggio predicatorio; la lotta";corpo a corpo;tra ragione e cuore.;sg;juxtaposition/contact;modifier
corpo a corpo;yes;a;corpo;Mai prima quei guerrieri avevano affrontato;corpo a corpo;le legioni e non pareva loro vero di sfogare la rabbia a lungo compressa su quei reparti in disfatta, in preda al panico e alla confusione.;sg;juxtaposition/contact;modifier
corpo a corpo;yes;a;corpo;Scoperto difronteal proprio nemico, faccia a faccia,;corpo a corpo;, il nostro scrittore si apprestava a scrivere un'altra pagina del suo romanzo, quello della vita.;sg;juxtaposition/contact;modifier
corpo a corpo;yes;a;corpo;I caduti statunitensi erano già più di centomila, vittime in ugual misura del gelido inverno coreano e della maestria dell'esercito cinese nel combattimento;corpo a corpo;e nelle incursioni notturne.;sg;juxtaposition/contact;modifier
corpo a corpo;yes;a;corpo;Per contro la loro forze e il loro fisico non sono assolutamente adatti nello scontro;corpo a corpo;.;sg;juxtaposition/contact;modifier
corpo a corpo;yes;a;corpo;James Buck aveva fatto parte delle SAS, le forze aeree speciali britanniche, e, tra le altre cose, era un esperto di combattimenti;corpo a corpo;e di armi bianche.;sg;juxtaposition/contact;modifier
corpo a corpo;yes;a;corpo;Tauro cercò di fermarlo: per qualche istante la sua rocciosa complessione, il suo coraggio, l'abilità nel duello e l'esperienza di mille combattimenti;corpo a corpo;parvero mettere in difficoltà il guerriero germanico.;sg;juxtaposition/contact;modifier
corpo a corpo;yes;a;corpo;Nell'economia del risultato a pesare è anche il comparto visivo perché, alla routine degli scontri;corpo a corpo;", Watts ci riserva sorprese quando si tratta di mettere in scena il potere illusionistico di Mysterio in una serie di sequenze da far girare la testa allo spettatore, per il gioco di specchi in cui la realtà fa a gara a smentire se stessa manco ci trovassimo nella sequenza finale de ""La signora di Shangai"" di Orson Welles.";sg;juxtaposition/contact;modifier
corpo a corpo;yes;a;corpo;Non gli restava che il combattimento;corpo a corpo;.;sg;juxtaposition/contact;modifier
corpo a corpo;yes;a;corpo;Il killer - ballerino e le cubiste - prede erano impegnati in una danza;corpo a corpo;molto coinvolgente.;sg;juxtaposition/contact;modifier
corpo a corpo;yes;a;corpo;Nel frattempo, i macedoni rinchiusi nella cittadella fecero una sortita e presero alle spalle i guerrieri avversari che si battevano;corpo a corpo;, nelle vie strette e tortuose, davanti alle loro stesse case.;sg;juxtaposition/contact;modifier
corpo a corpo;yes;a;corpo;I colpi sono stati sparati durante la lotta,;corpo a corpo;.;sg;juxtaposition/contact;modifier
corpo a corpo;yes;a;corpo;Caratteristica utile a chi combatte;corpo a corpo;con l'avversario.;sg;juxtaposition/contact;modifier
corpo a corpo;yes;a;corpo;Non era il momento adatto a considerazioni tattiche, la colluttazione era diventata un furioso combattimento;corpo a corpo;.;sg;juxtaposition/contact;modifier
corpo a corpo;yes;a;corpo;"Dodici fra loro, originari di Lebbeke, si erano rifugiati nella fattoria di Ottavio Vernulst; essi furono legati";corpo a corpo;e condotti dietro alla fattoria, dove vennero massacrati.;sg;juxtaposition/contact;modifier
corpo a corpo;yes;a;corpo;Elias insegnava ai popolani come schierarsi in falange, puntare le picche, affrontare un uomo;corpo a corpo;.;sg;juxtaposition/contact;modifier
corpo a corpo;yes;a;corpo;In questa situazione i giornalisti portati al seguito delle truppe per assistere a un rapido trionfo, sono diventati scomodi testimoni di una campagna difficile e lunga, dove i combattimenti;corpo a corpo;nelle periferie delle città si verificano con una frequenza sempre più ravvicinata.;sg;juxtaposition/contact;modifier
corpo a corpo;yes;a;corpo;Inoltre l'uso giudizioso della massa corporea può rappresentare in certe situazioni un vantaggio supplementare non indifferente, per esempio negli incontri rapidi;corpo a corpo;, come nella lotta greco - romana, nel catch, nel sumo.;sg;juxtaposition/contact;modifier
corpo a corpo;yes;a;corpo;Pare abbia ucciso di sua mano un ribelle della tribù dei cadusi in un duello;corpo a corpo;.;sg;juxtaposition/contact;modifier
corpo a corpo;yes;a;corpo;I due fratelli si scontrarono accanitamente;corpo a corpo;e morirono entrambi.;sg;juxtaposition/contact;modifier
corpo a corpo;yes;a;corpo;Come dice Manuel Estiarte, il più forte pallanuotista di tutti i tempi: «È vero, bisogna calcolare che le probabilità che Messi esca sconfitto da un impatto;corpo a corpo;sono elevate, come elevato è il rischio che venga totalmente travolto dai difensori.;sg;juxtaposition/contact;modifier
corpo a corpo;yes;a;corpo;Essi o lo impegnavano in violenti combattimenti;corpo a corpo;, oppure rimanevano ritti immobili e silenziosi in qualche angolo della casa.;sg;juxtaposition/contact;modifier
corpo a corpo;yes;a;corpo;Non possedeva più la pistola e la spranga che aveva trovato si sarebbe rivelata utile solo in uno scontro;corpo a corpo;.;sg;juxtaposition/contact;modifier
corpo a corpo;yes;a;corpo;Ma anche questa volta per occupare la Città Santa devono combattere;corpo a corpo;con i palestinesi per annientare la resistenza araba.;sg;juxtaposition/contact;modifier
corpo a corpo;yes;a;corpo;La guerriglia urbana, la battaglia;corpo a corpo;nelle strade della capitale è proprio quello che al Pentagono vogliono evitare.;sg;juxtaposition/contact;modifier
corpo a corpo;yes;a;corpo;Qualche scettico si domanderà come mai il comando americano mandi un preziosissimo marconista navajo a combattere;corpo a corpo;contro il nemico, con il rischio che lo catturino.;sg;juxtaposition/contact;modifier
corpo a corpo;yes;a;corpo;Saphira era meglio equipaggiata dei Lethrblaka per il combattimento;corpo a corpo;, grazie alle squame - più dure e resistenti della loro pellaccia grigia - e ai denti - di gran lunga più letali del loro becco in uno scontro ravvicinato - ma in quella situazione, con il basso soffitto della caverna che le dava scarsa libertà di manovra per saltare o volare, aveva non poche difficoltà a tenere testa a due creature che l'attaccavano contemporaneamente.;sg;juxtaposition/contact;modifier
corpo a corpo;yes;a;corpo;Nella tradizione cristiana, durante i giorni di Pasqua si legge un versetto in latino che dice in modo mirabile che la vita e la morte combattono;corpo a corpo;.;sg;juxtaposition/contact;modifier
corpo a corpo;yes;a;corpo;La caccia a cavallo o a piedi, la lotta;corpo a corpo;, i combattimenti dei galli erano quanto deliziava la gente e tutte queste attività si concludevano con solenni bevute.;sg;juxtaposition/contact;modifier
corpo a corpo;yes;a;corpo;"Sto rollando verso di te, balena, tu che tutto distruggi e nulla conquisti; fino all'ultimo lotto con te";corpo a corpo;", e dal cuore dell'inferno ti pugnalo; in nome dell'odio ti sputo addosso l'estremo respiro.";sg;juxtaposition/contact;modifier
cuore a cuore;yes;a;cuore;Invece la stava invitando a camminare al suo fianco, mano nella mano,;cuore a cuore;.;sg;juxtaposition/contact;modifier
cuore a cuore;yes;a;cuore;Ci deve essere la possibilità di rapporti concreti: la mamma deve poterti portare a letto, darti il bacio della buona notte, imboccarti se è necessario, stare con te;cuore a cuore;.;sg;juxtaposition/contact;modifier
cuore a cuore;yes;a;cuore;E poi ci fu la marsupioterapia, il primo contatto;cuore a cuore;.;sg;juxtaposition/contact;modifier
dorso a dorso;yes;a;dorso;"Vittorio scosta qualche altra grande tela appoggiata alla parete, giusto abbastanza per farmi dare un'occhiata; me ne fa vedere alcune di quelle più piccole, impilate";dorso a dorso;sul tavolo di legno grezzo.;sg;juxtaposition/contact;modifier
dorso a dorso;yes;a;dorso;Avvicinandosi si trovano - e si vedono da vicino - centinaia di bellissimi uccelli che, ;dorso a dorso;, sembrano coprire l'acqua con un manto rosato.;sg;juxtaposition/contact;modifier
fibra a fibra;yes;a;fibra;La sua voce si impoveriva man mano che andava avanti, come se le sue parole si portassero via;fibra a fibra;il tessuto del suo timbro.;sg;succession/iteration/distributivity;modifier
fibra a fibra;yes;a;fibra;Le sembrava che Francesco fosse improvvisamente penetrabile alla sua conoscenza e che avrebbe potuto percorrerlo;fibra a fibra;, come si fa con uno strumento musicale le cui note appartengano a uno spartito certo.;sg;succession/iteration/distributivity;modifier
fiocco a fiocco;yes;a;fiocco;La neve continuava a cadere,;fiocco a fiocco;a fiocco accresceva lo spessore di bianco e di silenzio, senso di distanza dal resto del mondo.;sg;succession/iteration/distributivity;modifier
fiocco a fiocco;yes;a;fiocco;La neve continuava a cadere, fiocco a;fiocco a fiocco;accresceva lo spessore di bianco e di silenzio, senso di distanza dal resto del mondo.;sg;succession/iteration/distributivity;modifier
foglia a foglia;yes;a;foglia;Nanni guarda il triangolino di frittata deflagrare e ricomporsi nel piatto di Cecilia, mentre l'insalata scompare;foglia a foglia;con estenuante lentezza, e tutte le cose che vorrebbe dirle non le può dire.;sg;succession/iteration/distributivity;modifier
fotogramma a fotogramma;yes;a;fotogramma;Una mitologia personale, insomma, costruita;fotogramma a fotogramma;"ritagliandomi di netto ciò che è necessario per un Olimpo fatto in casa: un pugno di tragedie sofoclee, uomini ed eroi, martiri casuali, omicidi senza fonte e senza fine; oppure: confondendo l'universo condiviso con gli album personali: eccola una foto di mio padre tale e quale a Satta Flores in C'eravamo tanto amati.";sg;succession/iteration/distributivity;modifier
fronte a fronte;yes;a;fronte;E l'ordine, sia ben chiaro, non è l'assenza di disordine, ma la confusione regolamentata, su cui vigilano;fronte a fronte;re e vescovi.;sg;juxtaposition/contact;modifier
fronte a fronte;yes;a;fronte;Hussein, alla minaccia di trovarsi;fronte a fronte;con Amintore e soprattutto con Maria Pia, ha pianto lungamente e voleva far caricare sul jumbo anche un paio di emiri kuwaitiani con tutte le mogli e figli.;sg;juxtaposition/contact;modifier
fronte a fronte;yes;a;fronte;Una volta tolte di mezzo le operaie, le due regine si trovano;fronte a fronte;.;sg;juxtaposition/contact;modifier
fronte a fronte;yes;a;fronte;Ed ecco allora ai due estremi del salone,;fronte a fronte;, la Trasfigurazione di Tiziano (dove l'autore discioglie in un vortice drammatico e accalorato - con il bianco fantasmatico del Cristo che si riflette sull'emergenza dei capelli bianchi e sul rubizzo colore rubensiano della testa di Pietro sul bruno sfatto e informe del corpo - il ritmo rigoroso a mandorla della parte alta del modello raffaellesco) e l'Ultima Cena di Tintoretto.;sg;juxtaposition/contact;modifier
fronte a fronte;yes;a;fronte;Proprio nel novembre del '95, in occasione di una tavola rotonda nell'aula Nervi sull'etica in presenza di duemila medici cattolici, Giovanni Paolo II ed Andreotti si trovarono;fronte a fronte;e si scambiarono una lunga stretta di mano in un clima di ovazione.;sg;juxtaposition/contact;modifier
goccia a goccia;yes;a;goccia;La fine portava la festa, il maiale si svuotava;goccia a goccia;, in chiesa il prete issava il Cristo infreddolito sulla croce e dava l'ostia ai credenti, le strade si riempivano, sulla terra bianca la chiazza rossa si stendeva con la lentezza delle cose passate, e il mio sguardo non trovava rifugio.;sg;succession/iteration/distributivity;modifier
goccia a goccia;yes;a;goccia;Aggiungete, sempre mescolando, l'olio di vaselina;goccia a goccia;.;sg;succession/iteration/distributivity;modifier
goccia a goccia;yes;a;goccia;Cominciò a scavare con la punta della spada finché vide affiorare lentamente,;goccia a goccia;, dell'acqua.;sg;succession/iteration/distributivity;modifier
goccia a goccia;yes;a;goccia;Ai due lati del viale, dentro gabbie di ferro avvolte di tela di sacco per ripararle dalle tempeste di sabbia, alcune piante di poinciana nutrite dall'irrigazione;goccia a goccia;e ancora incredule sul senso della propria esistenza.;sg;succession/iteration/distributivity;modifier
goccia a goccia;yes;a;goccia;I suoi occhi sfavillano ora di un desiderio mai visto di vita, di piacere, ora di tristezza profonda, vissuta;goccia a goccia;, una desolazione tanto esausta da sconfinare nell'ironia.;sg;succession/iteration/distributivity;modifier
goccia a goccia;yes;a;goccia;come una ferita che lascia sgorgare il sangue;goccia a goccia;.;sg;succession/iteration/distributivity;modifier
goccia a goccia;yes;a;goccia;"Se, invece, la persona a cui volete regalarlo è come Coco Chanel, che diceva sempreche il profumo va messo ""dove si vuole essere baciate"", preferite un flacone: lo userà";goccia a goccia;.;sg;succession/iteration/distributivity;modifier
goccia a goccia;yes;a;goccia;Con il tempo la situazione peggiora: lo svuotamento avviene a più riprese,;goccia a goccia;.;sg;succession/iteration/distributivity;modifier
goccia a goccia;yes;a;goccia;Il libro inizia con queste parole: «La speranza non scende mai;goccia a goccia;.;sg;succession/iteration/distributivity;modifier
goccia a goccia;yes;a;goccia;Nel braccio di Bruno è conficcato l'ago e lungo il flessibile scorre;goccia a goccia;la medicina che per il momento regala al suo volto un'aria distesa e l'ombra di un sorriso.;sg;succession/iteration/distributivity;modifier
goccia a goccia;yes;a;goccia;La medicina nutriva Malaussene con parsimonia,;goccia a goccia;.;sg;succession/iteration/distributivity;modifier
goccia a goccia;yes;a;goccia;Si lavorava da sole a sole, alcuni incidendo gli alberi per togliergli la vita;goccia a goccia;, altri cuocendo il liquido raccolto per ispessirlo e farne grandi palle.;sg;succession/iteration/distributivity;modifier
goccia a goccia;yes;a;goccia;La sala, ordinata e illuminata, Amalia l'ha riempita di piante ben curate, a decine, coltura idroponica rivestita di una ghiaia sottile e brillante, irrigata con un impianto;goccia a goccia;che fornisce un miscuglio di fertilizzante e sali minerali.;sg;succession/iteration/distributivity;modifier
goccia a goccia;yes;a;goccia;Erano passati vent'anni e la solitudine,;goccia a goccia;, era filtrata in lei.;sg;succession/iteration/distributivity;modifier
goccia a goccia;yes;a;goccia;Sarebbe meglio parlare di irrigazione;goccia a goccia;, quasi indipendente dai meriti dei ricercatori e dal valore del progetto presentato.;sg;succession/iteration/distributivity;modifier
goccia a goccia;yes;a;goccia;Meg Conti scoppiò a piangere, tanta era l'emozione, ma erano lacrime dolci che;goccia a goccia;le lavavano un'antica colpa e le ridavano il desiderio di vivere.;sg;succession/iteration/distributivity;modifier
goccia a goccia;yes;a;goccia;Secondo, meglio usare sistemi di irrigazione;goccia a goccia;, che non quelli a getto nebulizzato inmodoche vi sia un minor consumo d'acqua.;sg;succession/iteration/distributivity;modifier
goccia a goccia;yes;a;goccia;Era solito compiacersi nel centellinare;goccia a goccia;l'esposizione delle proprie opinioni per tenere in sospeso gli ascoltatori.;sg;succession/iteration/distributivity;modifier
goccia a goccia;yes;a;goccia;Grazie a una saracinesca regolata dall'interno dell'edificio, l'acqua della vasca sgorga;goccia a goccia;dalle fauci muschiate di un ippopotamo in pietra.;sg;succession/iteration/distributivity;modifier
goccia a goccia;yes;a;goccia;Nei giorni a venire e nelle notti illuni e nelle notti quando una luna fulgidissima splendeva sopra la terra, il vecchio avrebbe continuato a parlargli, a parlargli,;goccia a goccia;, sassolino su sassolino, petalo dopo petalo.;sg;succession/iteration/distributivity;modifier
goccia a goccia;yes;a;goccia;Il generale si mise a distillare le sue amarezze;goccia a goccia;.;sg;succession/iteration/distributivity;modifier
goccia a goccia;yes;a;goccia;È però forse più pratico procurarsi un buon prodotto, già confezionato in forma di oliatore, con il quale passare,;goccia a goccia;, tutte le maglie della catena.;sg;succession/iteration/distributivity;modifier
goccia a goccia;yes;a;goccia;Quando l'acqua e gli oli hanno la stessa temperatura (tra i 30 - 35 ° C) aggiungete l'acqua;goccia a goccia;emulsionando con il frullino a immersione.;sg;succession/iteration/distributivity;modifier
goccia a goccia;yes;a;goccia;L'acqua, dal canto suo, non scorreva più fluente, ma;goccia a goccia;, Una folla di gocce che se ne andavano mentre Mahdokht pativa.;sg;succession/iteration/distributivity;modifier
goccia a goccia;yes;a;goccia;Senza un ordine preciso, ma, come si dice,;goccia a goccia;, mi giungevano, nell'angosciosa notte successiva alla sua morte i ricordi di quelle impressioni della vita familiare che avevo colto allora.;sg;succession/iteration/distributivity;modifier
goccia a goccia;yes;a;goccia;Spesso il sangue si mette a sgorgare;goccia a goccia;o in modo continuo, iniziando improvvisamente senza una ragione apparente: talvolta i genitori notano solo l'orecchio o il cuscino sporco di sangue.;sg;succession/iteration/distributivity;modifier
goccia a goccia;yes;a;goccia;Circuiti cognitivi che si tenta di riattivare passo dopo passo,;goccia a goccia;, perché «lo sviluppo cognitivo può essere come una botte, che riempi molto velocemente, oppure come una damigiana che ha il collo stretto e va riempita lentamente.;sg;succession/iteration/distributivity;modifier
goccia a goccia;yes;a;goccia;«Be', non spetta a noi ammirare questo centellinare;goccia a goccia;,» rispose Theresa.;sg;succession/iteration/distributivity;modifier
goccia a goccia;yes;a;goccia;"È solo che mi piace sentirti parlare di quando il mare si poteva vedere, di quando ci si poteva entrare dentro; mi piace bere,";goccia a goccia;, quel distillato di saggezza che... --- Il distillato di tua mamma!;sg;succession/iteration/distributivity;modifier
goccia a goccia;yes;a;goccia;Io adesso ve la faccio bere a viso aperto come il fiele,;goccia a goccia;, fino all'ultima goccia.;sg;succession/iteration/distributivity;modifier
gomito a gomito;yes;a;gomito;Così a parità di lavoro svolto, collaboriamo;gomito a gomito;con colleghi che usufruiscono di notevoli incentivi economici.;sg;juxtaposition/contact;modifier
gomito a gomito;yes;a;gomito;Credo di avere già scritto su questo mio diario l'impressione che ho riportato di quella grande birreria monacense dove i bavaresi si affollano intorno a lunghe tables d'hôte,;gomito a gomito;, svergognandosi di salsicce untuose e sorbendosi boccali grandi quanto un tino, uomini e donne, le donne più ridanciane, rumorose e volgari degli uomini.;sg;juxtaposition/contact;modifier
gomito a gomito;yes;a;gomito;Queste cose non le ha mai dette neanche con me che siamo;gomito a gomito;da due anni e mezzo.;sg;juxtaposition/contact;modifier
gomito a gomito;yes;a;gomito;Dal 7 al 10 maggio sono stato in Brasile,;gomito a gomito;con 10 baristi, provenienti da tutto il mondo, selezionati per partecipare a Barista & Farmer, il talent show made in Italy pensato per permettere ai baristi di andare alle origini del prodotto con cui lavora tutti i giorni e di cui è appassionato: il caffè.;sg;juxtaposition/contact;modifier
gomito a gomito;yes;a;gomito;A metà della scala si potrebbero porre invece quelle che mostrano artisti e scienziati lavorare;gomito a gomito;, producendo conoscenze o rappresentazioni reciprocamente utili, come accadeva per esempio agli incisori che si affiancarono ad anatomisti e astronomi da cui dipendono le due grandi rivoluzioni scientifiche della modernità.;sg;juxtaposition/contact;modifier
gomito a gomito;yes;a;gomito;Cosa crede che succeda quando uno della valle di Ossau lavora;gomito a gomito;con uno della valle del Gave?;sg;juxtaposition/contact;modifier
gomito a gomito;yes;a;gomito;All'alba di ieri, su quella carcassa arrivata dritta sulla spiaggia di Le Cannella una delle località di mare più belle di Isola Capo Rizzuto stavano;gomito a gomito;317 persone, per lo più curdi, pakistani e afgani.;sg;juxtaposition/contact;modifier
gomito a gomito;yes;a;gomito;Lavorare durante l'estate, tra giostre, montagne russe e castelli incantati,;gomito a gomito;con i personaggi delle fiabe e con migliaia di turisti, grandi e piccini.;sg;juxtaposition/contact;modifier
gomito a gomito;yes;a;gomito;Per prima cosa ottenne un sostanzioso prestito grazieall'appoggio e alla fiducia di banchieri legati all'agente commerciale di suo padre, poi mandò i commandeurs ai canneti, a lavorare;gomito a gomito;con gli stessi uomini che prima avevano martirizzato e li rimpiazzò con altri meno depravati, ridusse i castighi e assunse un veterinario, che trascorse due mesi a Saint - Lazare cercando di restituire un po 'di salute ai neri.;sg;juxtaposition/contact;modifier
gomito a gomito;yes;a;gomito;Questa baraonda e questo carnevale durarono finoache il Pretore, una sera, al cinema, accesasi la luce, si trovò;gomito a gomito;con un individuo interrogato in carcere quella mattina.;sg;juxtaposition/contact;modifier
gomito a gomito;yes;a;gomito;E non è possibile metterli;gomito a gomito;con le donne gomito a gomito, al lavandino, in un gabinetto.;sg;juxtaposition/contact;modifier
gomito a gomito;yes;a;gomito;Naturalmente certi vecchi quartieri londinesi conservavano le antiche caratteristiche di grande eleganza e ricchezza, ma erano spesso;gomito a gomito;con gli slum più squallidi e più ripugnanti.;sg;juxtaposition/contact;modifier
gomito a gomito;yes;a;gomito;"Sono impazzito per il mercato del pesce di Tokyo, colazione alle quattro di mattina, mangiando ""yakitori"", ""ramen"", sushi,";gomito a gomito;con uno che puzza di pesce perchè lì ci lavora.;sg;juxtaposition/contact;modifier
gomito a gomito;yes;a;gomito;Era la prima volta che mi trovavo;gomito a gomito;con qualcosa o qualcuno di nobile stirpe, la mia famiglia inclusa.;sg;juxtaposition/contact;modifier
gomito a gomito;yes;a;gomito;Non esistono infine uffici: gli impiegati e le segretarie operano;gomito a gomito;"in ""open space"".";sg;juxtaposition/contact;modifier
gomito a gomito;yes;a;gomito;Di fronte al nemico si serrano i ranghi e le file;gomito a gomito;.;sg;juxtaposition/contact;modifier
gomito a gomito;yes;a;gomito;L'unica cosa sopravvissuta, ma desolatamente annerita dal fumo, è la lunga serpentina di marmo in cui i viaggiatori si sedevano;gomito a gomito;per consumare un rapido pasto prima di sperdersi nella regione dei laghi a Est di New York o nelle innumerevoli cittadine incastonate lungo il fiume Hudson, dove la frenesia della città che non dorme mai, nonostante la breve distanza, sembra una cosa remota e incredibile.;sg;juxtaposition/contact;modifier
gomito a gomito;yes;a;gomito;Will (e credo, segretamente, anche Ben) ha sempre invidiato il mio lavoro e il fatto che mi costringa a stare quasi ogni giorno;gomito a gomito;con decine di modelle tutte stupende!;sg;juxtaposition/contact;modifier
gomito a gomito;yes;a;gomito;Ci hanno divisi per evitare problemi, perquanto era possibile, vistoche si camminava tutto il giorno spalla a spalla,;gomito a gomito;, a passi diversi, ma alla stessa velocità, e quando vivi una situazione di fatica e scomodità come quella, con poco cibo e poca acqua e nessun posto dove ripararsi e molto freddo, invece, molto, molto freddo, be', i battibecchi e le risse sono sempre dietro l'angolo, in agguato, e gli accoltellamenti anche, quindi è meglio tenere separate le etnie ostili.;sg;juxtaposition/contact;modifier
gomito a gomito;yes;a;gomito;E se bisognava affrontarlo - bisognava necessariamente affrontarlo - era di certo meglio farlo in gruppo, in questo;gomito a gomito;che ci saldava l'uno all'altro e che era, nell'imminenza del pericolo, come un ultimo rifugio.;sg;juxtaposition/contact;modifier
gomito a gomito;yes;a;gomito;Noi ci auguriamo che tutti i comunisti, dappertutto nel mondo, lottino;gomito a gomito;e si oppongano ad ogni attacco di un paese imperialista contro qualsiasi paese del terzo mondo.;sg;juxtaposition/contact;modifier
gomito a gomito;yes;a;gomito;Cosí si compí il tradimento, progettato e custodito fin dall'arrivo nella città dei folli,;gomito a gomito;con loro, per oltre un anno.;sg;juxtaposition/contact;modifier
gomito a gomito;yes;a;gomito;Ogni volta che il livello del fiume si abbassa e tutti gli alligatori si affollano nei punti più profondi, i rettili si trovano;gomito a gomito;e si mangiano allegramente tra loro.;sg;juxtaposition/contact;modifier
gomito a gomito;yes;a;gomito;Lorenzo, nella sua ingenuità, si era immaginato una vita meravigliosa - di giorno a costruire mattoni, e la sera;gomito a gomito;con i Beatles e a passeggiare a braccetto con Jean Shrimpton o Marianne Faithfull per Carnaby Street.;sg;juxtaposition/contact;modifier
gomito a gomito;yes;a;gomito;Alla Pisacane studiano 87 bambini stranieri su cento, e la percentuale è in crescita: bengalesi, cinesi, romeni, polacchi, colombiani, filippini, algerini, egiziani e italiani imparano;gomito a gomito;«a leggere e scrivere in stampatello e corsivo», e «eseguono le addizioni con 3 numeri», giura un gruppo di genitori in un appello ad altri italiani a iscrivere i loro figli nonostante le continue polemiche.;sg;juxtaposition/contact;modifier
gomito a gomito;yes;a;gomito;Intorno al tavolo non c'erano abbastanza sedie per tutti e così Kenneth dovette stare;gomito a gomito;con Shirley, cosa che invero pareva non dispiacergli affatto.;sg;juxtaposition/contact;modifier
gomito a gomito;yes;a;gomito;Ecco, devono essere nati così questi ultimi due romanzi di famiglia, seguiti da lunghe ore al computer, uno accanto all'altro,;gomito a gomito;, anima ad anima, ogni tanto un sospiro, una lunga occhiata, qualche sorriso di tenerezza perché i due si adorano e si cercano come solo due innamoratini sanno fare, al di là delle loro abbondanti sessanta primavere.;sg;juxtaposition/contact;modifier
gomito a gomito;yes;a;gomito;Mi insegnò a lavorare coi ferri e stavamo lunghe ore in silenzio,;gomito a gomito;, su quelle sedie della cucina che mi dimenticavo di far impagliare.;sg;juxtaposition/contact;modifier
gomito a gomito;yes;a;gomito;Il podestà si era lungamente preparato a sostenere la parte: avrebbe dovuto passare tutta una giornata;gomito a gomito;con la sua antica morosa e con l'altrettanto antico timoniere che gliel'aveva soffiata.;sg;juxtaposition/contact;modifier
gomito a gomito;yes;a;gomito;Emiliano è un pm di prima linea: è stato in Sicilia dove ha lavorato;gomito a gomito;"con Rosario Livatino, il giovane magistrato ucciso dalla mafia; poi a Brindisi dove con una serie di inchieste ha decapitato la mafia pugliese, la Sacra Corona Unita.";sg;juxtaposition/contact;modifier
grado a grado;yes;a;grado;[La scienza politica] chiarisce come scenda la rivelazione da presso Dio,;grado a grado;, fino al primo governante.;sg;succession/iteration/distributivity;modifier
grado a grado;yes;a;grado;Dormo fondo e poi vengo;grado a grado;in superficie, in una specie di ascensione inevitabile da galleggiante di sughero che sale dal fondo melmoso attraverso l'opacità che diventa via via più trasparente fino a proprio sotto il piano argentato tremolante della luce violenta.;sg;succession/iteration/distributivity;modifier
grado a grado;yes;a;grado;Catturato dalle sempre più sottili distinzioni e puntualizzazioni che lo conducono;grado a grado;"verso le profondità del microcosmo, il lettore ha la sorpresa di trovarsi alla fine in un terreno che ha le dimensioni dell'universo e un colore umano inconfondibile: E fortuna d'essermi senza volere trovato quasi solo usufruttuario d'un territorio senza confini, in un mondo spezzettato ormai in tante proprietà private, dove non è più palmo che non sia chiuso da cancelli cinto da filo spinato, ringhioso di cani da guardia; desideroso io solo di qualcosa che nessuno mi disputa, nessuno anzi vede (e se chi passa chiede, alla spiegazione sorride incredulo o commiserante).";sg;succession/iteration/distributivity;modifier
grado a grado;yes;a;grado;Lotto, come molti di noi, con difficoltà economiche, che spero di superare,;grado a grado;.;sg;succession/iteration/distributivity;modifier
guancia a guancia;yes;a;guancia;E ha una canzone del cuore, la canzone che ascoltava da govane quando ballava;guancia a guancia;con Filippo di Grecia, suo futuro sposo, ora Filippo d'Edimburgo e Principe consorte.;sg;juxtaposition/contact;modifier
guancia a guancia;yes;a;guancia;Riuscì ancora a vedere i due uomini, vicini al suo viso, appoggiati l'uno all'altro;guancia a guancia;, che osservavano la fine.;sg;juxtaposition/contact;modifier
guancia a guancia;yes;a;guancia;Nel bridge, esattamente a 1 e 42 secondi primi, la canzone diventa un recitativo, cito letteralmente: Su, vieni più vicino, lasciati andare, è bello stare;guancia a guancia;, no?;sg;juxtaposition/contact;modifier
guancia a guancia;yes;a;guancia;"Azzurro Caltagirone è a un tavolo ""cheek to cheek"",";guancia a guancia;con il pretone.;sg;juxtaposition/contact;modifier
guancia a guancia;yes;a;guancia;Certo che me ne aveva raccontate di cose, e ricordo benissimo che, durante quei quattro giorni si può dire;guancia a guancia;, a ogni nuova confidenza mi si raddoppiavano i brividi lungo la schiena: perché si fidava tanto, perché si era fidata incondizionatamente di me?;sg;juxtaposition/contact;modifier
guancia a guancia;yes;a;guancia;I loro visi si trovarono incollati l'uno all'altro,;guancia a guancia;.;sg;juxtaposition/contact;modifier
guancia a guancia;yes;a;guancia;Me lo accosto al viso, quasi lo tocco con gli occhi, mentre Zot arriva e stiamo;guancia a guancia;a guardarlo, così vicini che i nostri respiri diventerebbero uno solo, se ci riuscisse respirare.;sg;juxtaposition/contact;modifier
guancia a guancia;yes;a;guancia;La tromba è guerresca, angelica, apocalittica, vittoriosa, suona la carica, il sassofono fa ballare bulletti di periferia coi capelli unti di brillantina,;guancia a guancia;con ragazze sudate.;sg;juxtaposition/contact;modifier
guancia a guancia;yes;a;guancia;Alfio per il resto della serata rimase mortificato a guardarla ballare i valzer lenti;guancia a guancia;con Piastrein.;sg;juxtaposition/contact;modifier
guancia a guancia;yes;a;guancia;Primo piano dei due volti - quello scuro di mio figlio e quello chiarissimo di Hans - che,;guancia a guancia;, ridono felici.;sg;juxtaposition/contact;modifier
guancia a guancia;yes;a;guancia;Pereira restò solo al tavolino, sostiene, ordinò un'altra limonata e se la bevve a piccoli sorsi guardando i ragazzi che ballavano lentamente;guancia a guancia;.;sg;juxtaposition/contact;modifier
guancia a guancia;yes;a;guancia;Avrei voluto poter cucinare al mio lui una costata, sapendo che gli piaceva cotta al punto giusto, poter danzare con lui;guancia a guancia;.;sg;juxtaposition/contact;modifier
guancia a guancia;yes;a;guancia;Gli indicò gli aiutanti che si tenevano abbracciati,;guancia a guancia;", con un sorriso che poteva essere umile o ironico; gli indicò tutti costoro come per presentargli un seguito impostogli da particolari circostanze, aspettandosi però - in ciò vi era una certa confidenza, ed era questa a cui egli mirava - che Barnabas distinguesse sempre bene fra lui e loro.";sg;juxtaposition/contact;modifier
guancia a guancia;yes;a;guancia;Vide ancora come i signori vicino al suo viso, accostati;guancia a guancia;, osservavano l'esito.;sg;juxtaposition/contact;modifier
guancia a guancia;yes;a;guancia;Stemmo a lungo insieme, così,;guancia a guancia;.;sg;juxtaposition/contact;modifier
guancia a guancia;yes;a;guancia;Lei e Nina sono ancora sotto la coperta, sedute vicine, quasi;guancia a guancia;, ma non si guardano.;sg;juxtaposition/contact;modifier
guancia a guancia;yes;a;guancia;Pensavo alla sua infanzia e alla sua adolescenza, ai divani ridotti a brandelli e ai materassi masticati, alle fantastiche passeggiate lungo l'Intracoastal e ai balli;guancia a guancia;con lo stereo a tutto volume.;sg;juxtaposition/contact;modifier
muro a muro;yes;a;muro;A Lucas Avenue guardavamo dall'alto in basso quelle disgraziate nei casini di Chestnut o di Market Strect, che stavano;muro a muro;con i teatri di varietà, le case da gioco dove un bullo poteva tentare la fortuna al faro o ad altri giochi, trovare qualsiasi tipo di liquore, e soddisfare qualunque capriccio sessuale.;sg;juxtaposition/contact;modifier
onda a onda;yes;a;onda;Il rumore del mare continuava a coltivare e a vedere crescere,;onda a onda;, il rigoglio del suo disinteresse.;sg;succession/iteration/distributivity;modifier
palmo a palmo;yes;a;palmo;Allora il prete si avvicinò a me e disse che lui quelle montagne le conosceva;palmo a palmo;perché da piccolo con suo padre e sua sorella arrivavano fin lassù.;sg;succession/iteration/distributivity;modifier
palmo a palmo;yes;a;palmo;I tre si sparpagliarono e cominciarono a frugare;palmo a palmo;il terreno.;sg;succession/iteration/distributivity;modifier
palmo a palmo;yes;a;palmo;Gli sarebbero occorsi mesi per rilevarne il tracciato e per esplorarle;palmo a palmo;.;sg;succession/iteration/distributivity;modifier
palmo a palmo;yes;a;palmo;Snocciolata questa sfilza di assurdità Bengal'skij riunì le mani;palmo a palmo;facendo segni di saluto verso la fessura del sipario, che di conseguenza, con un rumore sordo, si aprì.;sg;succession/iteration/distributivity;modifier
palmo a palmo;yes;a;palmo;E invece la sua macchina, accompagnata dai rintocchi della campana di Montecitorio, è arrivata puntualissima sul piazzale della Camera, scrutato;palmo a palmo;dai tiratori scelti appostati sui tetti.;sg;succession/iteration/distributivity;modifier
palmo a palmo;yes;a;palmo;Ufficio che è stato controllato;palmo a palmo;.;sg;succession/iteration/distributivity;modifier
palmo a palmo;yes;a;palmo;Per lui si tratterà di procedere progredendo senza progredire, di lottare;palmo a palmo;contro qualunque forma di dipendenza dal terapeuta, di non dovergli niente, soprattutto di non essergli debitore di un miglioramento del quale preferisce fare a meno piuttosto che pagarlo a quel prezzo.;sg;succession/iteration/distributivity;modifier
palmo a palmo;yes;a;palmo;Il geometra De Palo e il geometra Ranieri vengono sguinzagliati per battere;palmo a palmo;la città sulle loro station wagon.;sg;succession/iteration/distributivity;modifier
palmo a palmo;yes;a;palmo;Moltitudine di prostitute e colori sgargianti, stuoli d'artisti e piaceri del cibo, mio Ludovico, servono a celare spie e sbirri, giudici e inquisitori che;palmo a palmo;scrutano incessanti.;sg;succession/iteration/distributivity;modifier
palmo a palmo;yes;a;palmo;Ovviamente non possiamo battere quella parte del Gargano;palmo a palmo;.;sg;succession/iteration/distributivity;modifier
palmo a palmo;yes;a;palmo;Da quella sera, fino a ieri pomeriggio, carabinieri, polizia e vigili del fuoco hanno continuato a cercare madre e figlio, battendo;palmo a palmo;la zona lungo il fiume e scandagliando le acque del Livenza, che a tratti ha correnti molto forti e profondità dai cinque ai nove metri.;sg;succession/iteration/distributivity;modifier
palmo a palmo;yes;a;palmo;"Dice l'iscrizione ""che esse congiungono le mani";palmo a palmo;""", allegorica immagine che descrive il passaggio da un segno zodiacale a quello precedente, passaggio che avviene nell'equinozio di primavera ogni 2160 anni.";sg;succession/iteration/distributivity;modifier
palmo a palmo;yes;a;palmo;Cominciando a conoscerti, che a Venezia ha aperto la Settimana della Critica e, ora, soggiorna sui nostri schermi conquistandosi;palmo a palmo;il favore del pubblico più attento.;sg;succession/iteration/distributivity;modifier
palmo a palmo;yes;a;palmo;Gli promisi nuove fiere o, in alternativa, un viaggio in cui avremmo battuto;palmo a palmo;il Wisconsin.;sg;succession/iteration/distributivity;modifier
palmo a palmo;yes;a;palmo;Tutte le auto vengono osservate;palmo a palmo;, illuminate da fortissime luci bianche.;sg;succession/iteration/distributivity;modifier
palmo a palmo;yes;a;palmo;A piedi ci rechiamo quindi alla scoperta della parte più antica dell'abitato, nella quale si trova il poderoso castello aragonese, che esploriamo;palmo a palmo;, fra interessanti ambienti di epoca medioevale e vasti panorami sui paesaggi circostanti.;sg;succession/iteration/distributivity;modifier
palmo a palmo;yes;a;palmo;Per individuare le casse di zinco, la polizia batte;palmo a palmo;tutta la basilica, partendo dai sottotetti, scoprendo locali nemmeno mappati nelle cartine catastali, per passare alle stanze che ospitano gli organi, sino a sgabuzzini ricavati vicino alle aule, come quello ispezionato vicino all'attuale aula 201: la coincidenza è interessante, perché la stanza si trova a pochi metri dal quarto piano del palazzo adiacente: proprio la vecchia sede dell'istituto Ludovico da Victoria, la scuola di musica dove Emanuela nel 1983 andava a lezione.;sg;succession/iteration/distributivity;modifier
palmo a palmo;yes;a;palmo;Il litorale tra Ostia e Anzio viene setacciato;palmo a palmo;con i cani.;sg;succession/iteration/distributivity;modifier
palmo a palmo;yes;a;palmo;Lui, quando ancora Bossi studiava alla Scuola Radio Elettra, batteva;palmo a palmo;le province di Verona, Vicenza e Treviso per diffondere il verbo della Serenissima.;sg;succession/iteration/distributivity;modifier
palmo a palmo;yes;a;palmo;"La tensione del Franco Cacciatore viene condotta al diapason, allorché l'agens deve unirsi alla ""generale Caccia"" alla Bestia, e batte accanitamente,";palmo a palmo;, l'intrico della macchia.;sg;succession/iteration/distributivity;modifier
palmo a palmo;yes;a;palmo;Non venendo, l'italiano aveva agito in modo tanto ragionevole quanto scortese, non si sarebbe visto nulla, ci si sarebbe dovuti accontentare di esplorare;palmo a palmo;alcuni quadri con la lampadina tascabile di K.;sg;succession/iteration/distributivity;modifier
palmo a palmo;yes;a;palmo;Siccome la domestica non le aveva detto dov'era stata morsa, le alzò la camiciola e la esaminò;palmo a palmo;, seguendo con la luce la treccia di penitenza che teneva avvolta intorno al corpo come una coda di leone.;sg;succession/iteration/distributivity;modifier
palmo a palmo;yes;a;palmo;Se già non lo si è fatto sarebbe bene ripassare;palmo a palmo;i bordi misti e le aiuole per ripulire il terreno dai cespi marcescenti o secchi.;sg;succession/iteration/distributivity;modifier
palmo a palmo;yes;a;palmo;Tutta l'area è stata immediatamente interdetta e i carabinieri la stanno ispezionando;palmo a palmo;alla ricerca di altri indizi utili all'indagine.;sg;succession/iteration/distributivity;modifier
palmo a palmo;yes;a;palmo;Quelli dell'NGA disponevano di migliaia di immagini scattate dai droni e dai satelliti, e conoscevano praticamente;palmo a palmo;l'intera area esterna del compound.;sg;succession/iteration/distributivity;modifier
palmo a palmo;yes;a;palmo;Per ore e ore hanno battuto la zona;palmo a palmo;.;sg;succession/iteration/distributivity;modifier
palmo a palmo;yes;a;palmo;La ragazza, piuttosto pallida ed esile, controllò;palmo a palmo;l'indumento alla ricerca di eventuali macchie, verificò le cuciture e gli orli, poi la drappeggiò attorno alle sue spalle e sul braccio sinistro e curò le pieghe una per una come se stesse rivestendo il suo padrone.;sg;succession/iteration/distributivity;modifier
palmo a palmo;yes;a;palmo;Ma le guerre non si vincono né in aria né sull'acqua, si vincono sulla terra,;palmo a palmo;, uomo contro uomo.;sg;succession/iteration/distributivity;modifier
palmo a palmo;yes;a;palmo;In questo modo, i vari eserciti impegnati nella ricerca del tesoro alchemico si sono visti costretti a perlustrare i boschi;palmo a palmo;, sprecando tutta la notte in una lunga serie di appostamenti e di perquisizioni.;sg;succession/iteration/distributivity;modifier
palmo a palmo;yes;a;palmo;"Il ""settore del mattone"" continua ad avere fame di venditori per conquistare";palmo a palmo;città e province.;sg;succession/iteration/distributivity;modifier
pezzo a pezzo;yes;a;pezzo;Quello ottocentesco, in granito scuro, è stato smontato;pezzo a pezzo;e rivenduto agli americani nel 1968, i quali l'hanno rimesso in piedi nel deserto dell'Arizona.;sg;succession/iteration/distributivity;modifier
pezzo a pezzo;yes;a;pezzo;La reazione degli studenti a quella che si presenta come una controriforma della scuola il cui senso principale è smontare;pezzo a pezzo;la riforma precedente è stata dapprincipio disordinata e scomposta, come si addice ai sedicenni.;sg;succession/iteration/distributivity;modifier
pezzo a pezzo;yes;a;pezzo;Fu solo nei mesi successivi che quella barriera, ormai ridotta a monumento di una frontiera che divideva in due una metropoli e un popolo, venne;pezzo a pezzo;sbriciolata.;sg;succession/iteration/distributivity;modifier
pezzo a pezzo;yes;a;pezzo;Salviamola, finché siamo ancora in tempo, dai barbari che l'hanno invasa e spolpata;pezzo a pezzo;.;sg;succession/iteration/distributivity;modifier
pezzo a pezzo;yes;a;pezzo;E vabbè, ma che significa, che la riforma Fornero resterà così com'è o verrà smontata;pezzo a pezzo;?;sg;succession/iteration/distributivity;modifier
pezzo a pezzo;yes;a;pezzo;E questa non dovrebbe essere la terra sulla quale volendo, volendo e stravolendo tutto si può fare, allora vada a inseguirsi in cielo, volenterosamente vada a ricomporsi;pezzo a pezzo;.;sg;succession/iteration/distributivity;modifier
pezzo a pezzo;yes;a;pezzo;Drogo lo indossò e si guardò;pezzo a pezzo;nel piccolo specchio della propria stanza.;sg;succession/iteration/distributivity;modifier
pezzo a pezzo;yes;a;pezzo;Taglienti come affilati bisturi, ci eravamo sezionate a vicenda,;pezzo a pezzo;.;sg;succession/iteration/distributivity;modifier
pezzo a pezzo;yes;a;pezzo;Si era riparato in fondo al terrazzo, sotto a un pergolato che il vento stava portandosi via;pezzo a pezzo;, e tutt'insieme non solo il fumo gli si era parato davanti, ma bello e chiaro tutto il vapore, così vicino dentro la lente del cannocchiale che a momenti si vedevano i peli del naso a quelli di bordo.;sg;succession/iteration/distributivity;modifier
pezzo a pezzo;yes;a;pezzo;E il vaso se ne va,;pezzo a pezzo;.;sg;succession/iteration/distributivity;modifier
pezzo a pezzo;yes;a;pezzo;"Quest'ultimo è l'aspetto più singolare del traffico """;pezzo a pezzo;""".";sg;succession/iteration/distributivity;modifier
pezzo a pezzo;yes;a;pezzo;A questo punto, dice Picierno, «poiché, come è nello spirito della Convenizone di Istanbul, la piena uguaglianza è la chiave per prevenire la violenza, bisogna agire;pezzo a pezzo;: ad esempio adesso concentrarsi per conquistare la sulla parità salariale, che in Europa ha tutt'ora un dislivello del 16 per cento tra uomini e donne».;sg;succession/iteration/distributivity;modifier
pixel a pixel;yes;a;pixel;Per poter essere rilette in formato tridimensionale, le immagini devono essere scritte sullo schermo interallacciate;pixel a pixel;: la separazione ottica delle due immagini avviene a caricod elle microlenti.;sg;succession/iteration/distributivity;modifier
pixel a pixel;yes;a;pixel;"""Quando si esegue la rilevazione di contorni su un'immagine con tecniche di elaborazione attualmente disponibili lo si fa in maniera digitale,";pixel a pixel;""", ha spiegato il Prof.";sg;succession/iteration/distributivity;modifier
poro a poro;;a;poro;L'avrei presa invece a lei la sbrodolona e rivoltata proprio dall'interno per poi estrarle tutto quell'olio e leccarlo;poro a poro;tutto quell'olio sbrodolone…;sg;succession/iteration/distributivity;modifier
porta a porta;yes;a;porta;L'Ambiente oggi cerca 20 distributori (uno per ogni regione) più venditori;porta a porta;in tutta Italia.;sg;succession/iteration/distributivity;modifier
porta a porta;yes;a;porta;Ciò si manifesta anche con la tendenza - si veda a proposito la legge sull'equo canone, sui contratti;porta a porta;", sul credito al consumo, sulla subfornitura e sulla multiproprietà - a non creare nuove figure contrattuali ma a regolare I ""rapporti economici"" fissando requisiti minimi del testo negoziale.";sg;succession/iteration/distributivity;modifier
porta a porta;yes;a;porta;Ma Davi suggerisce, se la vicenda Unipol dovesse monopolizzare tv e giornali nazionali ancora per mesi, di fare una campagna;porta a porta;: «Rinunciare a fare di Rai3 una rete militante, preferire interviste ai giornali e alle tv locali, tanta radio, non solo nelle emittenti di sinistra, comizi».;sg;succession/iteration/distributivity;modifier
porta a porta;yes;a;porta;Ma l'azienda cremonese ha bisogno anche di venditori;porta a porta;.;sg;succession/iteration/distributivity;modifier
porta a porta;yes;a;porta;Un trucchetto che mi ha insegnato un mio ex che faceva vendite;porta a porta;non so più di cosa.;sg;succession/iteration/distributivity;modifier
porta a porta;yes;a;porta;Nella prefazione ho accennato al piccolo libro Dame al Macao di Alberto Arduini, raffinatissimo antiquario romano con negozio prima in via Frattina, poi in piazza di Spagna;porta a porta;con la KeatsShelley Memorial.;sg;succession/iteration/distributivity;modifier
porta a porta;yes;a;porta;"Si tratta di vendere questi prodotti attraverso il multilevel marketing, la cosiddetta distribuzione """;porta a porta;""" che funziona attraverso un efficace passa - parola e che permette di guadagnare anche su ogni persona che si riesce a reclutare.";sg;succession/iteration/distributivity;modifier
porta a porta;yes;a;porta;Oltre agli immancabili call center con contratti a provvigione, tra i casi studiati verranno analizzati i pericoli che si celano nelle offerte per gli impieghi classici, «a domicilio e;porta a porta;"»; ma anche per i lavori che un tempo erano considerati anomali, ma che oggi sono fonte di guadagno per moltissimi giovani, come «quelli che prevedono un corso di formazione a pagamento iniziale, troppo spesso inutile e carissimo».";sg;succession/iteration/distributivity;modifier
porta a porta;yes;a;porta;Dopo anni passati prima come venditore;porta a porta;di assicurazioni e di calzature per donne, poi come comparsa in film e serie televisive dimenticabili come Il ritorno dei pomodori assassini e Baby talk, questo è il suo momento.;sg;succession/iteration/distributivity;modifier
porta a porta;yes;a;porta;La sua storia di origini americane risale agli Anni 40 quando fu adottata dai ragazzi che consegnavano i quotidiani;porta a porta;.;sg;succession/iteration/distributivity;modifier
porta a porta;yes;a;porta;Anziché sostenere la lobby dell'incenerimento Orlando promuova la riduzione dei rifiuti, la raccolta;porta a porta;(abolendo la Tares come chiesto dal M5S con proposte parlamentari), costruzioni di centri riciclo e compostaggio, sistemi alternativi all'incenerimento e alla discarica, in linea con l'Europa!;sg;succession/iteration/distributivity;modifier
porta a porta;yes;a;porta;Il suo quarto marito le passava a quelli che le vendevano;porta a porta;.;sg;succession/iteration/distributivity;modifier
porta a porta;yes;a;porta;I Giuliano sembrano un clan giunto al capolinea, lentamente emerso dalla miseria, dal contrabbando alle puttane, dalla gestione dell'estorsione;porta a porta;ai rapimenti.;sg;succession/iteration/distributivity;modifier
porta a porta;yes;a;porta;Suo padre faceva il rappresentante;porta a porta;per la Rawleigh, un'azienda di prodotti per la casa.;sg;succession/iteration/distributivity;modifier
porta a porta;yes;a;porta;Profumino invadente di tabaccaio di lusso spacciato per raro oggetto di profumeria, qui la tirchieria è di casa, roba che ti intontisce l'olfatto, venditrice di bigiotteria;porta a porta;o casalinga con marito assente, fa tante telefonate ad amiche che fanno anche loro tante telefonate.;sg;succession/iteration/distributivity;modifier
porta a porta;yes;a;porta;"In particolare, anche in Italia ci sono esperienze straordinarie a riguardo, conta la raccolta differenziata """;porta a porta;""", domiciliarizzata, portare il servizio vicino alle famiglie.";sg;succession/iteration/distributivity;modifier
porta a porta;yes;a;porta;Alla quale vanno aggiunti ancora un sindacato (Domina: organizzazione dei datori di lavoro domestico), un patronato (Informafamiglia), una società (Rete - Rete) per vendite;porta a porta;.;sg;succession/iteration/distributivity;modifier
porta a porta;yes;a;porta;La brochure patinata del venditore;porta a porta;mostrava campi da golf verdissimi e piscine, ma tutto quello che il bambino vede è terra da cimitero e qualche lattina arrugginita.;sg;succession/iteration/distributivity;modifier
porta a porta;yes;a;porta;15 giovani intraprendenti, anche senza esperienza, hanno la possibilità di entrare a far parte dell'organizzazione commerciale come incaricati alla vendita;porta a porta;, pagati a provvigioni.;sg;succession/iteration/distributivity;modifier
porta a porta;yes;a;porta;Scompariranno le sue leggendarie ma costose campagne per il finanziamento, durante le quali migliaia di militanti stipendiati raccoglievano soldi e firme;porta a porta;.;sg;succession/iteration/distributivity;modifier
porta a porta;yes;a;porta;"Un altro vantaggio per i broker è che i potenziali clienti ""visitano"" l'immobile online, liberando il professionista dall'onere di condurre";porta a porta;gli acquirenti interessati.;sg;succession/iteration/distributivity;modifier
porta a porta;yes;a;porta;Annunci del genere, sui giornali italiani, ormai riguardano solo i venditori di enciclopedie;porta a porta;.;sg;succession/iteration/distributivity;modifier
porta a porta;yes;a;porta;Al via la raccolta differenziata a Molini, Girola e Valtenna Mercoledì 18 dicembre inizia il nuovo servizio di raccolta differenziata -;porta a porta;nei quartieri Molini, Girola e Valtenna.;sg;succession/iteration/distributivity;modifier
porta a porta;yes;a;porta;Nel 2002 è tra i tecnici che collaborano all'attivazione della raccolta;porta a porta;in alcuni Comuni della Provincia di Torino.;sg;succession/iteration/distributivity;modifier
porta a porta;yes;a;porta;Poi i certificati verranno consegnati ai vigili che incominceranno la distribuzione;porta a porta;.;sg;succession/iteration/distributivity;modifier
porta a porta;yes;a;porta;Un libro del 2015 aveva riassunto in questa tabella il rapporto costi POTH benefici delle varie tattiche da mettere in moto per portare qualcuno a votare, dalla campagna;porta a porta;(31 dollari per voto) alle telefonate dei volontari (35 dollari per voto).;sg;succession/iteration/distributivity;modifier
porta a porta;yes;a;porta;Quando si riprese, Ron andò a vendere;porta a porta;i prodotti della Rawleigh come suo padre.;sg;succession/iteration/distributivity;modifier
porta a porta;yes;a;porta;"La consistenza della voce ""altre attività"" (28,9%: include ""altri settori produttivi"", ""attività specifiche d'impresa"", ""maneggi e scuderie"", ""consegna";porta a porta;""", altre attività residuali o non codificate) è il riflesso della storia del lavoro accessorio, all'origine destinato ad ambiti oggettivi di impiego circoscritti (quindi codificabili), negli anni progressivamente ampliati, fino alla riforma contenuta nella legge 92 del 2012 che permette di fatto l'utilizzo di lavoro accessorio per qualsiasi tipologia di attività.";sg;succession/iteration/distributivity;modifier
porta a porta;yes;a;porta;Entro fine anno il vetro si raccoglierà;porta a porta;.;sg;succession/iteration/distributivity;modifier
porta a porta;yes;a;porta;Così, cominciò a vendere polivitaminici;porta a porta;.;sg;succession/iteration/distributivity;modifier
punto a punto;yes;a;punto;Da quel momento si va avanti;punto a punto;.;sg;succession/iteration/distributivity;modifier
punto a punto;yes;a;punto;A sfidarlo sarà Nicolas Almagro, protagonista di un emozionante partita;punto a punto;contro il brasiliano Bellucci.;sg;succession/iteration/distributivity;modifier
punto a punto;yes;a;punto;Dall'analisi delle piste è probabile che il mondiale piloti si sviluppi con una battaglia;punto a punto;.;sg;succession/iteration/distributivity;modifier
punto a punto;yes;a;punto;Per quale motivo la Kinder perde tanti finali di partita;punto a punto;?;sg;succession/iteration/distributivity;modifier
punto a punto;yes;a;punto;La formazione neroarancione ha deluso nuovamente fuori casa, perdendo per 70-68 dopo un match giocato;punto a punto;.;sg;succession/iteration/distributivity;modifier
punto a punto;yes;a;punto;E'stata una partita intensa, vissuta a giocata;punto a punto;.;sg;succession/iteration/distributivity;modifier
ruota a ruota;yes;a;ruota;E poi - fra gli altri - Piero Ferrari, Lauda, Forghieri, Prost, Todt, Arnoux, che rievoca il duello;ruota a ruota;con Gilles Villeneuve nel Gran Premio di Francia, duello documentato da una sequenza mozzafiato.;sg;juxtaposition/contact;modifier
ruota a ruota;yes;a;ruota;Fuori le due Red Bull dopo il secondo giro: Ricciardo si ferma a bordo pista per un problema elettronico, Verstappen buca dopo un;ruota a ruota;con Lewis, ed è costretto ad arrendersi.;sg;juxtaposition/contact;nominal
settimana a settimana;yes;a;settimana;Se tu non dai la qualità;settimana a settimana;, purtroppo queste grandi piattaforme, con tutto il rispetto perché è un mercato, ti trattano non come un dipendente a tempo indeterminato ma come un contratto a ore.;sg;succession/iteration/distributivity;modifier
spalla a spalla;yes;a;spalla;Proprio mentre i piloti dei jet americani e inglesi,;spalla a spalla;", scaricano ogni giorno bombe su Saddam e schivano il fuoco della sua contraerea, in una marziale conferma della storica ""relazione speciale"" tra i due paesi, l'ambasciatore americano a Londra è stato convocato al ministero del commercio per ricevere una ferma e ufficiale protesta del governo di Tony Blair.";sg;juxtaposition/contact;modifier
spalla a spalla;yes;a;spalla;Qualunque cosa accadrà, siete nel palmo della stessa mano, e anziché tenere Dina fuori dai tuoi progetti migliori, dovreste camminare;spalla a spalla;finché il Cielo ve ne darà la possibilità.;sg;juxtaposition/contact;modifier
spalla a spalla;yes;a;spalla;Si trovavano ora di fronte la falange dei pezeteri e quella dei mercenari di Memnone, che continuavano ad avanzare compatti,;spalla a spalla;, protetti dai grandi scudi convessi, i volti coperti dalle celate corinzie.;sg;juxtaposition/contact;modifier
spalla a spalla;yes;a;spalla;Questi pensieri mi agitavano mentre;spalla a spalla;con i miei compagni muti attendevo i colpi di fischietto degli ufficiali per superare il parapetto e inoltrarmi in quell'orribile scabro e tormentato deserto innanzia me.;sg;juxtaposition/contact;modifier
spalla a spalla;yes;a;spalla;Torino, Rifondazione apre a Castellani L'ex ministro Costa corre per il Polo,;spalla a spalla;con il sindaco.;sg;juxtaposition/contact;modifier
spalla a spalla;yes;a;spalla;Solo cosí ho potuto fare quello che ho fatto, vivendo;spalla a spalla;con il teologo di corte, giorno dopo giorno, sul sentiero che portava alla rovina.;sg;juxtaposition/contact;modifier
spalla a spalla;yes;a;spalla;Tutto sommato, l'Italia, partita tardi, ha recuperato, piazzandosi dietro la Germania e;spalla a spalla;con gli inglesi.;sg;juxtaposition/contact;modifier
spalla a spalla;yes;a;spalla;Alessandro diede il segnale e tutti i destrieri si lanciarono al galoppo sfrenato,;spalla a spalla;, testa a testa nella pianura deserta: sembravano furie infernali partorite dall'Ade.;sg;juxtaposition/contact;modifier
spalla a spalla;yes;a;spalla;Fuori c'erano i fiorai profumati e i mendicanti storpi,;spalla a spalla;: e solo a guardarli s'allargava in me la confusione della vita.;sg;juxtaposition/contact;modifier
spalla a spalla;yes;a;spalla;Era per vendicarsi di una condanna ingiusta che aveva combattuto;spalla a spalla;con quegli stessi Uberti che a Campaldino militavano tra le file nemiche o quella alleanza, che soltanto pochi mesi prima gli sarebbe sembrata contro natura, aveva una più profonda e nobile giustificazione?;sg;juxtaposition/contact;modifier
spalla a spalla;yes;a;spalla;Le teste giganti dei candidati sorridono a gara, e Galerio dice che sembrano mostri, mostri che sorgono;spalla a spalla;dalle viscere della terra.;sg;juxtaposition/contact;modifier
spalla a spalla;yes;a;spalla;Entrambi in passato hanno lavorato;spalla a spalla;come aggiunti a Palermo.;sg;juxtaposition/contact;modifier
spalla a spalla;yes;a;spalla;Ci hanno divisi per evitare problemi, per quanto era possibile, visto che si camminava tutto il giorno;spalla a spalla;, gomito a gomito, a passi diversi, ma alla stessa velocità, e quando vivi una situazione di fatica e scomodità come quella, con poco cibo e poca acqua e nessun posto dove ripararsi e molto freddo, invece, molto, molto freddo, be', i battibecchi e le risse sono sempre dietro l'angolo, in agguato, e gli accoltellamenti anche, quindi è meglio tenere separate le etnie ostili.;sg;juxtaposition/contact;modifier
spalla a spalla;yes;a;spalla;Marco andò all'unico tavolino libero, sul fondo, e quando finalmente si sedette con la schiena al muro si ritrovò in pratica;spalla a spalla;con due avventori, entrambi assorti nella lettura del giornale e quindi apparentemente disinteressati a lui.;sg;juxtaposition/contact;modifier
spalla a spalla;yes;a;spalla;Tutti gli oranti si trovano ad agire;spalla a spalla;nel modo più disciplinato, indipendentemente da ogni considerazione di tipo mondano.;sg;juxtaposition/contact;modifier
spalla a spalla;yes;a;spalla;Si profila dunque una volata;spalla a spalla;che probabilmente si concluderà con il ballottaggio del 23 ottobre prossimo.;sg;juxtaposition/contact;modifier
spalla a spalla;yes;a;spalla;Poi, furono costretti a fermarsi quando un contingente delle truppe di Sua Maestà Tenebrosa, in fila;spalla a spalla;, arrivò a passo di marcia lungo la strada.;sg;juxtaposition/contact;modifier
spalla a spalla;yes;a;spalla;Compiuta la spettacolare manovra lanciarono di nuovo al galoppo i loro animali,;spalla a spalla;, testa a testa, lasciandosi dietro una densa nuvola di polvere, e si arrestarono in brevissimo spazio davantial principe.;sg;juxtaposition/contact;modifier
spalla a spalla;yes;a;spalla;Al congresso di Torino, abbiamo visto;spalla a spalla;le seguenti sotto - parrocchie dei Ds: ulivisti puri, miglioristi superstiti, veltroniani, dalemiani, pontieri, sinistra tenera, sinistra dura, laburisti, cristianosociali, sinistra repubblicana, comunisti unitari e, dulcis in fundo, riformatori per l'Europa.;sg;juxtaposition/contact;modifier
spalla a spalla;yes;a;spalla;"Se deciderete di passare un po 'di tempo davantiallo schermo """;spalla a spalla;""" con qualche bambino, scoprirete che i bambini, anche molto piccoli, hanno un rapporto naturale con il computer: un legame affettivo, che li porta immediatamente a un contatto diretto, proprio come con il fluire della lingua materna.";sg;juxtaposition/contact;modifier
spalla a spalla;yes;a;spalla;L'uomo al centro era attorniato da due che lo tenevano avviluppato a loro sottobraccio, gli altri affiancati procedevano;spalla a spalla;come a formare un muro invalicabile a protezione del personaggio.;sg;juxtaposition/contact;modifier
spalla a spalla;yes;a;spalla;Arrivo di corsa e trovo Gabriel e Nick,;spalla a spalla;, che aspettano.;sg;juxtaposition/contact;modifier
spalla a spalla;yes;a;spalla;Con due o tre passi si è avvicinata a Vera, è;spalla a spalla;con lei, si è piazzata davantiall'obiettivo con un'espressione severa, compunta.;sg;juxtaposition/contact;modifier
spalla a spalla;yes;a;spalla;La maggior parte dei dirigenti è lì, a lavorare;spalla a spalla;con l'imprenditore.;sg;juxtaposition/contact;modifier
spalla a spalla;yes;a;spalla;Se per decenni si sono vicendevolmente ignorate, Italia e Albania sono oggi;spalla a spalla;.;sg;juxtaposition/contact;modifier
spalla a spalla;yes;a;spalla;La privacy era minima, i detenuti erano praticamente;spalla a spalla;e Ron non rispettava gli spazi.;sg;juxtaposition/contact;modifier
spalla a spalla;yes;a;spalla;E ci si sente intrappolati,;spalla a spalla;, i due uomini le esaminavano.;sg;juxtaposition/contact;modifier
spalla a spalla;yes;a;spalla;I sondaggi ufficiali (finchè si potevano rendere pubblici) e quelli ufficiosi li danno;spalla a spalla;, con una quota tra il 25 e il 30 % dei consensi al primo turno.;sg;juxtaposition/contact;modifier
spalla a spalla;yes;a;spalla;Sono addestrati per il campo di battaglia, per stare;spalla a spalla;dietro gli scudi, con la lancia protesa davanti a sé.;sg;juxtaposition/contact;modifier
spalla a spalla;yes;a;spalla;E al fatto che i due abbiano lavorato;spalla a spalla;per cinque anni alla V Commissione di Bilancio (il primo come funzionario e segretario, il secondo come presidente), prima che Cabras - figlio di Paolo, a lungo parlamentare della Dc - diventasse nel 2014 capo di gabinetto di Fabrizio Saccomanni al ministero dell'Economia.;sg;juxtaposition/contact;modifier
spalle a spalle;yes;a;spalle;Ma almeno gli diede soddisfazione e distrasse i Ra'zac abbastanza a lungo da permettergli di correre da Roran e mettersi;spalle a spalle;col cugino.;sg;juxtaposition/contact;modifier
testa a testa;yes;a;testa;"Lei, liberandosi, mi accarezzò la guancia; eravamo appoggiati di fianco al finestrino e,";testa a testa;, con la fronte appoggiata al vetro vedevamo correre veloci le nostre due ombre vicine, proiettate sulla campagna.;sg;juxtaposition/contact;modifier
testa a testa;yes;a;testa;Seduti a un tavolino erano;testa a testa;il luminare di Oxford e il cameriere, l'instancabile cercatore della tomba, sorbendo una tazza di tè.;sg;juxtaposition/contact;modifier
testa a testa;yes;a;testa;Giovanissime, con le treccine e gli occhialetti, stanno chine sui quaderni,;testa a testa;insieme ai loro studenti: quelli incapaci di tenere il passo della grande macchina alla conquista del pianeta.;sg;juxtaposition/contact;modifier
testa a testa;yes;a;testa;Banga salì subito sul letto con lui, si sdraiò lì accanto,;testa a testa;, e il procuratore, con una mano sul collo dell'animale, chiuse finalmente gli occhi.;sg;juxtaposition/contact;modifier
uscio a uscio;yes;a;uscio;Erano nati a distanza di pochi giorni l'uno dall'altro e da generazioni le loro famiglie abitavano, come si dice da queste parti,;uscio a uscio;e così i due soci erano cresciuti assieme, assieme erano andati a scuola, quattro chilometri all'andata e quattro al ritorno, sotto il sole, con la neve o con la pioggia.;sg;juxtaposition/contact;modifier
viso a viso;yes;a;viso;e lo dirò poi Sonia,;viso a viso;e non in presenza di paparino.;sg;juxtaposition/contact;modifier
viso a viso;yes;a;viso;E poi magari la madre va via piangendo a tutto spiano ma almeno l'ha abbracciata, ha saputo che sta bene:;viso a viso;.;sg;juxtaposition/contact;modifier
volta a volta;yes;a;volta;Ciò non sembra sufficiente per rispondere in modo adeguato a quanto mostrato dagli studi di storia della scienza: ovvero che gli scienziati non si comportano affatto secondo gli standard metodologici;volta a volta;avanzati.;sg;succession/iteration/distributivity;modifier
volta a volta;yes;a;volta;Una ulteriore complicazione dello schema risulterebbe se considerassimo come i destinatari grammaticali delle ottave dei poeti possano essere;volta a volta;, e anche nella medesima ottava, il proprio antagonista o il pubblico medesimo.;sg;succession/iteration/distributivity;modifier
volta a volta;yes;a;volta;Questa è dunque divisibile in due tetrastici ben distinti, distinzione che facilita il compito di anticipazione e ricerca del poeta, il quale ha ache vedere;volta a volta;con una forma strofaica più breve di quella relativamente lunga dell'ottava.;sg;succession/iteration/distributivity;modifier
volta a volta;yes;a;volta;Roberto non capiva se essa, per disattenzione,;volta a volta;gli attribuisse i detti e i fatti di un altro, oppure lo provocasse con civetteria.;sg;succession/iteration/distributivity;modifier
volta a volta;yes;a;volta;Piuttosto sulla capacità di costruirsi sul dialogo (e sul conflitto) con i luoghi, con le condizioni, con l'altro e di proporre,;volta a volta;a partire da essi, l'emersione di una verità: limitata, provvisoria e specifica quanto universale nelle sue intenzionalità.;sg;succession/iteration/distributivity;modifier
volta a volta;yes;a;volta;I suoi attori, ancora stancamente presenti, si scagliano;volta a volta;contro il sistema della partitocrazia, contro il regime del Caf, contro un sistema imprenditoriale arretrato, contro un mondo dell'informazione che ha preferito distorcere il suo prodotto (ma c'è chi preferisce considerarlo un servizio) al di là del lecito, contro l'organizzazione statale: tutti elementi indubbiamente intrecciati, ma ciascuno dotato anche di vita propria e di inesauribili capacità di sopravvivere alla sua stessa pubblica sconfessione.;sg;succession/iteration/distributivity;modifier
volta a volta;yes;a;volta;I contributi alla comune cultura europea possono essere;volta a volta;preziosissimi come nel caso della libreria di Jim Stirling nei giardini della Biennale di Venezia o invece di una disarmante superficialità come nelcaso del progetto vincitore della nuova uscita del museo degli Uffizi a Firenze.;sg;succession/iteration/distributivity;modifier
volta a volta;yes;a;volta;Nelle regole probatorie legali, infatti si riscontra un fondamento che può essere sia epistemologico che politico,;volta a volta;"prevalendo l'esigenza di determinare esplicitamente un metodo per ""guidare il giudice alla ricerca"" (art. 103 197 c. p. p.).";sg;succession/iteration/distributivity;modifier
volta a volta;yes;a;volta;Chiarite le tappe di questo itinerario, resta solo da comprendere,;volta a volta;, a quale di esse si trovi un'anima, quale stadio di sviluppo abbia raggiunto una comunità o un popolo, per partire da ciò che hanno compreso e condurli, secondo i tempi di crescita stabiliti da Dio, alla pienezza della conoscenza divina.;sg;succession/iteration/distributivity;modifier
volta a volta;yes;a;volta;Ma quella virtualità che connota la realtà televisiva e rende la tv,;volta a volta;, spettacolare, ingannatrice, sedativa, omologante, esorcizzante, evasiva, legittimante, vicaria, è anche dovuta alla nostra virtualità crescente.;sg;succession/iteration/distributivity;modifier
volta a volta;yes;a;volta;Mangi, beva, dorma, suoni, lavori o vada a spasso con la sua splendida ragazza tunisina, qualunque cosa faccia, non sopporta di essere distratto da ciò in cui,;volta a volta;, è impegnato.;sg;succession/iteration/distributivity;modifier
volta a volta;yes;a;volta;Ognuna delle due diverse soluzioni presenta vantaggi e limiti: nella prima ipotesi può essere più agevolmente perseguita una politica criminale che concentri;volta a volta;"i propri obbiettivi sui fatti ritenuti più importanti, trascurando gli altri; nella seconda è più agevole assicurare che non si sottraggano al codice penale quanti hanno la possibilità di influire sulle scelte politiche.";sg;succession/iteration/distributivity;modifier
volta a volta;yes;a;volta;Quanto al corpo, nonostante tanta tradizione del pensiero occidentale (e talvolta, del migliore, come quello di Platone dello stupendo Fedone) sia stata avvezza a pensarlo,;volta a volta;, come tomba dell'anima o come semplice strumento dell'anima stessa, è pur vero che altre tradizioni, ad esempio orientali, si sono profuse a sottolineare che il corpo è come un tempio, in cui l'esperienza multiforme del mondo celebra, istante dopo istante, i propri riti.;sg;succession/iteration/distributivity;modifier
volta a volta;yes;a;volta;Un agente di cambio, un venditore, una segretaria, un dirigente delle ferrovie, un professore universitario, un direttore d'albergo, devono;volta a volta;offrire un tipo di personalità diverso che, indipendentemente dalle differenze tra l'una e l'altra, deve rispondere sempre a una condizione: essere richiesto.;sg;succession/iteration/distributivity;modifier
volta a volta;yes;a;volta;Di lì, stringendo di nuovo con forza, la mano ripartiva verso il basso dell'asta, tendendo il prepuzio,;volta a volta;strangolando la carne tumescente o allentando la stretta, sfiorando appena la mucosa o molestandola, massaggiando con grandi movimenti del polso oppure tormentando con brevi colpi senza pietà... Il glande, raddoppiato di volume, si infuocava e sembrava ad ogni istante sempre più prossimo a esplodere.;sg;succession/iteration/distributivity;modifier
volta a volta;yes;a;volta;Una sua vanteria, immagino, di poter recitare;volta a volta;la parte del defensor fidei e dell'avvocato del diavolo, facendosi apologista ora dei carabinieri, ora dei lestofanti.;sg;succession/iteration/distributivity;modifier
volta a volta;yes;a;volta;Quindi il contratto collettivo si è affermato nella realtà concreta della gestione dei rapporti di lavoro o per forza propria ovvero in ragione dei rinvii;volta a volta;operati dal legislatore.;sg;succession/iteration/distributivity;modifier
volta a volta;yes;a;volta;"Sono anche, e qui Isnenghi non potrebbe essere più esplicito, coloro che entrano in azione ""ogni volta che risuona un richiamo di guerra, contro un qualsiasi nemico esterno, sia";volta a volta;Gheddafi, Saddam o Milosevic.;sg;succession/iteration/distributivity;modifier
volta a volta;yes;a;volta;Emma (Iaia Forte) e Salvatore, denominato;volta a volta;Sal o Tore (Tommaso Ragno), sono una coppia in crisi che tenta di riattizzare il fuoco recitando - ad uso privato - il proprio rapporto.;sg;succession/iteration/distributivity;modifier
volta a volta;yes;a;volta;Di questo l'esperienza interiore, il mio sentirmi si fa;volta a volta;avvertito.;sg;succession/iteration/distributivity;modifier
volta a volta;yes;a;volta;Per questo uomini non sprovveduti hanno pensato, nel corso dei secoli, ai Signori o al Re del Mondo, forse non una persona fisica, un ruolo, un ruolo collettivo, l'incarnazione;volta a volta;provvisoria di una Intenzione Stabile.;sg;succession/iteration/distributivity;modifier
volta a volta;yes;a;volta;In fondo, la crisi dell'università è il prodotto di due silenzi: uno è quello,;volta a volta;connivente, frustrato, desensibilizzato, del mondo accademico stesso, che vede e soffre le pecche del sistema e dei comportamenti, ma non sa uscirne con proposte generali e comportamenti adeguati.;sg;succession/iteration/distributivity;modifier
volta a volta;yes;a;volta;D'altro canto, non sono soltanto gli interventi normativi, tanto meno quelli che continuino a essere adottati, prima o a prescindere da effettive applicazioni delle soluzioni;volta a volta;accolte, a poter dare risposta alle necessità dell'amministrazione del settore.;sg;succession/iteration/distributivity;modifier
volta a volta;yes;a;volta;L'intento spiccatamente divulgativo non impedisce di raggiungere l'obiettivo di fornire una panoramica aggiornata e precisa, anche dal punto di vista quantitativo, di tutti questi fenomeni, rinviando opportunamente,;volta a volta;, alle fonti e alle indagini più approfondite pertinenti i diversi temi trattati.;sg;succession/iteration/distributivity;modifier
volta a volta;yes;a;volta;Per tutto il tragitto padre Boni non aveva aperto bocca se non per dargli,;volta a volta;, le indicazioni per l'itinerario da seguire.;sg;succession/iteration/distributivity;modifier
volta a volta;yes;a;volta;E sul ritardo contano i dottrinari tedeschi per giudicarle poi inutili (dopo aver;volta a volta;tentato di dimostrarle pericolose o illegali).;sg;succession/iteration/distributivity;modifier
volta a volta;yes;a;volta;Anche da questo lato il rispetto per altri torna a riproporsi con una regola che;volta a volta;può richiedere la testimonianza della parola o del silenzio.;sg;succession/iteration/distributivity;modifier
volta a volta;yes;a;volta;Per esempio lo spazio cosmologico, che è stato;volta a volta;pensato e descritto finito, o infinito, e gli infiniti mondi nello spazio infinito immaginati da Giordano Bruno gli costaronola vita, limitato o illimitato.;sg;succession/iteration/distributivity;modifier
volta a volta;yes;a;volta;"Presentati in tavola questi piatti, ""tutte le conversazioni cessarono per la pienezza dei cuori...; e quando i piatti di servizio erano passati, vidi succedersi";volta a volta;"su tutte le fisionomie il fuoco del desiderio, l'estasi della gioia, il riposo perfetto della beatitudine"".";sg;succession/iteration/distributivity;modifier
volta a volta;yes;a;volta;Durante più di due secoli essa fu;volta a volta;sotto il dominio dei Visconti, signori di Milano, sotto l'influenza del governo della Chiesa Romana, ebbe governi repubblicani, fu governata dalle più importanti famiglie cittadine in lotta tra loro per ottenere la supremazia.;sg;succession/iteration/distributivity;modifier
zolla a zolla;yes;a;zolla;Per cui nessuno ci pensa al povero animale che bazzica senza meta nel ben delimitato territorio, che ormai conosce;zolla a zolla;.;sg;succession/iteration/distributivity;modifier
