NPN;construction;preposition;noun;context_pre;costr;context_post;number_of_noun;Type;other_cxn;meaning;syntactic_function
volta a volta;yes;a;volta;"Presentati in tavola questi piatti, ""tutte le conversazioni cessarono per la pienezza dei cuori...; e quando i piatti di servizio erano passati, vidi succedersi";volta a volta;"su tutte le fisionomie il fuoco del desiderio, l'estasi della gioia, il riposo perfetto della beatitudine"".";sg;_;_;succession/iteration/distributivity;modifier
donna a donna;no;a;donna;Se mi fossi presentata nella maniera giusta, ho pensato, se le avessi parlato da;donna a donna;, lei avrebbe capito.;sg;PNPN;yes;distractor;_
uomo a uomo;no;a;uomo;Anche gli alleati del re di Macedonia gli si rivolgevano da;uomo a uomo;, attendendosi da lui soltanto cortesia e generosità.;sg;PNPN;yes;distractor;_
lettere su lettere;yes;su;lettera;Ciò nonostante, padre Villaverde non esitò a scrivere;lettere su lettere;ai suoi superiori, sostenendo di essere stato aggredito senza motivo e chiedendo che questo accolito di Satana fosse radiato dalla Chiesa.;pl;_;_;greater_plurality/accumulation;nominal
progetti su progetti;yes;su;progetto;Lei continua a girare il mondo e a sfornare;progetti su progetti;.;pl;_;_;greater_plurality/accumulation;nominal
gomito a gomito;yes;a;gomito;Lorenzo, nella sua ingenuità, si era immaginato una vita meravigliosa - di giorno a costruire mattoni, e la sera;gomito a gomito;con i Beatles e a passeggiare a braccetto con Jean Shrimpton o Marianne Faithfull per Carnaby Street.;sg;_;_;juxtaposition/contact;modifier
punto su punto;yes;su;punto;Il governatore Roberto Formigoni sembra chiamarsi fuori: «L'assessore Ponzoni mi ha preannunciato una sua ampia dichiarazione che sarà dimostrazione;punto su punto;di quanto sia estraneo ai fatti».;sg;_;_;succession/iteration/distributivity;modifier
leggi su leggi;yes;su;legge;"Ecco perché nel Parlamento italiano non c'è mai stato nè mai ci sarà un deputato o un senatore che si alzi a dire: ""Onorevoli colleghi, smettiamola di affastellare";leggi su leggi;: in attività di servizio ce ne sono oltre duecentocinquantamila, il che ci rende lo zimbello del mondo.;pl;_;_;greater_plurality/accumulation;nominal
palmo a palmo;yes;a;palmo;E invece la sua macchina, accompagnata dai rintocchi della campana di Montecitorio, è arrivata puntualissima sul piazzale della Camera, scrutato;palmo a palmo;dai tiratori scelti appostati sui tetti.;sg;_;_;succession/iteration/distributivity;modifier
mondo su mondo;yes;su;mondo;«Donne», scrive esemplarmente Cristina Campo, «tende ad elaborare l'idea al punto estremo dell'ingegnosità e in una sapienza retorica altamente controllata», mentre «Emily brucia nel mistico vuoto d'aria di un'assenza totale,;mondo su mondo;, balza da stella morta a stella ancor vivente, valicando la follia e la morte».;sg;_;_;succession/iteration/distributivity;modifier
uomo a uomo;no;a;uomo;Che fecero conoscenza con Fritz Schependonk, il vicino, il quale li prese per una coppia clandestina e confidò a Jan, da;uomo a uomo;", che mirava a una bionda diciottenne; lui, Jan, pensava che poteva sperarci?";sg;PNPN;yes;distractor;_
discussioni su discussioni;yes;su;discussione;Anzi, diciamola tutta: ciascuno ha un'idea differente del suo significato, e va così a finire che iniziano;discussioni su discussioni;.;pl;_;_;greater_plurality/accumulation;nominal
generazioni su generazioni;yes;su;generazione;Quantoa me, i giovani li conosco bene: a scuola ne ho avuto;generazioni su generazioni;, in casa ho avuto i miei figli.;pl;_;_;greater_plurality/accumulation;nominal
tronco su tronco;yes;su;tronco;Les fermes de Marie, il più grande, è un insieme di chalet ricostruiti;tronco su tronco;ai margini del paese.;sg;_;_;succession/iteration/distributivity;modifier
gomito a gomito;yes;a;gomito;Ecco, devono essere nati così questi ultimi due romanzi di famiglia, seguiti da lunghe ore al computer, uno accanto all'altro,;gomito a gomito;, anima ad anima, ogni tanto un sospiro, una lunga occhiata, qualche sorriso di tenerezza perché i due si adorano e si cercano come solo due innamoratini sanno fare, al di là delle loro abbondanti sessanta primavere.;sg;_;_;juxtaposition/contact;modifier
corpo a corpo;yes;a;corpo;I colpi sono stati sparati durante la lotta,;corpo a corpo;.;sg;_;_;juxtaposition/contact;modifier
gomito a gomito;yes;a;gomito;Era la prima volta che mi trovavo;gomito a gomito;con qualcosa o qualcuno di nobile stirpe, la mia famiglia inclusa.;sg;_;_;juxtaposition/contact;modifier
lettere su lettere;yes;su;lettera;L'opera è dedicata a un cardinale a cui Gioseffo invia;lettere su lettere;"nella speranza sempre disattesa d'una qualche risposta, ma un'accidia fatta di ""scontentezza vaga"" non consente allo speziale di condurre avanti la stesura del testo, anche perché una serie di eventi incresciosi verranno a turbare la quiete necessaria a tale compito.";pl;_;_;greater_plurality/accumulation;nominal
corpo a corpo;yes;a;corpo;Essi o lo impegnavano in violenti combattimenti;corpo a corpo;, oppure rimanevano ritti immobili e silenziosi in qualche angolo della casa.;sg;_;_;juxtaposition/contact;modifier
schiaffoni su schiaffoni;yes;su;schiaffone;È il piccoletto dei Brutos che prendeva;schiaffoni su schiaffoni;.;pl;_;_;greater_plurality/accumulation;nominal
zolla a zolla;yes;a;zolla;Per cui nessuno ci pensa al povero animale che bazzica senza meta nel ben delimitato territorio, che ormai conosce;zolla a zolla;.;sg;_;_;succession/iteration/distributivity;modifier
volumi su volumi;yes;su;volume;Durante tutto l'inverno, sepolto in una pelliccia accanto al camino, non fece che consultare;volumi su volumi;per trovare tracce di quell'evento: gli angeli sulla terra.;pl;_;_;greater_plurality/accumulation;nominal
brano a brano;yes;a;brano;"""E siccome era stato portato lì davanti con tutti i suoi paramenti sacerdotali, iniziò un rito in cui";brano a brano;i paramenti gli venivano levati sinoa che rimase in quella vesticciola che a Firenze chiamano cioppa.;sg;_;_;succession/iteration/distributivity;modifier
accusa su accusa;yes;su;accusa;Per fortuna, conosceva la lingua così bene che capì ogni cosa, e si potette difendere, parola su parola ,;accusa su accusa;, prova su prova, senza perdersi d'animo.;sg;_;_;succession/iteration/distributivity;modifier
danni su danni;yes;su;danno;La condizione, naturalmente, è voler discutere davvero del merito dei problemi: mettendo da parte una logica di contrapposizione politica esasperata che, a urne chiuse, non può che produrre;danni su danni;.;pl;_;_;greater_plurality/accumulation;nominal
lettere su lettere;yes;su;lettera;In quel periodo Intrieri scriveva;lettere su lettere;al Viminale, alla prefettura e al prefetto.;pl;_;_;greater_plurality/accumulation;nominal
gomito a gomito;yes;a;gomito;Così a parità di lavoro svolto, collaboriamo;gomito a gomito;con colleghi che usufruiscono di notevoli incentivi economici.;sg;_;_;juxtaposition/contact;modifier
corpo a corpo;yes;a;corpo;La caccia a cavallo o a piedi, la lotta;corpo a corpo;, i combattimenti dei galli erano quanto deliziava la gente e tutte queste attività si concludevano con solenni bevute.;sg;_;_;juxtaposition/contact;modifier
storie su storie;yes;su;storia;Ma si capirà anche che Amado era tutt'altro che un narratore naif, capace com'era di utilizzare una vasta tavolozza di tecniche e di intrecciare;storie su storie;in complicate architetture.;pl;_;_;greater_plurality/accumulation;nominal
fronte a fronte;yes;a;fronte;Ed ecco allora ai due estremi del salone,;fronte a fronte;, la Trasfigurazione di Tiziano (dove l'autore discioglie in un vortice drammatico e accalorato - con il bianco fantasmatico del Cristo che si riflette sull'emergenza dei capelli bianchi e sul rubizzo colore rubensiano della testa di Pietro sul bruno sfatto e informe del corpo - il ritmo rigoroso a mandorla della parte alta del modello raffaellesco) e l'Ultima Cena di Tintoretto.;sg;_;_;juxtaposition/contact;modifier
pasticci su pasticci;yes;su;pasticcio;È questo il campo dove le donne commettono;pasticci su pasticci;"; seguono i suggerimenti di tutti e non fanno l'unica cosa che è veramente utile: un esame culturale, per valutare l'agente responsabile dell'infezione e mettere in atto, poi, una terapia mirata, suggerita dallo specialista.";pl;_;_;greater_plurality/accumulation;nominal
uomo a uomo;no;a;uomo;Vi segnaliamo anche l'accusa pesantissima dell'animatore del sito pacifista Peacelink, Alessandro Marescotti, ai tecnici che si sono resi conniventi della truffa del baco del millennio: un confronto da;uomo a uomo;nella rubrica Delfino.;sg;PNPN;yes;distractor;_
barzellette su barzellette;yes;su;barzelletta;Ormai, Ennio come un fucile, Athos come una mitraglia, sfornano;barzellette su barzellette;", come si suol dire, prendono il pallino in mano; fra un bicchiere e l'altro, una risata e l'altra, cadono le ultime barriere; ci sentiamo ormai comese fossimo davvero cresciuti tutti insieme; nasce in questa occasione oltrealla sintonia del branco, anche l'intercalare ufficiale della vacanza ""olè... se dobla""!";pl;_;_;greater_plurality/accumulation;nominal
parola su parola;yes;su;parola;Per fortuna, conosceva la lingua così bene che capì ogni cosa, e si potette difendere,;parola su parola;, accusa su accusa, prova su prova, senza perdersi d'animo.;sg;_;_;succession/iteration/distributivity;modifier
corpo a corpo;yes;a;corpo;Nella tradizione cristiana, durante i giorni di Pasqua si legge un versetto in latino che dice in modo mirabile che la vita e la morte combattono;corpo a corpo;.;sg;_;_;juxtaposition/contact;modifier
mattone su mattone;yes;su;mattone;C'era anche il marito della signora Lorenzina: «Questa casa l'abbiamo costruita;mattone su mattone;con mio marito, è tutto quel che mi resta di lui, ecco perché non me ne vado».;sg;_;_;succession/iteration/distributivity;modifier
palmo a palmo;yes;a;palmo;Gli sarebbero occorsi mesi per rilevarne il tracciato e per esplorarle;palmo a palmo;.;sg;_;_;succession/iteration/distributivity;modifier
nodi su nodi;yes;su;nodo;Sembra vedere e sentire il ritmo di questa fatica: trovare lo strappo, ridurlo, intrecciare;nodi su nodi;, riparare finalmente la rete.;pl;_;_;greater_plurality/accumulation;nominal
campo a campo;yes;a;campo;E così, goccia a goccia, o meglio,;campo a campo;e casa a casa, in duemila anni la Chiesa ha potuto accumulare un patrimonio immenso, che nel passato era amministrato dal cosiddetto Obolo di San Pietro, e oggi lo è invece dal Pio Istituto per le Opere di Religione (IOR).;sg;_;_;succession/iteration/distributivity;modifier
colpo su colpo;yes;su;colpo;"Lavorò tutta la mattina, scavando la pietra con il suo scalpello;";colpo su colpo;, poi stanco, si distese sulle stoppie, vicinoal suo cane accovacciato, che nel sonno bizzarro inseguiva chissà quale preda, emettendo guaiti di cucciolo.;sg;_;_;succession/iteration/distributivity;modifier
uomo a uomo;no;a;uomo;Così ho inforcato la Chevrolet e girato per mezz'ora fra quei prefabbricati, cercando di capire dove si annidasse il marito: intendevo parlargli da;uomo a uomo;.;sg;PNPN;yes;distractor;_
gomito a gomito;yes;a;gomito;L'unica cosa sopravvissuta, ma desolatamente annerita dal fumo, è la lunga serpentina di marmo in cui i viaggiatori si sedevano;gomito a gomito;per consumare un rapido pasto prima di sperdersi nella regione dei laghi a Est di New York o nelle innumerevoli cittadine incastonate lungo il fiume Hudson, dove la frenesia della città che non dorme mai, nonostante la breve distanza, sembra una cosa remota e incredibile.;sg;_;_;juxtaposition/contact;modifier
corpo a corpo;yes;a;corpo;Inoltre l'uso giudizioso della massa corporea può rappresentare in certe situazioni un vantaggio supplementare non indifferente, per esempio negli incontri rapidi;corpo a corpo;, come nella lotta greco - romana, nel catch, nel sumo.;sg;_;_;juxtaposition/contact;modifier
volta a volta;yes;a;volta;Mangi, beva, dorma, suoni, lavori o vada a spasso con la sua splendida ragazza tunisina, qualunque cosa faccia, non sopporta di essere distratto da ciò in cui,;volta a volta;, è impegnato.;sg;_;_;succession/iteration/distributivity;modifier
corpo a corpo;yes;a;corpo;Il killer - ballerino e le cubiste - prede erano impegnati in una danza;corpo a corpo;molto coinvolgente.;sg;_;_;juxtaposition/contact;modifier
donna a donna;no;a;donna;"Nessuno è in grado di prevedere con esattezza quando inizierà il travaglio; anche i sintomi e la successione degli eventi possono essere molto diversi da";donna a donna;.;sg;PNPN;yes;distractor;_
corpo a corpo;yes;a;corpo;I due fratelli si scontrarono accanitamente;corpo a corpo;e morirono entrambi.;sg;_;_;juxtaposition/contact;modifier
crosta su crosta;yes;su;crosta;Dall'alto del Forte capisco il rinnovo degli strati successivi,;crosta su crosta;.;sg;_;_;succession/iteration/distributivity;modifier
comunicazioni su comunicazioni;yes;su;comunicazione;La capacità di significare tramite icone implica anche che tutti i processi di comunicazione siano di secondo livello, ovvero;comunicazioni su comunicazioni;, spesso lontane dalla vita quotidiana.;pl;_;_;greater_plurality/accumulation;nominal
gomito a gomito;yes;a;gomito;A metà della scala si potrebbero porre invece quelle che mostrano artisti e scienziati lavorare;gomito a gomito;, producendo conoscenze o rappresentazioni reciprocamente utili, come accadeva per esempio agli incisori che si affiancarono ad anatomisti e astronomi da cui dipendono le due grandi rivoluzioni scientifiche della modernità.;sg;_;_;juxtaposition/contact;modifier
corpo a corpo;yes;a;corpo;Ma anche questa volta per occupare la Città Santa devono combattere;corpo a corpo;con i palestinesi per annientare la resistenza araba.;sg;_;_;juxtaposition/contact;modifier
lettere su lettere;yes;su;lettera;Ma rari sono gli spiragli che si aprono per l'ex bracciante, facchino, portiere di notte, militante dell'Autonomia Operaia negli anni di piombo che, per sfogarsi dei rifiuti, scrive;lettere su lettere;.;pl;_;_;greater_plurality/accumulation;nominal
grado a grado;yes;a;grado;Catturato dalle sempre più sottili distinzioni e puntualizzazioni che lo conducono;grado a grado;"verso le profondità del microcosmo, il lettore ha la sorpresa di trovarsi alla fine in un terreno che ha le dimensioni dell'universo e un colore umano inconfondibile: E fortuna d'essermi senza volere trovato quasi solo usufruttuario d'un territorio senza confini, in un mondo spezzettato ormai in tante proprietà private, dove non è più palmo che non sia chiuso da cancelli cinto da filo spinato, ringhioso di cani da guardia; desideroso io solo di qualcosa che nessuno mi disputa, nessuno anzi vede (e se chi passa chiede, alla spiegazione sorride incredulo o commiserante).";sg;_;_;succession/iteration/distributivity;modifier
colpo su colpo;yes;su;colpo;La strada, però, con una durezza che si ripercoteva fino all'inguine, mi restituiva;colpo su colpo;.;sg;_;_;greater_plurality/accumulation;nominal
colpo su colpo;yes;su;colpo;L'intesa con Carnival fornisce inoltre a Fincantieri l'opportunità per ribattere davvero;colpo su colpo;la concorrenza dell'altro grande cantiere specializzato in navi passeggeri, il finlandese Masa Yard che recentemente si è aggiudicato un megacontratto della Royal Caribbean cruise line (Rccl) per la costruzione di due unità da 130mila tonnellate destinate a strappare proprio alle Carnival della serie Destiny il primato delle più grandi navi passeggeri del mondo.;sg;_;_;succession/iteration/distributivity;modifier
uomo a uomo;no;a;uomo;Questa malattia può dare luogo a febbri emorragiche anche fatali e ha una caratteristica particolare: non si trasmette da;uomo a uomo;, ma viene trasmessa da una zanzara, che prima punge un malato e poi uno sano.;sg;PNPN;yes;distractor;_
mattone su mattone;yes;su;mattone;A ventisei anni, nel 1972, scrivere le prime poesie - Lego sull'incontro con la madre e i fratelli consanguinei è un modo di costruirsi il mondo;mattone su mattone;come un giocattolo solido e colorato, con la stessa fantasia e la stessa pazienza di un bambino.;sg;_;_;succession/iteration/distributivity;modifier
volta a volta;yes;a;volta;Ma quella virtualità che connota la realtà televisiva e rende la tv,;volta a volta;, spettacolare, ingannatrice, sedativa, omologante, esorcizzante, evasiva, legittimante, vicaria, è anche dovuta alla nostra virtualità crescente.;sg;_;_;succession/iteration/distributivity;modifier
gomito a gomito;yes;a;gomito;Questa baraonda e questo carnevale durarono finoache il Pretore, una sera, al cinema, accesasi la luce, si trovò;gomito a gomito;con un individuo interrogato in carcere quella mattina.;sg;_;_;juxtaposition/contact;modifier
gomito a gomito;yes;a;gomito;Mi insegnò a lavorare coi ferri e stavamo lunghe ore in silenzio,;gomito a gomito;, su quelle sedie della cucina che mi dimenticavo di far impagliare.;sg;_;_;juxtaposition/contact;modifier
colpo su colpo;yes;su;colpo;Entrambe le compagini si sono affrontate a viso aperto rispondendo;colpo su colpo;a qualasisi iniziativa opposta, esibendo in certi frangenti anche giocate di buona tecnica.;sg;_;_;succession/iteration/distributivity;modifier
colpo su colpo;yes;su;colpo;Ma Giuseppe Stefanel, Bepi per gli amici, 44 anni, presidente e amministratore del gruppo di Ponte di Piave, non ci sta a passare per vittima sacrificale: rintuzza;colpo su colpo;gli attacchi, e annuncia che il secondo semestre '96 si chiuderà con un piccolo utile, dopo che al giro di boa dei primi sei mesi dell'anno il passivo segnava 19 miliardi.;sg;_;_;succession/iteration/distributivity;modifier
riunioni su riunioni;yes;su;riunione;La situazione era diventata assurda: facevo;riunioni su riunioni;con colleghe e genitori sul modo di migliorare il rapporto educativo coi bambini, individuare le strategie per seguirli meglio... e intanto i miei erano soli.;pl;_;_;greater_plurality/accumulation;nominal
colpo su colpo;yes;su;colpo;Il sole d'inizio primavera era alto e già piuttosto caldo e i ragazzi ansimavano apparentemente stremati, ma continuavano a scontrarsi con crescente impeto stringendo i denti, rispondendo;colpo su colpo;e urtandosi con gli scudi con tutta la forza residua delle membra.;sg;_;_;succession/iteration/distributivity;modifier
fronte a fronte;yes;a;fronte;Una volta tolte di mezzo le operaie, le due regine si trovano;fronte a fronte;.;sg;_;_;juxtaposition/contact;modifier
casi su casi;yes;su;caso;I laboratori forensi dell'Oklahoma, come di molti altri Stati, soffrivano di una cronica mancanza di fondi e di personale, a fronte di enormi pressioni perché risolvessero;casi su casi;.;pl;_;_;greater_plurality/accumulation;nominal
soldi su soldi;yes;su;soldi;Il meccanismo adottato in Francia per convincere i cittadini della ineluttabilità del nucleare è lo stesso adottato di recente in Italia: balle su balle raccontate da venduti e;soldi su soldi;per la pubblicità e per foraggiare i giornali.;pl;_;_;greater_plurality/accumulation;nominal
colpo su colpo;yes;su;colpo;Aspetto solo una parola per reagire;colpo su colpo;al primo segnale.;sg;_;_;succession/iteration/distributivity;modifier
palmo a palmo;yes;a;palmo;Gli promisi nuove fiere o, in alternativa, un viaggio in cui avremmo battuto;palmo a palmo;il Wisconsin.;sg;_;_;succession/iteration/distributivity;modifier
gomito a gomito;yes;a;gomito;Dal 7 al 10 maggio sono stato in Brasile,;gomito a gomito;con 10 baristi, provenienti da tutto il mondo, selezionati per partecipare a Barista & Farmer, il talent show made in Italy pensato per permettere ai baristi di andare alle origini del prodotto con cui lavora tutti i giorni e di cui è appassionato: il caffè.;sg;_;_;juxtaposition/contact;modifier
corpo a corpo;yes;a;corpo;"Temi di attualità: la paura del domani, il Duemila è alle porte; il fascino del messaggio predicatorio; la lotta";corpo a corpo;tra ragione e cuore.;sg;_;_;juxtaposition/contact;modifier
palmo a palmo;yes;a;palmo;"Il ""settore del mattone"" continua ad avere fame di venditori per conquistare";palmo a palmo;città e province.;sg;_;_;succession/iteration/distributivity;modifier
gomito a gomito;yes;a;gomito;E se bisognava affrontarlo - bisognava necessariamente affrontarlo - era di certo meglio farlo in gruppo, in questo;gomito a gomito;che ci saldava l'uno all'altro e che era, nell'imminenza del pericolo, come un ultimo rifugio.;sg;_;_;juxtaposition/contact;modifier
piano su piano;yes;su;piano;Vuotò il bicchiere, chiuse gli occhi assaporando la squisitezza, annuì, e si alzò, un livello dopo l'altro, splendido edificio,;piano su piano;.;sg;_;_;succession/iteration/distributivity;modifier
grado a grado;yes;a;grado;Lotto, come molti di noi, con difficoltà economiche, che spero di superare,;grado a grado;.;sg;_;_;succession/iteration/distributivity;modifier
palmo a palmo;yes;a;palmo;Allora il prete si avvicinò a me e disse che lui quelle montagne le conosceva;palmo a palmo;perché da piccolo con suo padre e sua sorella arrivavano fin lassù.;sg;_;_;succession/iteration/distributivity;modifier
uomo a uomo;no;a;uomo;Possiamo avere una conversazione educata, da;uomo a uomo;, oppure devo farti strappare di bocca altre parole dai miei uomini?;sg;PNPN;yes;distractor;_
palmo a palmo;yes;a;palmo;Quelli dell'NGA disponevano di migliaia di immagini scattate dai droni e dai satelliti, e conoscevano praticamente;palmo a palmo;l'intera area esterna del compound.;sg;_;_;succession/iteration/distributivity;modifier
corpo a corpo;yes;a;corpo;Scoperto difronteal proprio nemico, faccia a faccia,;corpo a corpo;, il nostro scrittore si apprestava a scrivere un'altra pagina del suo romanzo, quello della vita.;sg;_;_;juxtaposition/contact;modifier
uomo a uomo;no;a;uomo;Oppure senza i sì e i no della figura paterna: finiti i gesti di sostegno virile, i lanci in aria per gioco, le spiegazioni da;uomo a uomo;, il conforto dopo gli insuccessi.;sg;PNPN;yes;distractor;_
volta a volta;yes;a;volta;Durante più di due secoli essa fu;volta a volta;sotto il dominio dei Visconti, signori di Milano, sotto l'influenza del governo della Chiesa Romana, ebbe governi repubblicani, fu governata dalle più importanti famiglie cittadine in lotta tra loro per ottenere la supremazia.;sg;_;_;succession/iteration/distributivity;modifier
palmo a palmo;yes;a;palmo;Lui, quando ancora Bossi studiava alla Scuola Radio Elettra, batteva;palmo a palmo;le province di Verona, Vicenza e Treviso per diffondere il verbo della Serenissima.;sg;_;_;succession/iteration/distributivity;modifier
gomito a gomito;yes;a;gomito;Ogni volta che il livello del fiume si abbassa e tutti gli alligatori si affollano nei punti più profondi, i rettili si trovano;gomito a gomito;e si mangiano allegramente tra loro.;sg;_;_;juxtaposition/contact;modifier
gomito a gomito;yes;a;gomito;Intorno al tavolo non c'erano abbastanza sedie per tutti e così Kenneth dovette stare;gomito a gomito;con Shirley, cosa che invero pareva non dispiacergli affatto.;sg;_;_;juxtaposition/contact;modifier
uomo a uomo;no;a;uomo;Ci siamo stretti con forza, nell'abbraccio da;uomo a uomo;che avevamo codificato la prima volta quando era venuto a prendermi al residence sulla collina.;sg;PNPN;yes;distractor;_
settimane su settimane;yes;su;settimana;Ciò può servirti solo ad andare in fondo alla questione del dolore, che è più o meno questo: covare nel corso di;settimane su settimane;un'idea o un'azione risolutiva, frutto di fatica fisica e coraggio imposto, e sentirtela smontare in pochi secondi da una risata distratta.;pl;_;_;greater_plurality/accumulation;nominal
volta a volta;yes;a;volta;Ciò non sembra sufficiente per rispondere in modo adeguato a quanto mostrato dagli studi di storia della scienza: ovvero che gli scienziati non si comportano affatto secondo gli standard metodologici;volta a volta;avanzati.;sg;_;_;succession/iteration/distributivity;modifier
mattone su mattone;yes;su;mattone;Per tua mano la Sua mannaia edificherà il Regno, passo dopo passo,;mattone su mattone;, testa su testa.;sg;_;_;succession/iteration/distributivity;modifier
volta a volta;yes;a;volta;I contributi alla comune cultura europea possono essere;volta a volta;preziosissimi come nel caso della libreria di Jim Stirling nei giardini della Biennale di Venezia o invece di una disarmante superficialità come nelcaso del progetto vincitore della nuova uscita del museo degli Uffizi a Firenze.;sg;_;_;succession/iteration/distributivity;modifier
punti su punti;yes;su;punto;Se giocava a basket come baciava, sarebbe stato fin troppo facile segnare;punti su punti;senza un briciolo di fatica.;pl;_;_;greater_plurality/accumulation;nominal
parole su parole;yes;su;parola;E i giochini, i disegnetti a bordo pagina che sono sicuro lei fa mentre aspetta che il cervello elabori e le detti;parole su parole;"; perché non stampa anche quei disegnetti scarabocchiati per ingannare la mano che vorrebbe scrivere qualcosa in maniera autonoma?";pl;_;_;greater_plurality/accumulation;nominal
Giro su giro;yes;su;giro;a deciso di prendere la propria Mercedes e di andare a cercare nel quartiere .  Giro su giro l ' uomo ha inanellato tre passaggi consecutivi davanti_al consolato russo atti;giunzioni su giunzioni;, sta insidiando l'adiacente Complesso del Col delle Erbe, da oltre 25 anni al primo posto nella classifica delle grotte più estese), e il Led Zeppelin, che è divenuta la più profonda cavità della regione.;pl;_;_;greater_plurality/accumulation;nominal
volta a volta;yes;a;volta;Un agente di cambio, un venditore, una segretaria, un dirigente delle ferrovie, un professore universitario, un direttore d'albergo, devono;volta a volta;offrire un tipo di personalità diverso che, indipendentemente dalle differenze tra l'una e l'altra, deve rispondere sempre a una condizione: essere richiesto.;sg;_;_;succession/iteration/distributivity;modifier
parola su parola;yes;su;parola;"E poi, ""Il cambio della guardia a Whitehall..."" che era romantico; e poi, costruendo";parola su parola;", lesse: ""I soldati della cavalleria le dissero che il cavallo aveva la coda verde; ma per lei era un cavallo qualsiasi"".";sg;_;_;succession/iteration/distributivity;modifier
settimana a settimana;yes;a;settimana;Se tu non dai la qualità;settimana a settimana;, purtroppo queste grandi piattaforme, con tutto il rispetto perché è un mercato, ti trattano non come un dipendente a tempo indeterminato ma come un contratto a ore.;sg;_;_;succession/iteration/distributivity;modifier
voto su voto;yes;su;voto;E due candidati in lizza, decisi a conquistare;voto su voto;la fiducia degli elettori.;sg;_;_;succession/iteration/distributivity;modifier
volta a volta;yes;a;volta;D'altro canto, non sono soltanto gli interventi normativi, tanto meno quelli che continuino a essere adottati, prima o a prescindere da effettive applicazioni delle soluzioni;volta a volta;accolte, a poter dare risposta alle necessità dell'amministrazione del settore.;sg;_;_;succession/iteration/distributivity;modifier
sassolino su sassolino;yes;su;sassolino;Nei giorni a venire e nelle notti illuni e nelle notti quando una luna fulgidissima splendeva sopra la terra, il vecchio avrebbe continuato a parlargli, a parlargli, goccia a goccia,;sassolino su sassolino;, petalo dopo petalo.;sg;_;_;succession/iteration/distributivity;modifier
donna a donna;no;a;donna;"Ai margini di un recente convegno sulla giustizia minorile, una procuratore aggiunta raccontava ""da";donna a donna;""" una storia che però non poteva mettere nelle sue relazioni ufficiali, la storia di Miriam, una bambina nordafricana di 11 anni, e di Carla, la sua compagna di banco italiana.";sg;PNPN;yes;distractor;_
punto su punto;yes;su;punto;Giusto così, i titoli si costruiscono alla Niki Lauda,;punto su punto;azzardando il meno possibile.;sg;_;_;succession/iteration/distributivity;modifier
gomito a gomito;yes;a;gomito;Alla Pisacane studiano 87 bambini stranieri su cento, e la percentuale è in crescita: bengalesi, cinesi, romeni, polacchi, colombiani, filippini, algerini, egiziani e italiani imparano;gomito a gomito;«a leggere e scrivere in stampatello e corsivo», e «eseguono le addizioni con 3 numeri», giura un gruppo di genitori in un appello ad altri italiani a iscrivere i loro figli nonostante le continue polemiche.;sg;_;_;juxtaposition/contact;modifier
vigneti su vigneti;yes;su;vigneto;"Vagoni arrugginiti dove giovani senza senso lirico hanno spruzzato graffiti di cui, ahimè, non so cogliere il significato;";vigneti su vigneti;", sotto un velo di nebbia setosa come cipria; vecchi in bicicletta, altri che portano a spasso i cani.";pl;_;_;greater_plurality/accumulation;nominal
gomito a gomito;yes;a;gomito;Will (e credo, segretamente, anche Ben) ha sempre invidiato il mio lavoro e il fatto che mi costringa a stare quasi ogni giorno;gomito a gomito;con decine di modelle tutte stupende!;sg;_;_;juxtaposition/contact;modifier
voto su voto;yes;su;voto;Per poi tornare a farsi la guerra, perché alle elezioni europee la contesa sarà;voto su voto;, e i due si contendono lo stesso elettorato.;sg;_;_;succession/iteration/distributivity;modifier
volta a volta;yes;a;volta;Per esempio lo spazio cosmologico, che è stato;volta a volta;pensato e descritto finito, o infinito, e gli infiniti mondi nello spazio infinito immaginati da Giordano Bruno gli costaronola vita, limitato o illimitato.;sg;_;_;succession/iteration/distributivity;modifier
poro a poro;yes;a;poro;L'avrei presa invece a lei la sbrodolona e rivoltata proprio dall'interno per poi estrarle tutto quell'olio e leccarlo;poro a poro;tutto quell'olio sbrodolone…;sg;_;_;succession/iteration/distributivity;modifier
parole su parole;yes;su;parola;Troppe volte si spendono giorni e anni e decadi a piallare;parole su parole;senza sosta e alla fine queste parole sono come zoccoli di legno imperfetti, così scomodi e innaturali da calzare che dopo un po' è meglio tornare alla gomma, più industriale e fredda, ma più pratica, malleabile e comoda.;pl;_;_;greater_plurality/accumulation;nominal
gomito a gomito;yes;a;gomito;Noi ci auguriamo che tutti i comunisti, dappertutto nel mondo, lottino;gomito a gomito;e si oppongano ad ogni attacco di un paese imperialista contro qualsiasi paese del terzo mondo.;sg;_;_;juxtaposition/contact;modifier
controlli su controlli;yes;su;controllo;Strade bloccate, frontiere minate, posti di blocco volanti,;controlli su controlli;, ormai il Kosovo è solo questo.;pl;_;_;greater_plurality/accumulation;nominal
uomo a uomo;no;a;uomo;La mamma, le gemelle e Claudia andarono in cucina, lasciando Giacomo e Cristiano al loro discorsetto da;uomo a uomo;, secondo l'usanza.;sg;PNPN;yes;distractor;_
uscio a uscio;yes;a;uscio;Erano nati a distanza di pochi giorni l'uno dall'altro e da generazioni le loro famiglie abitavano, come si dice da queste parti,;uscio a uscio;e così i due soci erano cresciuti assieme, assieme erano andati a scuola, quattro chilometri all'andata e quattro al ritorno, sotto il sole, con la neve o con la pioggia.;sg;_;_;juxtaposition/contact;modifier
donna a donna;no;a;donna;Ma se vuole un consiglio da;donna a donna;non lo farei.;sg;PNPN;yes;distractor;_
stagione su stagione;yes;su;stagione;Come si erano convinti a smettere di accettare le regole subite;stagione su stagione;da centinaia di migliaia di raccoglitori di frutta, verdura, zucchine e pomodori, angurie in Puglia e grappoli al Nord, senza ribellione?;sg;_;_;succession/iteration/distributivity;modifier
volta a volta;yes;a;volta;Nelle regole probatorie legali, infatti si riscontra un fondamento che può essere sia epistemologico che politico,;volta a volta;"prevalendo l'esigenza di determinare esplicitamente un metodo per ""guidare il giudice alla ricerca"" (art. 103 197 c. p. p.).";sg;_;_;succession/iteration/distributivity;modifier
balcone a balcone;yes;a;balcone;La comunità di gatti che mi ospita sta nell'appartamento in cui abitiamo, che confina,;balcone a balcone;, con un altro appartamento nel quale viveva fino a poco tempo fa una gatta vecchia e sola.;sg;_;_;juxtaposition/contact;modifier
palmo a palmo;yes;a;palmo;La ragazza, piuttosto pallida ed esile, controllò;palmo a palmo;l'indumento alla ricerca di eventuali macchie, verificò le cuciture e gli orli, poi la drappeggiò attorno alle sue spalle e sul braccio sinistro e curò le pieghe una per una come se stesse rivestendo il suo padrone.;sg;_;_;succession/iteration/distributivity;modifier
uomo a uomo;no;a;uomo;"Gli esperti, nel frattempo, ritengono che la trasmissione del virus dell'""influenza dei polli"" sia possibile anche da";uomo a uomo;, tuttavia i test conclusi finora hanno rivelato solo geni animali.;sg;PNPN;yes;distractor;_
canzone su canzone;yes;su;canzone;Il Libro del Mondo è, in fondo, il lungo racconto che con incredibile coerenza ha costruito;canzone su canzone;"quel grande ""moralista camuffato da immmoralista"" (Cesare G. Romana ) che era Fabrizio.";sg;_;_;succession/iteration/distributivity;modifier
palmo a palmo;yes;a;palmo;"Dice l'iscrizione ""che esse congiungono le mani";palmo a palmo;""", allegorica immagine che descrive il passaggio da un segno zodiacale a quello precedente, passaggio che avviene nell'equinozio di primavera ogni 2160 anni.";sg;_;_;succession/iteration/distributivity;modifier
gomito a gomito;yes;a;gomito;Di fronte al nemico si serrano i ranghi e le file;gomito a gomito;.;sg;_;_;juxtaposition/contact;modifier
soldi su soldi;yes;su;soldi;Insomma c'è ancora tempo, e spazio, per fare soldi su;soldi su soldi;vendendo e spedendo in tutto il mondo i vecchi libri di carta: tanto più se fatti in casa.;pl;_;_;greater_plurality/accumulation;nominal
punto su punto;yes;su;punto;Il capo degli anestesisti, Giuseppe Sala, ha respinto;punto su punto;ogni accusa nel faccia a faccia più lungo della giornata.;sg;_;_;succession/iteration/distributivity;modifier
punto su punto;yes;su;punto;Accornero è pronto a ribattere;punto su punto;.;sg;_;_;succession/iteration/distributivity;modifier
colpo su colpo;yes;su;colpo;Dopo aver speso una intera vita a fondarla e a cercare di farla funzionare, alla fine è stato lui stesso,;colpo su colpo;, a estinguerla.;sg;_;_;succession/iteration/distributivity;modifier
corpo a corpo;yes;a;corpo;Tauro cercò di fermarlo: per qualche istante la sua rocciosa complessione, il suo coraggio, l'abilità nel duello e l'esperienza di mille combattimenti;corpo a corpo;parvero mettere in difficoltà il guerriero germanico.;sg;_;_;juxtaposition/contact;modifier
colpo su colpo;yes;su;colpo;Maranghi, con l'arroganza che molti gli rimproverano, ha risposto;colpo su colpo;, rinfacciando alla fine quella che, secondo lui, è stata la più grave colpa del giovane direttore centrale: l'aver a suo tempo escluso che la Consob avrebbe obbligato Mediobanca a fare un'opa sull'ex gruppo Ferruzzi, come invece avvenne, costringendo l'istituto a un esborso di oltre 200 miliardi.;sg;_;_;succession/iteration/distributivity;modifier
miliardi su miliardi;yes;su;miliardo;Soprattutto per gli assicuratori, che possono continuare a inserire una clausola che consente loro di risparmiare;miliardi su miliardi;sulla pelle degli assicurati.;pl;_;_;greater_plurality/accumulation;nominal
uomo a uomo;no;a;uomo;Il contagio è solo interumano, vale a dire che la varicella si trasmette solo da;uomo a uomo;e non da animale ad uomo.;sg;PNPN;yes;distractor;_
volta a volta;yes;a;volta;"Sono anche, e qui Isnenghi non potrebbe essere più esplicito, coloro che entrano in azione ""ogni volta che risuona un richiamo di guerra, contro un qualsiasi nemico esterno, sia";volta a volta;Gheddafi, Saddam o Milosevic.;sg;_;_;succession/iteration/distributivity;modifier
palmo a palmo;yes;a;palmo;A piedi ci rechiamo quindi alla scoperta della parte più antica dell'abitato, nella quale si trova il poderoso castello aragonese, che esploriamo;palmo a palmo;, fra interessanti ambienti di epoca medioevale e vasti panorami sui paesaggi circostanti.;sg;_;_;succession/iteration/distributivity;modifier
uomo a uomo;no;a;uomo;Quel pacchetto delle nazionali che offriva grandioso, da;uomo a uomo;, tirandolo fuori tutto stropicciato dalla tasca.;sg;PNPN;yes;distractor;_
corpo a corpo;yes;a;corpo;Nell'economia del risultato a pesare è anche il comparto visivo perché, alla routine degli scontri;corpo a corpo;", Watts ci riserva sorprese quando si tratta di mettere in scena il potere illusionistico di Mysterio in una serie di sequenze da far girare la testa allo spettatore, per il gioco di specchi in cui la realtà fa a gara a smentire se stessa manco ci trovassimo nella sequenza finale de ""La signora di Shangai"" di Orson Welles.";sg;_;_;juxtaposition/contact;modifier
fabbriche su fabbriche;yes;su;fabbrica;Qui aveva qualche amico in Scaldasole e al circolo del Ponte della Ghisolfa, piazzale Lugano, il grigio più grigio della periferia ambrosiana,;fabbriche su fabbriche;, l'inizio della sopraelevata, il cavalcavia delle Varesine.;pl;_;_;greater_plurality/accumulation;nominal
palmo a palmo;yes;a;palmo;I tre si sparpagliarono e cominciarono a frugare;palmo a palmo;il terreno.;sg;_;_;succession/iteration/distributivity;modifier
uomo a uomo;no;a;uomo;Ora che stai sull'attenti come bisogna starci, parliamo da;uomo a uomo;.;sg;PNPN;yes;distractor;_
colpo su colpo;yes;su;colpo;Ma in questo campo gli americani sono in grado di ribattere;colpo su colpo;: Chevrolet risponde con una cult car, la Corvette.;sg;_;_;succession/iteration/distributivity;modifier
volta a volta;yes;a;volta;E sul ritardo contano i dottrinari tedeschi per giudicarle poi inutili (dopo aver;volta a volta;tentato di dimostrarle pericolose o illegali).;sg;_;_;succession/iteration/distributivity;modifier
parola su parola;yes;su;parola;Galvanizzato dagli ascolti dell'ultima puntata di Moby Dick (3 milioni 823 mila spettatori), Santoro ha subito replicato: Confermo;parola su parola;quello che ho detto.;sg;_;_;greater_plurality/accumulation;nominal
corpo a corpo;yes;a;corpo;I caduti statunitensi erano già più di centomila, vittime in ugual misura del gelido inverno coreano e della maestria dell'esercito cinese nel combattimento;corpo a corpo;e nelle incursioni notturne.;sg;_;_;juxtaposition/contact;modifier
palmo a palmo;yes;a;palmo;In questo modo, i vari eserciti impegnati nella ricerca del tesoro alchemico si sono visti costretti a perlustrare i boschi;palmo a palmo;, sprecando tutta la notte in una lunga serie di appostamenti e di perquisizioni.;sg;_;_;succession/iteration/distributivity;modifier
punti su punti;yes;su;punto;La Bundesbank, che questa palla l'ha sempre lanciata, guadagnando;punti su punti;, adesso potrebbe essere costretta a rincorrerla.;pl;_;_;greater_plurality/accumulation;nominal
generazioni su generazioni;yes;su;generazione;La passione dichiarata è una sola: disseppellire e filtrare leggende di isole mai esistite o trasfigurate o disperse che tuttavia avevano influenzato;generazioni su generazioni;di navigatori portoghesi spagnoli inglesi, e popolato le loro mappe.;pl;_;_;greater_plurality/accumulation;nominal
donna a donna;no;a;donna;Gli parlò come si potrebbe parlare da;donna a donna;, avvertendo un senso di complicità davvero strano verso una persona che, in fondo, conosceva solo superficialmente da pochi mesi.;sg;PNPN;yes;distractor;_
uomo a uomo;no;a;uomo;"""Ciò indica che la trasmissione del virus è possibile anche da";uomo a uomo;""", ma in quest'ultimo caso l'efficacia del contagio è scarsa, ha precisato Margaret Chan.";sg;PNPN;yes;distractor;_
corpo a corpo;yes;a;corpo;Caratteristica utile a chi combatte;corpo a corpo;con l'avversario.;sg;_;_;juxtaposition/contact;modifier
volta a volta;yes;a;volta;Chiarite le tappe di questo itinerario, resta solo da comprendere,;volta a volta;, a quale di esse si trovi un'anima, quale stadio di sviluppo abbia raggiunto una comunità o un popolo, per partire da ciò che hanno compreso e condurli, secondo i tempi di crescita stabiliti da Dio, alla pienezza della conoscenza divina.;sg;_;_;succession/iteration/distributivity;modifier
uomo a uomo;no;a;uomo;Poi smise di correre e mi salutò da;uomo a uomo;.;sg;PNPN;yes;distractor;_
bersaglio su bersaglio;yes;su;bersaglio;Per oltre due ore, Ramses aveva tirato con l'arco, colpendo;bersaglio su bersaglio;.;sg;_;_;greater_plurality/accumulation;nominal
uomo a uomo;no;a;uomo;Essi non possono più guardare negli occhi un altro, da;uomo a uomo;"; possono invece infondere in un altro la forza di divenire ""più"" di loro.";sg;PNPN;yes;distractor;_
colpo su colpo;yes;su;colpo;Da dove trar fuori l'energia pietosa per combattere quel dolore, per rispondergli;colpo su colpo;, per non lasciarlo dilagare nel mondo con la sua forza annientatrice?;sg;_;_;succession/iteration/distributivity;modifier
colpo su colpo;yes;su;colpo;All'Arechi gli uomini di Beretta hanno dovuto fare i conti con una Salernitana mai doma, pronta a ribattere;colpo su colpo;agli affondi dei più blasonati avversari.;sg;_;_;succession/iteration/distributivity;modifier
gomito a gomito;yes;a;gomito;All'alba di ieri, su quella carcassa arrivata dritta sulla spiaggia di Le Cannella una delle località di mare più belle di Isola Capo Rizzuto stavano;gomito a gomito;317 persone, per lo più curdi, pakistani e afgani.;sg;_;_;juxtaposition/contact;modifier
gomito a gomito;yes;a;gomito;Queste cose non le ha mai dette neanche con me che siamo;gomito a gomito;da due anni e mezzo.;sg;_;_;juxtaposition/contact;modifier
utilitarie su utilitarie;yes;su;utilitaria;Eppure, il sito siciliano era una volta il cuore pulsante del settore automobilistico italiano, con lo stabilimento che sfornava;utilitarie su utilitarie;- dalla leggendaria 500 degli anni settanta alla Panda - finoallo stop comunicato dal Lingotto nel 2009 e imposto nel 2011.;pl;_;_;greater_plurality/accumulation;nominal
materia su materia;yes;su;materia;Cazzetti, fichette, zinnette, culetti sodi esplodono su di me in una cosmogonia di;materia su materia;.;sg;_;_;greater_plurality/accumulation;nominal
colpo su colpo;yes;su;colpo;Ma Micheli si infervora, nega, ribatte;colpo su colpo;.;sg;_;_;succession/iteration/distributivity;modifier
palmo a palmo;yes;a;palmo;Tutta l'area è stata immediatamente interdetta e i carabinieri la stanno ispezionando;palmo a palmo;alla ricerca di altri indizi utili all'indagine.;sg;_;_;succession/iteration/distributivity;modifier
incarichi su incarichi;yes;su;incarico;Così finii, ancora una volta, ad accumulare in breve tempo;incarichi su incarichi;, fino ad arrivare a dirigere l'intera divisione.;pl;_;_;greater_plurality/accumulation;nominal
uomo a uomo;no;a;uomo;Il chirurgo si accorse che dopo un normale trapianto da;uomo a uomo;alcune cellule provenienti dal nuovo organo invadono i tessuti dell'ospite.;sg;PNPN;yes;distractor;_
dolori su dolori;yes;su;dolore;E dietro a quello, molti altri ricordi rossi, indicibili, segreti, sepolti da anni di uso di mondo, errori, matrimoni, figlie, partenze, musica, abbandoni, gioielli, amanti, dolori, e;dolori su dolori;su dolori per mimetizzare il padre di tutti i dolori.;pl;_;_;greater_plurality/accumulation;nominal
volta a volta;yes;a;volta;Per questo uomini non sprovveduti hanno pensato, nel corso dei secoli, ai Signori o al Re del Mondo, forse non una persona fisica, un ruolo, un ruolo collettivo, l'incarnazione;volta a volta;provvisoria di una Intenzione Stabile.;sg;_;_;succession/iteration/distributivity;modifier
palmo a palmo;yes;a;palmo;Snocciolata questa sfilza di assurdità Bengal'skij riunì le mani;palmo a palmo;facendo segni di saluto verso la fessura del sipario, che di conseguenza, con un rumore sordo, si aprì.;sg;_;_;succession/iteration/distributivity;modifier
grado a grado;yes;a;grado;Dormo fondo e poi vengo;grado a grado;in superficie, in una specie di ascensione inevitabile da galleggiante di sughero che sale dal fondo melmoso attraverso l'opacità che diventa via via più trasparente fino a proprio sotto il piano argentato tremolante della luce violenta.;sg;_;_;succession/iteration/distributivity;modifier
punto su punto;yes;su;punto;Stende la mano all'opposizione e rivendica;punto su punto;il proprio programma.;sg;_;_;succession/iteration/distributivity;modifier
uomo a uomo;no;a;uomo;Zika, inoltre, si rivelò molto più complicato di Ebola: mentre Ebola si diffonde quasi esclusivamente da;uomo a uomo;, Zika viene perlopiù trasmesso attraverso punture di zanzara.;sg;PNPN;yes;distractor;_
colpo su colpo;yes;su;colpo;Carafa no, preferiva abbandonare i protestanti al loro destino piuttosto che concedere anche una piccola incrinatura dell'autorità assoluta della Chiesa: occorreva ribattere ai luterani;colpo su colpo;, fare pulizia al proprio interno e dotarsi di apparati nuovi che raccogliessero la sfida.;sg;_;_;succession/iteration/distributivity;modifier
palmo a palmo;yes;a;palmo;Ma le guerre non si vincono né in aria né sull'acqua, si vincono sulla terra,;palmo a palmo;, uomo contro uomo.;sg;_;_;succession/iteration/distributivity;modifier
punto su punto;yes;su;punto;Il quale cade dalla nuvole, e replica;punto su punto;: È vero che la convocazione del notaio non è stata fatta per iscritto, bensì per telefono.;sg;_;_;succession/iteration/distributivity;modifier
brano a brano;yes;a;brano;Ma non primadi aver beccato Nauplio finoa levargli la pelle, a scuoiarlo,;brano a brano;.;sg;_;_;succession/iteration/distributivity;modifier
volta a volta;yes;a;volta;L'intento spiccatamente divulgativo non impedisce di raggiungere l'obiettivo di fornire una panoramica aggiornata e precisa, anche dal punto di vista quantitativo, di tutti questi fenomeni, rinviando opportunamente,;volta a volta;, alle fonti e alle indagini più approfondite pertinenti i diversi temi trattati.;sg;_;_;succession/iteration/distributivity;modifier
avversari su avversari;yes;su;avversario;Da questo momento in poi, Beckham continuerà almeno per un'ora a divorare metri su metri,;avversari su avversari;, con una facilità che fa male al cuore.;pl;_;_;greater_plurality/accumulation;nominal
colpo su colpo;yes;su;colpo;Katoh ha immediatamente risposto, ma Melandri ha reagito;colpo su colpo;.;sg;_;_;succession/iteration/distributivity;modifier
colpo su colpo;yes;su;colpo;"Tutto improvvisamente, intorno a quel ripiano, era tornato coerente con il tradizionale menage familiare della famiglia Masina; Manlio col suo slang condito di parolacce, Giorgio col suo rispondere";colpo su colpo;a tutte le provocazioni esterne, Cinzia con la sua puntuale abilità di organizzatrice familiare, Valentina con la sua svogliata partecipazione alla conduzione domestica e Noel con la sua serena e coccolata presenza, tanto cara a tutti.;sg;_;_;succession/iteration/distributivity;modifier
gomito a gomito;yes;a;gomito;Cosí si compí il tradimento, progettato e custodito fin dall'arrivo nella città dei folli,;gomito a gomito;con loro, per oltre un anno.;sg;_;_;juxtaposition/contact;modifier
corpo a corpo;yes;a;corpo;Saphira era meglio equipaggiata dei Lethrblaka per il combattimento;corpo a corpo;, grazie alle squame - più dure e resistenti della loro pellaccia grigia - e ai denti - di gran lunga più letali del loro becco in uno scontro ravvicinato - ma in quella situazione, con il basso soffitto della caverna che le dava scarsa libertà di manovra per saltare o volare, aveva non poche difficoltà a tenere testa a due creature che l'attaccavano contemporaneamente.;sg;_;_;juxtaposition/contact;modifier
corpo a corpo;yes;a;corpo;In questa situazione i giornalisti portati al seguito delle truppe per assistere a un rapido trionfo, sono diventati scomodi testimoni di una campagna difficile e lunga, dove i combattimenti;corpo a corpo;nelle periferie delle città si verificano con una frequenza sempre più ravvicinata.;sg;_;_;juxtaposition/contact;modifier
stagioni su stagioni;yes;su;stagione;Alla finestra sul mondo trascorsero;stagioni su stagioni;, poi fu di nuovo neve.;pl;_;_;greater_plurality/accumulation;nominal
palmo a palmo;yes;a;palmo;Per ore e ore hanno battuto la zona;palmo a palmo;.;sg;_;_;succession/iteration/distributivity;modifier
certificati su certificati;yes;su;certificato;Il secondo problema è quello del rispetto delle norme: per gestire correttamente una discoteca sarebbero necessari permessi su permessi,;certificati su certificati;.;pl;_;_;greater_plurality/accumulation;nominal
gomito a gomito;yes;a;gomito;Ci hanno divisi per evitare problemi, perquanto era possibile, vistoche si camminava tutto il giorno spalla a spalla,;gomito a gomito;, a passi diversi, ma alla stessa velocità, e quando vivi una situazione di fatica e scomodità come quella, con poco cibo e poca acqua e nessun posto dove ripararsi e molto freddo, invece, molto, molto freddo, be', i battibecchi e le risse sono sempre dietro l'angolo, in agguato, e gli accoltellamenti anche, quindi è meglio tenere separate le etnie ostili.;sg;_;_;juxtaposition/contact;modifier
corpo a corpo;yes;a;corpo;Per contro la loro forze e il loro fisico non sono assolutamente adatti nello scontro;corpo a corpo;.;sg;_;_;juxtaposition/contact;modifier
volta a volta;yes;a;volta;I suoi attori, ancora stancamente presenti, si scagliano;volta a volta;contro il sistema della partitocrazia, contro il regime del Caf, contro un sistema imprenditoriale arretrato, contro un mondo dell'informazione che ha preferito distorcere il suo prodotto (ma c'è chi preferisce considerarlo un servizio) al di là del lecito, contro l'organizzazione statale: tutti elementi indubbiamente intrecciati, ma ciascuno dotato anche di vita propria e di inesauribili capacità di sopravvivere alla sua stessa pubblica sconfessione.;sg;_;_;succession/iteration/distributivity;modifier
uomo a uomo;no;a;uomo;Al momento risulta che il contagio umano da influenza aviaria avviene con il contatto diretto con animali infetti, non si hanno prove di una trasmissione del virus da;uomo a uomo;.;sg;PNPN;yes;distractor;_
pedalata su pedalata;yes;su;pedalata;Non essendo lontana dalla città, raggiungevamo la Carletta in bicicletta, portando sul cannone le ragazze e principiando, con timide e apparentemente occasionali strisciate di ginocchio contro il loro sedere,;pedalata su pedalata;, il rito sessuale ridotto.;sg;_;_;succession/iteration/distributivity;modifier
scatole su scatole;yes;su;scatola;Maria, non l'aveva neppure mai fatto l'amore e, ciò nonostante, si vedeva recapitare;scatole su scatole;di preservativi.;pl;_;_;greater_plurality/accumulation;nominal
palmo a palmo;yes;a;palmo;Il geometra De Palo e il geometra Ranieri vengono sguinzagliati per battere;palmo a palmo;la città sulle loro station wagon.;sg;_;_;succession/iteration/distributivity;modifier
uomo a uomo;no;a;uomo;Questa doppia infezione potrebbe creare un virus nuovo, trasmissibile da;uomo a uomo;.;sg;PNPN;yes;distractor;_
corpo a corpo;yes;a;corpo;Non gli restava che il combattimento;corpo a corpo;.;sg;_;_;juxtaposition/contact;modifier
gomito a gomito;yes;a;gomito;Il podestà si era lungamente preparato a sostenere la parte: avrebbe dovuto passare tutta una giornata;gomito a gomito;con la sua antica morosa e con l'altrettanto antico timoniere che gliel'aveva soffiata.;sg;_;_;juxtaposition/contact;modifier
volta a volta;yes;a;volta;Questa è dunque divisibile in due tetrastici ben distinti, distinzione che facilita il compito di anticipazione e ricerca del poeta, il quale ha ache vedere;volta a volta;con una forma strofaica più breve di quella relativamente lunga dell'ottava.;sg;_;_;succession/iteration/distributivity;modifier
generazioni su generazioni;yes;su;generazione;Nei paesi in passato il parroco rimaneva nello stesso posto anche quaranta - cinquanta anni e battezzava;generazioni su generazioni;, oggi in una realtà in continuo cambiamento, questo fatto non è accettabile, pur riconoscendo che occorre un certo numero di anni per realizzare un progetto o per stabilire un rapporto profondo.;pl;_;_;greater_plurality/accumulation;nominal
punto su punto;yes;su;punto;Il tribunale della libertà risponde;punto su punto;alle obiezioni degli avvocati di Gregorat.;sg;_;_;succession/iteration/distributivity;modifier
colpo su colpo;yes;su;colpo;Proprio la dote che l'aveva sorretta durante il primo tempo, consentendole di reggere il ritmo - non forsennato - degli avversari ai quali aveva restituito;colpo su colpo;.;sg;_;_;greater_plurality/accumulation;nominal
uomo a uomo;no;a;uomo;Questo istinto di autodifesa genera la totalità delle persone oggi e genera l'assenza di ogni capacità di simpatia umana da;uomo a uomo;, dall'uomo al mondo, dall'uomo agli avvenimenti.;sg;PNPN;yes;distractor;_
case su case;yes;su;casa;A destra c'è il mare, a sinistra;case su case;, fino a pochi secondi prima di toccare.;pl;_;_;greater_plurality/accumulation;nominal
rovescio su rovescio;yes;su;rovescio;Sul sei pari abbiamo uno scambio assassino,;rovescio su rovescio;, e io sono un fascio di nervi scossi.;sg;_;_;succession/iteration/distributivity;modifier
corpi su corpi;yes;su;corpo;Invano risuonò l'ululato, straziante, di tutti i superstiti: i proiettili seguitarono a trafiggere;corpi su corpi;, trasformandoli in un batter d'occhio in bambolotti di pezza privi di vita.;pl;_;_;greater_plurality/accumulation;nominal
mattone su mattone;yes;su;mattone;La costruzione che ho contribuito a edificare;mattone su mattone;, verrà portata a termine da altri e molto presto.;sg;_;_;succession/iteration/distributivity;modifier
gomito a gomito;yes;a;gomito;Non esistono infine uffici: gli impiegati e le segretarie operano;gomito a gomito;"in ""open space"".";sg;_;_;juxtaposition/contact;modifier
soldi su soldi;yes;su;soldi;Insomma c'è ancora tempo, e spazio, per fare;soldi su soldi;su soldi vendendo e spedendo in tutto il mondo i vecchi libri di carta: tanto più se fatti in casa.;pl;_;_;greater_plurality/accumulation;nominal
palmo a palmo;yes;a;palmo;Se già non lo si è fatto sarebbe bene ripassare;palmo a palmo;i bordi misti e le aiuole per ripulire il terreno dai cespi marcescenti o secchi.;sg;_;_;succession/iteration/distributivity;modifier
punti su punti;yes;su;punto;L'Eroe e per questo lo proclamiamo tale affronta ogni cimento quando gli si presenta, e accumula;punti su punti;.;pl;_;_;greater_plurality/accumulation;nominal
corpo a corpo;yes;a;corpo;Mai prima quei guerrieri avevano affrontato;corpo a corpo;le legioni e non pareva loro vero di sfogare la rabbia a lungo compressa su quei reparti in disfatta, in preda al panico e alla confusione.;sg;_;_;juxtaposition/contact;modifier
opinioni su opinioni;yes;su;opinione;Ma allora, per essere pienamente razionale, ognuno dovrebbe essere dotato di una rappresentazione del mondo che è costituita da una gerarchia infinita dio;opinioni su opinioni;.;pl;_;_;greater_plurality/accumulation;nominal
tasse su tasse;yes;su;tassa;Dopo un anno, disoccupazione alle stelle,;tasse su tasse;, pensioni in pericolo, criminalità impunita e spavalda, città nelle mani di spacciatori e violenti, il futuro è visto da molti incerto e drammatico.;pl;_;_;greater_plurality/accumulation;nominal
donna a donna;no;a;donna;Il deficit estrogenico ha una serie di effetti a breve, medio e lungo termine differenti per incidenza da;donna a donna;in base anche a fattori costituzionali e socio-ambientali ma comunque capaci in molti casi di minare gravemente lo stato di salute generale attraverso il danneggiamento di numerosi organi ed apparati (cardiovascolare, nervoso, cutaneo, osseo, uro - genitale).;sg;PNPN;yes;distractor;_
colpo su colpo;yes;su;colpo;"Ma ora che il presidente Hugo Chavez ha chiesto ai suoi di rispondere """;colpo su colpo;"alle provocazioni dei senzapatria"", quella delle pentole è diventata una piccola guerra che si estende per tutta la capitale venezuelana.";sg;_;_;succession/iteration/distributivity;modifier
colpo su colpo;yes;su;colpo;Solo gli Immortali restarono sul posto, si chiusero a quadrato e continuarono a respingere gli assalti nemici rispondendo;colpo su colpo;.;sg;_;_;succession/iteration/distributivity;modifier
uomo a uomo;no;a;uomo;"""È solo una questione di tempo"", secondo Webster, e il virus H5N1, prima o poi, farà il salto della specie, propagandosi da";uomo a uomo;.;sg;PNPN;yes;distractor;_
gomito a gomito;yes;a;gomito;Emiliano è un pm di prima linea: è stato in Sicilia dove ha lavorato;gomito a gomito;"con Rosario Livatino, il giovane magistrato ucciso dalla mafia; poi a Brindisi dove con una serie di inchieste ha decapitato la mafia pugliese, la Sacra Corona Unita.";sg;_;_;juxtaposition/contact;modifier
corpo a corpo;yes;a;corpo;James Buck aveva fatto parte delle SAS, le forze aeree speciali britanniche, e, tra le altre cose, era un esperto di combattimenti;corpo a corpo;e di armi bianche.;sg;_;_;juxtaposition/contact;modifier
palmo a palmo;yes;a;palmo;"La tensione del Franco Cacciatore viene condotta al diapason, allorché l'agens deve unirsi alla ""generale Caccia"" alla Bestia, e batte accanitamente,";palmo a palmo;, l'intrico della macchia.;sg;_;_;succession/iteration/distributivity;modifier
colpo su colpo;yes;su;colpo;I locali hanno comunque retto la botta almeno per i 40 minuti iniziali, controbattendo;colpo su colpo;, anzi pressando in tutte le parti del campo.;sg;_;_;succession/iteration/distributivity;modifier
ACCUSE SU ACCUSE;yes;su;accusa;ANZICHE DISTRUGGERLA CON POLEMICHE SU POLEMICHE ... ;ACCUSE SU ACCUSE;…;pl;_;_;greater_plurality/accumulation;nominal
volta a volta;yes;a;volta;Una ulteriore complicazione dello schema risulterebbe se considerassimo come i destinatari grammaticali delle ottave dei poeti possano essere;volta a volta;, e anche nella medesima ottava, il proprio antagonista o il pubblico medesimo.;sg;_;_;succession/iteration/distributivity;modifier
punto su punto;yes;su;punto;Proprio sotto la spinta del suo coloured, Verona ha rosicchiato così;punto su punto;agli avversari (28-31 al 17'), prima di cedere nuovamente qualcosa al riposo (30-35) anche per la serata negativa di Iuzzolino (zero punti all'intervallo, con 4 errori al tiro).;sg;_;_;succession/iteration/distributivity;modifier
uomo a uomo;no;a;uomo;"Questa trasformazione, ipotizzano gli studiosi, ""potrebbe essere dovuta a variazioni o nelle capacità del virus di trasmettersi da";uomo a uomo;", o nelle caratteristiche della popolazione prevalentemente infettata"".";sg;PNPN;yes;distractor;_
punto su punto;yes;su;punto;Incalzato dai rappresentanti di Uds (Unione degli studenti) e Ras (Rete autogestita studentesca), il ministro ha ribattuto;punto su punto;.;sg;_;_;succession/iteration/distributivity;modifier
colpo su colpo;yes;su;colpo;Più adulto e più esperto di lui, era sempre riuscito a tenergli testa, a rispondere;colpo su colpo;o addirittura a prevenire le sue mosse.;sg;_;_;succession/iteration/distributivity;modifier
volta a volta;yes;a;volta;Quanto al corpo, nonostante tanta tradizione del pensiero occidentale (e talvolta, del migliore, come quello di Platone dello stupendo Fedone) sia stata avvezza a pensarlo,;volta a volta;, come tomba dell'anima o come semplice strumento dell'anima stessa, è pur vero che altre tradizioni, ad esempio orientali, si sono profuse a sottolineare che il corpo è come un tempio, in cui l'esperienza multiforme del mondo celebra, istante dopo istante, i propri riti.;sg;_;_;succession/iteration/distributivity;modifier
corpo a corpo;yes;a;corpo;Qualche scettico si domanderà come mai il comando americano mandi un preziosissimo marconista navajo a combattere;corpo a corpo;contro il nemico, con il rischio che lo catturino.;sg;_;_;juxtaposition/contact;modifier
volta a volta;yes;a;volta;Per tutto il tragitto padre Boni non aveva aperto bocca se non per dargli,;volta a volta;, le indicazioni per l'itinerario da seguire.;sg;_;_;succession/iteration/distributivity;modifier
gomito a gomito;yes;a;gomito;"Sono impazzito per il mercato del pesce di Tokyo, colazione alle quattro di mattina, mangiando ""yakitori"", ""ramen"", sushi,";gomito a gomito;con uno che puzza di pesce perchè lì ci lavora.;sg;_;_;juxtaposition/contact;modifier
uomo a uomo;no;a;uomo;Segreti, appunto, che erano da sempre tramandati da;uomo a uomo;, da adulto a giovane, da maestro a discepolo.;sg;PNPN;yes;distractor;_
stagione su stagione;yes;su;stagione;Vincenzo dipinse la collinetta per quasi due d'anni, colore su colore,;stagione su stagione;.;sg;_;_;succession/iteration/distributivity;modifier
volta a volta;yes;a;volta;Ognuna delle due diverse soluzioni presenta vantaggi e limiti: nella prima ipotesi può essere più agevolmente perseguita una politica criminale che concentri;volta a volta;"i propri obbiettivi sui fatti ritenuti più importanti, trascurando gli altri; nella seconda è più agevole assicurare che non si sottraggano al codice penale quanti hanno la possibilità di influire sulle scelte politiche.";sg;_;_;succession/iteration/distributivity;modifier
soldi su soldi;yes;su;soldi;"Si tratta di un accidente della natura, in certi individui; una volta che si è iniziato, non c'è modo di fermarsi,";soldi su soldi;.;pl;_;_;greater_plurality/accumulation;nominal
uomo a uomo;no;a;uomo;Volete che vi parli da;uomo a uomo;, o come ad uno che ha quel tanto di autorità ufficiale che gli consente di immischiarsi in una faccenda che non lo riguarda?;sg;PNPN;yes;distractor;_
gomito a gomito;yes;a;gomito;Per prima cosa ottenne un sostanzioso prestito grazieall'appoggio e alla fiducia di banchieri legati all'agente commerciale di suo padre, poi mandò i commandeurs ai canneti, a lavorare;gomito a gomito;con gli stessi uomini che prima avevano martirizzato e li rimpiazzò con altri meno depravati, ridusse i castighi e assunse un veterinario, che trascorse due mesi a Saint - Lazare cercando di restituire un po 'di salute ai neri.;sg;_;_;juxtaposition/contact;modifier
palmo a palmo;yes;a;palmo;Per individuare le casse di zinco, la polizia batte;palmo a palmo;tutta la basilica, partendo dai sottotetti, scoprendo locali nemmeno mappati nelle cartine catastali, per passare alle stanze che ospitano gli organi, sino a sgabuzzini ricavati vicino alle aule, come quello ispezionato vicino all'attuale aula 201: la coincidenza è interessante, perché la stanza si trova a pochi metri dal quarto piano del palazzo adiacente: proprio la vecchia sede dell'istituto Ludovico da Victoria, la scuola di musica dove Emanuela nel 1983 andava a lezione.;sg;_;_;succession/iteration/distributivity;modifier
volta a volta;yes;a;volta;Di lì, stringendo di nuovo con forza, la mano ripartiva verso il basso dell'asta, tendendo il prepuzio,;volta a volta;strangolando la carne tumescente o allentando la stretta, sfiorando appena la mucosa o molestandola, massaggiando con grandi movimenti del polso oppure tormentando con brevi colpi senza pietà... Il glande, raddoppiato di volume, si infuocava e sembrava ad ogni istante sempre più prossimo a esplodere.;sg;_;_;succession/iteration/distributivity;modifier
brano a brano;yes;a;brano;È sensibile ai tentativi dei poeti di rischiarare;brano a brano;l'ancora vasta oscurità delle cose non dette.;sg;_;_;succession/iteration/distributivity;modifier
colpo su colpo;yes;su;colpo;"Non rivolgerti con tono sferzante ad alcuno coloro ai quali ti rivolgerai in questo modo ti potrebbero rispondere nello stesso modo: le ingiurie sono dolorose;";colpo su colpo;, esse ricadranno sopra di te.;sg;_;_;succession/iteration/distributivity;modifier
piani su piani;yes;su;piano;Da mesi gli stati maggiori stanno elaborando;piani su piani;, ipotizzando un vertice italiano che gestirà uno schieramento di forze europee.;pl;_;_;greater_plurality/accumulation;nominal
informazioni su informazioni;yes;su;informazione;Di converso, e questo è il secondo aspetto, ciò significa che ti si rovesciano addosso;informazioni su informazioni;, sempre di più, col rischio che, superando certi livelli, tutto si confonde e perde di valore.;pl;_;_;greater_plurality/accumulation;nominal
uomo a uomo;no;a;uomo;Queste forme di sapere «tecnico» vengono tramandate da;uomo a uomo;, da adulto a giovane, e fanno parte degli insegnamenti che i ragazzi ricevono nella «casa degli uomini».;sg;PNPN;yes;distractor;_
riunioni su riunioni;yes;su;riunione;Naturalmente, come in ogni occupazione che si rispetti, si susseguono;riunioni su riunioni;.;pl;_;_;greater_plurality/accumulation;nominal
bicchiere su bicchiere;yes;su;bicchiere;Poco sveglio da giovane, invecchiando aveva peggiorato e al calare del sole il vino che s'era bevuto durante il giorno, sommandosi;bicchiere su bicchiere;, lo riduceva ad appisolarsi accantoal fuoco d'inverno o sotto l'albero del cortile al tempo della buona stagione.;sg;_;_;succession/iteration/distributivity;modifier
cambiali su cambiali;yes;su;cambiale;Mario viveva lì da tanto tempo, aveva comprato quell'appartamento firmando;cambiali su cambiali;per anni, perchè doveva essere così, il matrimonio si sa impone questo tipo di sacrifici.;pl;_;_;greater_plurality/accumulation;nominal
punto su punto;yes;su;punto;Una pessima notizia per il Basaksehir, club di recente fondazione che sta lottando;punto su punto;con il più quotato Galatasaray per la vittoria dello scudetto.;sg;_;_;succession/iteration/distributivity;modifier
volta a volta;yes;a;volta;Piuttosto sulla capacità di costruirsi sul dialogo (e sul conflitto) con i luoghi, con le condizioni, con l'altro e di proporre,;volta a volta;a partire da essi, l'emersione di una verità: limitata, provvisoria e specifica quanto universale nelle sue intenzionalità.;sg;_;_;succession/iteration/distributivity;modifier
fronte a fronte;yes;a;fronte;Hussein, alla minaccia di trovarsi;fronte a fronte;con Amintore e soprattutto con Maria Pia, ha pianto lungamente e voleva far caricare sul jumbo anche un paio di emiri kuwaitiani con tutte le mogli e figli.;sg;_;_;juxtaposition/contact;modifier
fibra a fibra;yes;a;fibra;Le sembrava che Francesco fosse improvvisamente penetrabile alla sua conoscenza e che avrebbe potuto percorrerlo;fibra a fibra;, come si fa con uno strumento musicale le cui note appartengano a uno spartito certo.;sg;_;_;succession/iteration/distributivity;modifier
palmo a palmo;yes;a;palmo;Cominciando a conoscerti, che a Venezia ha aperto la Settimana della Critica e, ora, soggiorna sui nostri schermi conquistandosi;palmo a palmo;il favore del pubblico più attento.;sg;_;_;succession/iteration/distributivity;modifier
corpo a corpo;yes;a;corpo;Come dice Manuel Estiarte, il più forte pallanuotista di tutti i tempi: «È vero, bisogna calcolare che le probabilità che Messi esca sconfitto da un impatto;corpo a corpo;sono elevate, come elevato è il rischio che venga totalmente travolto dai difensori.;sg;_;_;juxtaposition/contact;modifier
volta a volta;yes;a;volta;Quindi il contratto collettivo si è affermato nella realtà concreta della gestione dei rapporti di lavoro o per forza propria ovvero in ragione dei rinvii;volta a volta;operati dal legislatore.;sg;_;_;succession/iteration/distributivity;modifier
corpo a corpo;yes;a;corpo;La guerriglia urbana, la battaglia;corpo a corpo;nelle strade della capitale è proprio quello che al Pentagono vogliono evitare.;sg;_;_;juxtaposition/contact;modifier
uomo a uomo;no;a;uomo;Fisher, non ho mai avuto modo di parlarti, da;uomo a uomo;.;sg;PNPN;yes;distractor;_
dolori su dolori;yes;su;dolore;E dietro a quello, molti altri ricordi rossi, indicibili, segreti, sepolti da anni di uso di mondo, errori, matrimoni, figlie, partenze, musica, abbandoni, gioielli, amanti, dolori, e dolori su;dolori su dolori;per mimetizzare il padre di tutti i dolori.;pl;_;_;greater_plurality/accumulation;nominal
donna a donna;no;a;donna;C'è una donna vescovo, adesso, negli Stati Uniti, forse potrei chiamarla, forse lei potrebbe arrivare a Vina e, non so, forse, parlandole da;donna a donna;, intercedere per me.;sg;PNPN;yes;distractor;_
avversari su avversari;yes;su;avversario;Marcella Bazzoni da poche ore si è dimessa da tecnico dell'Itm Jchnusa, la formazione di pallamano che nella prima parte di campionato ha macinato;avversari su avversari;nella A2 maschile, per poi crollare inanellando quattro sconfitte di seguito.;pl;_;_;greater_plurality/accumulation;nominal
grado a grado;yes;a;grado;[La scienza politica] chiarisce come scenda la rivelazione da presso Dio,;grado a grado;, fino al primo governante.;sg;_;_;succession/iteration/distributivity;modifier
miliardi su miliardi;yes;su;miliardo;"Il quale, al processo, ha specificato quale ""servizio finanziario eserceva"": trasportava di qua e di là dalla frontiera svizzera";miliardi su miliardi;per conto di amici, avvocati e almeno quattro giudici.;pl;_;_;greater_plurality/accumulation;nominal
mattone su mattone;yes;su;mattone;Per un poliziotto, fare un buon lavoro significa costruire;mattone su mattone;.;sg;_;_;succession/iteration/distributivity;modifier
colpo su colpo;yes;su;colpo;Ma Rambo non ci sta, Rambo combatte, lui resta in forma e risponde all'attacco;colpo su colpo;, prendendo la natura a calci nel culo e spaccando il muso alla società.;sg;_;_;succession/iteration/distributivity;modifier
palmo a palmo;yes;a;palmo;Il litorale tra Ostia e Anzio viene setacciato;palmo a palmo;con i cani.;sg;_;_;succession/iteration/distributivity;modifier
corpo a corpo;yes;a;corpo;Pare abbia ucciso di sua mano un ribelle della tribù dei cadusi in un duello;corpo a corpo;.;sg;_;_;juxtaposition/contact;modifier
volta a volta;yes;a;volta;Di questo l'esperienza interiore, il mio sentirmi si fa;volta a volta;avvertito.;sg;_;_;succession/iteration/distributivity;modifier
donna a donna;no;a;donna;Sono villana, lo sai già, e se c'è qualcosa che mi mette di malumore sono le sedute di confidenze da;donna a donna;, per cui gradirei che mi risparmiassi le tue.;sg;PNPN;yes;distractor;_
volta a volta;yes;a;volta;Una sua vanteria, immagino, di poter recitare;volta a volta;la parte del defensor fidei e dell'avvocato del diavolo, facendosi apologista ora dei carabinieri, ora dei lestofanti.;sg;_;_;succession/iteration/distributivity;modifier
gomito a gomito;yes;a;gomito;Cosa crede che succeda quando uno della valle di Ossau lavora;gomito a gomito;con uno della valle del Gave?;sg;_;_;juxtaposition/contact;modifier
corpo a corpo;yes;a;corpo;Nel frattempo, i macedoni rinchiusi nella cittadella fecero una sortita e presero alle spalle i guerrieri avversari che si battevano;corpo a corpo;, nelle vie strette e tortuose, davanti alle loro stesse case.;sg;_;_;juxtaposition/contact;modifier
palmo a palmo;yes;a;palmo;Moltitudine di prostitute e colori sgargianti, stuoli d'artisti e piaceri del cibo, mio Ludovico, servono a celare spie e sbirri, giudici e inquisitori che;palmo a palmo;scrutano incessanti.;sg;_;_;succession/iteration/distributivity;modifier
colpo su colpo;yes;su;colpo;Se la reazione - peraltro incerta - dell'azionariato Ina fosse un rilancio sulla stessa Ina, poco male: ci si confronterebbe;colpo su colpo;di fronte al mercato.;sg;_;_;succession/iteration/distributivity;modifier
Parole su parole;yes;su;parola;ose fondamentali per la formazione del pensiero degli studenti suoi coetanei .  Parole su parole , in_forma_di versi , di articoli , di canzoni perché Evtuscenko sapeva che un;Parole su parole;, in forma di versi, di articoli, di canzoni perché Evtuscenko sapeva che un vecchio proverbio russo era sacrosanta verità: «Ciò che è stato scritto con la penna non si può rimuovere con un'accetta». ;pl;_;_;greater_plurality/accumulation;nominal
gomito a gomito;yes;a;gomito;E non è possibile metterli;gomito a gomito;con le donne gomito a gomito, al lavandino, in un gabinetto.;sg;_;_;juxtaposition/contact;modifier
pezzetto su pezzetto;yes;su;pezzetto;Le era sembrato di costruire ogni giorno;pezzetto su pezzetto;la propria vita e ciò che l'aveva inorgoglita di più era che ogni piccolo miglioramento derivasse dalla sua volontà e dalla assoluta mancanza di compromessi.;sg;_;_;succession/iteration/distributivity;modifier
volta a volta;yes;a;volta;Emma (Iaia Forte) e Salvatore, denominato;volta a volta;Sal o Tore (Tommaso Ragno), sono una coppia in crisi che tenta di riattizzare il fuoco recitando - ad uso privato - il proprio rapporto.;sg;_;_;succession/iteration/distributivity;modifier
donna a donna;no;a;donna;L'intensità del dolore in questa fase varia molto da;donna a donna;.;sg;PNPN;yes;distractor;_
gomito a gomito;yes;a;gomito;Credo di avere già scritto su questo mio diario l'impressione che ho riportato di quella grande birreria monacense dove i bavaresi si affollano intorno a lunghe tables d'hôte,;gomito a gomito;, svergognandosi di salsicce untuose e sorbendosi boccali grandi quanto un tino, uomini e donne, le donne più ridanciane, rumorose e volgari degli uomini.;sg;_;_;juxtaposition/contact;modifier
voti su voti;yes;su;voto;Ma i grattacapi più grandi arrivano da Salvini, che prima raccatta;voti su voti;, incentrando tutto il suo operato sulla lotta all'immigrazione clandestina, riducendo i numeri degli sbarchi (grazie anche ai precedenti accordi portati avanti da Marco Minniti con le tribù libiche) e poi fa saltare il banco sulla Tav.;pl;_;_;greater_plurality/accumulation;nominal
punto su punto;yes;su;punto;Il 2 febbraio, con l'Inter avanti di cinque punti, aveva detto: «Non mi dispiacerebbe nemmeno se dovessimo lottare;punto su punto;in campionato.»;sg;_;_;succession/iteration/distributivity;modifier
corpo a corpo;yes;a;corpo;Non era il momento adatto a considerazioni tattiche, la colluttazione era diventata un furioso combattimento;corpo a corpo;.;sg;_;_;juxtaposition/contact;modifier
corpo a corpo;yes;a;corpo;"Sto rollando verso di te, balena, tu che tutto distruggi e nulla conquisti; fino all'ultimo lotto con te";corpo a corpo;", e dal cuore dell'inferno ti pugnalo; in nome dell'odio ti sputo addosso l'estremo respiro.";sg;_;_;juxtaposition/contact;modifier
donna a donna;no;a;donna;La signorina Griffin ed io abbiamo fatto una lunga chiacchierata, da;donna a donna;, ed abbiamo tratto il massimo l'una dall'altra.;sg;PNPN;yes;distractor;_
acciaio su acciaio;yes;su;acciaio;Esattamente come la vecchia Unione sovietica che macinava;acciaio su acciaio;e, per certi versi, anche la Cina attuale.;sg/pl;_;_;greater_plurality/accumulation;nominal
colpo su colpo;yes;su;colpo;Che non consiste nel ribattere;colpo su colpo;alle battute dell'antipolitica nei salotti televisivi, ma nel rispondere alle domande della società.;sg;_;_;succession/iteration/distributivity;modifier
novità su novità;yes;su;novità;In questo tipo di visione non vi è comprensione o rapporto originario con la verità, ma un tentativo di fuggire dal proprio essere - nel - mondo cercando incessantemente;novità su novità;.;sg/pl;_;_;greater_plurality/accumulation;nominal
riunioni su riunioni;yes;su;riunione;Da dieci giorni stiamo dicendo in tutte le sedi che bisognava intervenire: si è perduto tempo a discutere, a prendere contatti diplomatici, a fare;riunioni su riunioni;, dichiarazioni su dichiarazioni, mentre la tragedia albanese richiedeva interventi rapidi, decisi, organici, massicci.;pl;_;_;greater_plurality/accumulation;nominal
odio su odio;yes;su;odio;Ma bisogna evitare di creare;odio su odio;, fermarsi a riconsiderare gli strumenti con cui vogliamo combattere questa guerra.;sg;_;_;greater_plurality/accumulation;nominal
palmo a palmo;yes;a;palmo;Ovviamente non possiamo battere quella parte del Gargano;palmo a palmo;.;sg;_;_;succession/iteration/distributivity;modifier
uomo a uomo;no;a;uomo;Faustino Rivera aveva guardato il suo superiore e ne aveva intuito il pensiero, perché in certe notti di guardia avevano potuto parlare da;uomo a uomo;, scavalcando le gerarchie per analizzare le cause del sollevamento militare e delle sue conseguenze.;sg;PNPN;yes;distractor;_
fibra a fibra;yes;a;fibra;La sua voce si impoveriva man mano che andava avanti, come se le sue parole si portassero via;fibra a fibra;il tessuto del suo timbro.;sg;_;_;succession/iteration/distributivity;modifier
volta a volta;yes;a;volta;Anche da questo lato il rispetto per altri torna a riproporsi con una regola che;volta a volta;può richiedere la testimonianza della parola o del silenzio.;sg;_;_;succession/iteration/distributivity;modifier
uomo a uomo;no;a;uomo;"Milioni di persone hanno lasciato Wuhan prima che fosse isolata, spargendo il virus ovunque; centinaia di cittadini sono stati contagiati quando era chiaro che il patogeno si trasmetteva da";uomo a uomo;, ma era vietato dirlo per preservare la stabilità.;sg;PNPN;yes;distractor;_
odio su odio;yes;su;odio;La logica pretende di farla da padrona e queste sono le inevitabili conseguenze:;odio su odio;.;sg;_;_;greater_plurality/accumulation;nominal
colpo su colpo;yes;su;colpo;Il Lecce metteva subito sotto pressione il Toro che non si lasciava intimidire e ribatteva;colpo su colpo;.;sg;_;_;succession/iteration/distributivity;modifier
braccio a braccio;yes;a;braccio;Primo edificio per la musica progettato dallo studio di Michel Rojkind, è il frutto di un processo progettuale sviluppato;braccio a braccio;con la direzione dell'Orchestra: le scelte riguardanti il tipo di sala, il numero di sedute e le destinazioni funzionali degli ambienti sono dunque condivise e volute dai successivi inquilini dello spazio.;sg;_;_;juxtaposition/contact;modifier
brani su brani;yes;su;brano;"John Lennon diceva che Beethoven ""era una truffa proprio come noi, produceva";brani su brani;""", Ringo invece ""ne ammirava soprattutto le poesie"".";pl;_;_;greater_plurality/accumulation;nominal
offesa su offesa;yes;su;offesa;Ieri però, dopo giorni di accuse dell'opposizione sui soldi spesi dall'amministrazione per le celebrazioni garibaldine, un gruppo di manifestanti lo ha affrontato a viso aperto e Daverio, ribattendo;offesa su offesa;, in qualche caso ha preferito il rilancio, come quando ha definito «cicciona» una delle manifestanti più ingaggiate.;sg;_;_;succession/iteration/distributivity;modifier
riunioni su riunioni;yes;su;riunione;Come sempre accade, appena un matrimonio va a rotoli si inizia a lavorare finoa tardi, a fare;riunioni su riunioni;, viaggi improvvisi.;pl;_;_;greater_plurality/accumulation;nominal
corpo a corpo;yes;a;corpo;Non possedeva più la pistola e la spranga che aveva trovato si sarebbe rivelata utile solo in uno scontro;corpo a corpo;.;sg;_;_;juxtaposition/contact;modifier
campi su campi;yes;su;campo;"Questi campi non vivono nello spaziotempo; vivono, per così dire, uno sull'altro:";campi su campi;.;pl;_;_;greater_plurality/accumulation;nominal
gomito a gomito;yes;a;gomito;Lavorare durante l'estate, tra giostre, montagne russe e castelli incantati,;gomito a gomito;con i personaggi delle fiabe e con migliaia di turisti, grandi e piccini.;sg;_;_;juxtaposition/contact;modifier
palmo a palmo;yes;a;palmo;Per lui si tratterà di procedere progredendo senza progredire, di lottare;palmo a palmo;contro qualunque forma di dipendenza dal terapeuta, di non dovergli niente, soprattutto di non essergli debitore di un miglioramento del quale preferisce fare a meno piuttosto che pagarlo a quel prezzo.;sg;_;_;succession/iteration/distributivity;modifier
km su km;yes;su;km;Novità più significative, figlie di questo nuovo modo di intendere la speleologia, sono le esplorazioni all'OPIII, alla Feruglio, nel Complesso del Foran del Muss (che macinando;km su km;e giunzioni su giunzioni, sta insidiando l'adiacente Complesso del Col delle Erbe, da oltre 25 anni al primo posto nella classifica delle grotte più estese), e il Led Zeppelin, che è divenuta la più profonda cavità della regione.;sg;_;_;greater_plurality/accumulation;nominal
colpo su colpo;yes;su;colpo;Diviso tra la sua anima pragmatica legata a Yassin e quella oltranzista del pediatra Rantisi, il gruppo, con profondi contatti col cosiddetto fronte delle carceri, replica alle ritorsioni israeliane;colpo su colpo;senza disdegnare quando necessario la ritirata strategica, la tregua, in vista di una razionalizzazione delle proprie forze.;sg;_;_;succession/iteration/distributivity;modifier
sbagli su sbagli;yes;su;sbaglio;Aveva sempre permesso che loro ne approfittassero – una masochistica consapevolezza che la portava a collezionare;sbagli su sbagli;.;pl;_;_;greater_plurality/accumulation;nominal
palmo a palmo;yes;a;palmo;Ufficio che è stato controllato;palmo a palmo;.;sg;_;_;succession/iteration/distributivity;modifier
riunioni su riunioni;yes;su;riunione;Ma per arrivare sino a quel punto, a quel sospiro di sollievo, ci sono state ore di trattative ininterrotte e telefonate notturne e sveglie all'alba e;riunioni su riunioni;.;pl;_;_;greater_plurality/accumulation;nominal
volta a volta;yes;a;volta;Roberto non capiva se essa, per disattenzione,;volta a volta;gli attribuisse i detti e i fatti di un altro, oppure lo provocasse con civetteria.;sg;_;_;succession/iteration/distributivity;modifier
donna a donna;no;a;donna;Quali sono i fattori che determinano queste differenze da;donna a donna;?;sg;PNPN;yes;distractor;_
corpo a corpo;yes;a;corpo;Elias insegnava ai popolani come schierarsi in falange, puntare le picche, affrontare un uomo;corpo a corpo;.;sg;_;_;juxtaposition/contact;modifier
balcone a balcone;yes;a;balcone;Così si sente superiore nel cortile, a esempio, sul cav. Bizzini, suo dirimpettaio,;balcone a balcone;, che vive con la figlia, il genero e i ragazzi un maschio e una femmina e potrebbe essere privilegiato, ma se sapesse scrollarsi di dosso il rischio di venir ficcato in un ospizio per anziani.;sg;_;_;juxtaposition/contact;modifier
fronte a fronte;yes;a;fronte;Proprio nel novembre del '95, in occasione di una tavola rotonda nell'aula Nervi sull'etica in presenza di duemila medici cattolici, Giovanni Paolo II ed Andreotti si trovarono;fronte a fronte;e si scambiarono una lunga stretta di mano in un clima di ovazione.;sg;_;_;juxtaposition/contact;modifier
palmo a palmo;yes;a;palmo;Non venendo, l'italiano aveva agito in modo tanto ragionevole quanto scortese, non si sarebbe visto nulla, ci si sarebbe dovuti accontentare di esplorare;palmo a palmo;alcuni quadri con la lampadina tascabile di K.;sg;_;_;succession/iteration/distributivity;modifier
giri su giri;yes;su;giro;In lontananza la ruota panoramica inanellava;giri su giri;all'infinito proiettando le sue luci colorate sulle acque scure del porto.;pl;_;_;greater_plurality/accumulation;nominal
volta a volta;yes;a;volta;In fondo, la crisi dell'università è il prodotto di due silenzi: uno è quello,;volta a volta;connivente, frustrato, desensibilizzato, del mondo accademico stesso, che vede e soffre le pecche del sistema e dei comportamenti, ma non sa uscirne con proposte generali e comportamenti adeguati.;sg;_;_;succession/iteration/distributivity;modifier
rospi su rospi;yes;su;rospo;L'italiano sente, con il suo istinto arcaico e animalesco, che è in arrivo una tempesta nella quale perderà quelle poche certezze che lo aiutavano a inghiottire;rospi su rospi;.;pl;_;_;greater_plurality/accumulation;nominal
palmo a palmo;yes;a;palmo;Tutte le auto vengono osservate;palmo a palmo;, illuminate da fortissime luci bianche.;sg;_;_;succession/iteration/distributivity;modifier
gomito a gomito;yes;a;gomito;Naturalmente certi vecchi quartieri londinesi conservavano le antiche caratteristiche di grande eleganza e ricchezza, ma erano spesso;gomito a gomito;con gli slum più squallidi e più ripugnanti.;sg;_;_;juxtaposition/contact;modifier
corpo a corpo;yes;a;corpo;"Dodici fra loro, originari di Lebbeke, si erano rifugiati nella fattoria di Ottavio Vernulst; essi furono legati";corpo a corpo;e condotti dietro alla fattoria, dove vennero massacrati.;sg;_;_;juxtaposition/contact;modifier
colpo su colpo;yes;su;colpo;Sentiva quella sconfitta comese l'avesse subita personalmente, e la formidabile capacità di Memnone di restituire;colpo su colpo;e con forza spaventosa lo umiliava duramente e gli faceva provare per la prima volta in vita sua un frustrante senso d'impotenza e di profonda solitudine.;sg;_;_;greater_plurality/accumulation;nominal
miliardi su miliardi;yes;su;miliardo;Voi Cannarozzo e Cazzetta ci rovinate la vista, mettete in mostra le Fiat nude come la Caprioglio senza coprirne con i lenzuoli le lamierazze, e fate;miliardi su miliardi;in Brianza e a Squinzano, e poi i bei risultati sono l'Italia.;pl;_;_;greater_plurality/accumulation;nominal
uomo a uomo;no;a;uomo;Inoltre la situazione degli xenotrapianti oggi è vista esattamente come i trapianti da;uomo a uomo;erano considerati all'inizio degli Anni Sessanta, quando eravamo davvero in pochi a crederci.;sg;PNPN;yes;distractor;_
soldi su soldi;yes;su;soldi;E ora questi incapaci hanno il coraggio di chiedere;soldi su soldi;a chi le tasse le paga già fino all'ultimo centesimo.;pl;_;_;greater_plurality/accumulation;nominal
donna a donna;no;a;donna;Vai ora, non stare a perdere tempo, aggiungi;donna a donna;, e non metterti a contare.;sg;verbal;yes;distractor;_
colpo su colpo;yes;su;colpo;Jack Hyde mi fa domande spiazzanti e intelligenti, ma io non mi faccio cogliere impreparata: rispondo;colpo su colpo;e, quando discutiamo delle mie letture preferite, credo di cavarmela bene.;sg;_;_;succession/iteration/distributivity;modifier
colpo su colpo;yes;su;colpo;Il nostro compito è restare vigili e rispondere;colpo su colpo;.;sg;_;_;succession/iteration/distributivity;modifier
punto su punto;yes;su;punto;La strategia 5Stelle - contrastare;punto su punto;Salvini colpendolo anche sui temi a lui più cari, come sicurezza e immigrazione - sembra aver avuto qualche effetto.;sg;_;_;succession/iteration/distributivity;modifier
mattone su mattone;yes;su;mattone;I torinesi la videro, ma tra tumulti, morti, feriti: perché mentre loro lavoravano,;mattone su mattone;, a costruire l'aula voluta dal conte e dalla città per sostituire il provvisorio Parlamento subalpino messo su alla buona in soli 113 giorni (in tempo per proclamare, il 18 febbraio 1861, il Regno d'Italia), la diplomazia aveva già deciso di accontentare Napoleone III e trasferire la capitale a Firenze e pochi anni più tardi a Roma.;sg;_;_;succession/iteration/distributivity;modifier
palmo a palmo;yes;a;palmo;Da quella sera, fino a ieri pomeriggio, carabinieri, polizia e vigili del fuoco hanno continuato a cercare madre e figlio, battendo;palmo a palmo;la zona lungo il fiume e scandagliando le acque del Livenza, che a tratti ha correnti molto forti e profondità dai cinque ai nove metri.;sg;_;_;succession/iteration/distributivity;modifier
superficie su superficie;yes;su;superficie;Dove ho letto che al momento finale, quando la vita,;superficie su superficie;, si è - incrostata di esperienza, sai tutto, il segreto, il potere e la gloria, perché sei nato, perché stai morendo, e come tutto avrebbe potuto andare diversamente?;sg;_;_;succession/iteration/distributivity;modifier
simmetria su simmetria;yes;su;simmetria;Occhi, seni, ombre e luci sulle anche,;simmetria su simmetria;... il suo respiro che si faceva corto.;sg;_;_;succession/iteration/distributivity;modifier
riunioni su riunioni;yes;su;riunione;Non resta che aspettare: sempre dal municipio i bene informati fanno sapere che proprio in queste ore si stanno svolgendo;riunioni su riunioni;per risolvere la matassa e passare all'azione, ma sulla tempistica non si sbilancia nessuno.;pl;_;_;greater_plurality/accumulation;nominal
palmo a palmo;yes;a;palmo;Siccome la domestica non le aveva detto dov'era stata morsa, le alzò la camiciola e la esaminò;palmo a palmo;, seguendo con la luce la treccia di penitenza che teneva avvolta intorno al corpo come una coda di leone.;sg;_;_;succession/iteration/distributivity;modifier
fronte a fronte;yes;a;fronte;E l'ordine, sia ben chiaro, non è l'assenza di disordine, ma la confusione regolamentata, su cui vigilano;fronte a fronte;re e vescovi.;sg;_;_;juxtaposition/contact;modifier
bozzi su bozzi;yes;su;bozzo;"""Da queste parti la chiamano";bozzi su bozzi;""", ridimensionò subito la faccenda.";pl;_;_;greater_plurality/accumulation;nominal
