ID;preposition;pre_lemma;meaning;NPN;construction;syntactic_function;noun;number_of_noun;Type;other_cxn;context_pre;costr;context_post;assignment_0;assignment_1;assignment_2;assignment_3;assignment_4;split
196;a;lavorare;juxtaposition/contact;gomito a gomito;yes;modifier;gomito;sg;_;_;A metà della scala si potrebbero porre invece quelle che mostrano artisti e scienziati lavorare;gomito a gomito;, producendo conoscenze o rappresentazioni reciprocamente utili, come accadeva per esempio agli incisori che si affiancarono ad anatomisti e astronomi da cui dipendono le due grandi rivoluzioni scientifiche della modernità.;test|yes|a|_|_;train|yes|a|_|_;test|yes|a|_|_;test|yes|a|_|_;test|yes|a|_|_;train
221;a;giorno;juxtaposition/contact;gomito a gomito;yes;modifier;gomito;sg;_;_;Will (e credo, segretamente, anche Ben) ha sempre invidiato il mio lavoro e il fatto che mi costringa a stare quasi ogni giorno;gomito a gomito;con decine di modelle tutte stupende!;test|yes|a|_|_;train|yes|a|_|_;test|yes|a|_|_;test|yes|a|_|_;test|yes|a|_|_;train
583;a;agire;juxtaposition/contact;spalla a spalla;yes;modifier;spalla;sg;_;_;Tutti gli oranti si trovano ad agire;spalla a spalla;nel modo più disciplinato, indipendentemente da ogni considerazione di tipo mondano.;test|yes|a|_|_;train|yes|a|_|_;train|yes|a|_|_;train|yes|a|_|_;train|yes|a|_|_;train
276;a;altro;juxtaposition/contact;gomito a gomito;yes;modifier;gomito;sg;_;_;Ecco, devono essere nati così questi ultimi due romanzi di famiglia, seguiti da lunghe ore al computer, uno accanto all'altro,;gomito a gomito;, anima ad anima, ogni tanto un sospiro, una lunga occhiata, qualche sorriso di tenerezza perché i due si adorano e si cercano come solo due innamoratini sanno fare, al di là delle loro abbondanti sessanta primavere.;test|yes|a|_|_;train|yes|a|_|_;test|yes|a|_|_;test|yes|a|_|_;test|yes|a|_|_;train
202;a;giornata;juxtaposition/contact;gomito a gomito;yes;modifier;gomito;sg;_;_;Il podestà si era lungamente preparato a sostenere la parte: avrebbe dovuto passare tutta una giornata;gomito a gomito;con la sua antica morosa e con l'altrettanto antico timoniere che gliel'aveva soffiata.;test|yes|a|_|_;train|yes|a|_|_;test|yes|a|_|_;test|yes|a|_|_;test|yes|a|_|_;train
608;a;animale;juxtaposition/contact;spalla a spalla;yes;modifier;spalla;sg;_;_;Compiuta la spettacolare manovra lanciarono di nuovo al galoppo i loro animali,;spalla a spalla;, testa a testa, lasciandosi dietro una densa nuvola di polvere, e si arrestarono in brevissimo spazio davantial principe.;test|yes|a|_|_;train|yes|a|_|_;train|yes|a|_|_;train|yes|a|_|_;train|yes|a|_|_;train
404;a;andare;succession/iteration/distributivity;pezzo a pezzo;yes;modifier;pezzo;sg;_;_;E il vaso se ne va,;pezzo a pezzo;.;test|yes|a|_|_;train|yes|a|_|_;test|yes|a|_|_;test|yes|a|_|_;test|yes|a|_|_;train
298;a;dire;juxtaposition/contact;guancia a guancia;yes;modifier;guancia;sg;_;_;Certo che me ne aveva raccontate di cose, e ricordo benissimo che, durante quei quattro giorni si può dire;guancia a guancia;, a ogni nuova confidenza mi si raddoppiavano i brividi lungo la schiena: perché si fidava tanto, perché si era fidata incondizionatamente di me?;test|yes|a|_|_;train|yes|a|_|_;test|yes|a|_|_;train|yes|a|_|_;train|yes|a|_|_;train
595;a;giorno;juxtaposition/contact;spalla a spalla;yes;modifier;spalla;sg;_;_;Ci hanno divisi per evitare problemi, per quanto era possibile, visto che si camminava tutto il giorno;spalla a spalla;, gomito a gomito, a passi diversi, ma alla stessa velocità, e quando vivi una situazione di fatica e scomodità come quella, con poco cibo e poca acqua e nessun posto dove ripararsi e molto freddo, invece, molto, molto freddo, be', i battibecchi e le risse sono sempre dietro l'angolo, in agguato, e gli accoltellamenti anche, quindi è meglio tenere separate le etnie ostili.;test|yes|a|_|_;train|yes|a|_|_;train|yes|a|_|_;train|yes|a|_|_;train|yes|a|_|_;train
629;a;essere;juxtaposition/contact;spalla a spalla;yes;modifier;spalla;sg;_;_;Con due o tre passi si è avvicinata a Vera, è;spalla a spalla;con lei, si è piazzata davantiall'obiettivo con un'espressione severa, compunta.;test|yes|a|_|_;train|yes|a|_|_;train|yes|a|_|_;train|yes|a|_|_;train|yes|a|_|_;train
308;a;accostare;juxtaposition/contact;guancia a guancia;yes;modifier;guancia;sg;_;_;Vide ancora come i signori vicino al suo viso, accostati;guancia a guancia;, osservavano l'esito.;test|yes|a|_|_;train|yes|a|_|_;test|yes|a|_|_;train|yes|a|_|_;train|yes|a|_|_;train
571;a;giocare;succession/iteration/distributivity;punto a punto;yes;modifier;punto;sg;_;_;La formazione neroarancione ha deluso nuovamente fuori casa, perdendo per 70-68 dopo un match giocato;punto a punto;.;test|yes|a|_|_;train|yes|a|_|_;test|yes|a|_|_;train|yes|a|_|_;train|yes|a|_|_;train
619;a;e;juxtaposition/contact;spalla a spalla;yes;modifier;spalla;sg;_;_;Tutto sommato, l'Italia, partita tardi, ha recuperato, piazzandosi dietro la Germania e;spalla a spalla;con gli inglesi.;test|yes|a|_|_;train|yes|a|_|_;train|yes|a|_|_;train|yes|a|_|_;train|yes|a|_|_;train
141;a;trovare;juxtaposition/contact;fronte a fronte;yes;modifier;fronte;sg;_;_;Una volta tolte di mezzo le operaie, le due regine si trovano;fronte a fronte;.;test|yes|a|_|_;train|yes|a|_|_;train|yes|a|_|_;train|yes|a|_|_;test|yes|a|_|_;train
235;a;stare;juxtaposition/contact;gomito a gomito;yes;modifier;gomito;sg;_;_;Intorno al tavolo non c'erano abbastanza sedie per tutti e così Kenneth dovette stare;gomito a gomito;con Shirley, cosa che invero pareva non dispiacergli affatto.;test|yes|a|_|_;train|yes|a|_|_;test|yes|a|_|_;test|yes|a|_|_;test|yes|a|_|_;train
411;a;digitale;succession/iteration/distributivity;pixel a pixel;yes;modifier;pixel;sg;_;_;"""Quando si esegue la rilevazione di contorni su un'immagine con tecniche di elaborazione attualmente disponibili lo si fa in maniera digitale,";pixel a pixel;""", ha spiegato il Prof.";test|yes|a|_|_;train|yes|a|_|_;train|yes|a|_|_;test|yes|a|_|_;train|yes|a|_|_;train
94;a;combattimento;juxtaposition/contact;corpo a corpo;yes;modifier;corpo;sg;_;_;I caduti statunitensi erano già più di centomila, vittime in ugual misura del gelido inverno coreano e della maestria dell'esercito cinese nel combattimento;corpo a corpo;e nelle incursioni notturne.;test|yes|a|_|_;train|yes|a|_|_;train|yes|a|_|_;train|yes|a|_|_;train|yes|a|_|_;train
586;a;pratica;juxtaposition/contact;spalla a spalla;yes;modifier;spalla;sg;_;_;Marco andò all'unico tavolino libero, sul fondo, e quando finalmente si sedette con la schiena al muro si ritrovò in pratica;spalla a spalla;con due avventori, entrambi assorti nella lettura del giornale e quindi apparentemente disinteressati a lui.;test|yes|a|_|_;train|yes|a|_|_;train|yes|a|_|_;train|yes|a|_|_;train|yes|a|_|_;train
208;a;lavorare;juxtaposition/contact;gomito a gomito;yes;modifier;gomito;sg;_;_;Per prima cosa ottenne un sostanzioso prestito grazieall'appoggio e alla fiducia di banchieri legati all'agente commerciale di suo padre, poi mandò i commandeurs ai canneti, a lavorare;gomito a gomito;con gli stessi uomini che prima avevano martirizzato e li rimpiazzò con altri meno depravati, ridusse i castighi e assunse un veterinario, che trascorse due mesi a Saint - Lazare cercando di restituire un po 'di salute ai neri.;test|yes|a|_|_;train|yes|a|_|_;test|yes|a|_|_;test|yes|a|_|_;test|yes|a|_|_;train
624;a;dare;juxtaposition/contact;spalla a spalla;yes;modifier;spalla;sg;_;_;I sondaggi ufficiali (finchè si potevano rendere pubblici) e quelli ufficiosi li danno;spalla a spalla;, con una quota tra il 25 e il 30 % dei consensi al primo turno.;test|yes|a|_|_;train|yes|a|_|_;train|yes|a|_|_;train|yes|a|_|_;train|yes|a|_|_;train
307;a;abbracciare;juxtaposition/contact;guancia a guancia;yes;modifier;guancia;sg;_;_;Gli indicò gli aiutanti che si tenevano abbracciati,;guancia a guancia;", con un sorriso che poteva essere umile o ironico; gli indicò tutti costoro come per presentargli un seguito impostogli da particolari circostanze, aspettandosi però - in ciò vi era una certa confidenza, ed era questa a cui egli mirava - che Barnabas distinguesse sempre bene fra lui e loro.";test|yes|a|_|_;train|yes|a|_|_;test|yes|a|_|_;train|yes|a|_|_;train|yes|a|_|_;train
301;a;brillantina;juxtaposition/contact;guancia a guancia;yes;modifier;guancia;sg;_;_;La tromba è guerresca, angelica, apocalittica, vittoriosa, suona la carica, il sassofono fa ballare bulletti di periferia coi capelli unti di brillantina,;guancia a guancia;con ragazze sudate.;test|yes|a|_|_;train|yes|a|_|_;test|yes|a|_|_;train|yes|a|_|_;train|yes|a|_|_;train
197;a;stare;juxtaposition/contact;gomito a gomito;yes;modifier;gomito;sg;_;_;All'alba di ieri, su quella carcassa arrivata dritta sulla spiaggia di Le Cannella una delle località di mare più belle di Isola Capo Rizzuto stavano;gomito a gomito;317 persone, per lo più curdi, pakistani e afgani.;test|yes|a|_|_;train|yes|a|_|_;test|yes|a|_|_;test|yes|a|_|_;test|yes|a|_|_;train
266;a;lavorare;juxtaposition/contact;gomito a gomito;yes;modifier;gomito;sg;_;_;Emiliano è un pm di prima linea: è stato in Sicilia dove ha lavorato;gomito a gomito;"con Rosario Livatino, il giovane magistrato ucciso dalla mafia; poi a Brindisi dove con una serie di inchieste ha decapitato la mafia pugliese, la Sacra Corona Unita.";test|yes|a|_|_;train|yes|a|_|_;test|yes|a|_|_;test|yes|a|_|_;test|yes|a|_|_;train
397;a;guardare;succession/iteration/distributivity;pezzo a pezzo;yes;modifier;pezzo;sg;_;_;Drogo lo indossò e si guardò;pezzo a pezzo;nel piccolo specchio della propria stanza.;test|yes|a|_|_;train|yes|a|_|_;test|yes|a|_|_;test|yes|a|_|_;test|yes|a|_|_;train
111;a;lotta;juxtaposition/contact;corpo a corpo;yes;modifier;corpo;sg;_;_;La caccia a cavallo o a piedi, la lotta;corpo a corpo;, i combattimenti dei galli erano quanto deliziava la gente e tutte queste attività si concludevano con solenni bevute.;test|yes|a|_|_;train|yes|a|_|_;train|yes|a|_|_;train|yes|a|_|_;train|yes|a|_|_;train
142;a;salone;juxtaposition/contact;fronte a fronte;yes;modifier;fronte;sg;_;_;Ed ecco allora ai due estremi del salone,;fronte a fronte;, la Trasfigurazione di Tiziano (dove l'autore discioglie in un vortice drammatico e accalorato - con il bianco fantasmatico del Cristo che si riflette sull'emergenza dei capelli bianchi e sul rubizzo colore rubensiano della testa di Pietro sul bruno sfatto e informe del corpo - il ritmo rigoroso a mandorla della parte alta del modello raffaellesco) e l'Ultima Cena di Tintoretto.;test|yes|a|_|_;train|yes|a|_|_;train|yes|a|_|_;train|yes|a|_|_;test|yes|a|_|_;train
300;a;stare;juxtaposition/contact;guancia a guancia;yes;modifier;guancia;sg;_;_;Me lo accosto al viso, quasi lo tocco con gli occhi, mentre Zot arriva e stiamo;guancia a guancia;a guardarlo, così vicini che i nostri respiri diventerebbero uno solo, se ci riuscisse respirare.;test|yes|a|_|_;train|yes|a|_|_;test|yes|a|_|_;train|yes|a|_|_;train|yes|a|_|_;train
290;a;venire;succession/iteration/distributivity;grado a grado;yes;modifier;grado;sg;_;_;Dormo fondo e poi vengo;grado a grado;in superficie, in una specie di ascensione inevitabile da galleggiante di sughero che sale dal fondo melmoso attraverso l'opacità che diventa via via più trasparente fino a proprio sotto il piano argentato tremolante della luce violenta.;train|yes|a|_|_;train|yes|a|_|_;train|yes|a|_|_;test|yes|a|_|_;train|yes|a|_|_;train
398;a;vicenda;succession/iteration/distributivity;pezzo a pezzo;yes;modifier;pezzo;sg;_;_;Taglienti come affilati bisturi, ci eravamo sezionate a vicenda,;pezzo a pezzo;.;test|yes|a|_|_;train|yes|a|_|_;test|yes|a|_|_;test|yes|a|_|_;test|yes|a|_|_;train
615;a;fila;juxtaposition/contact;spalla a spalla;yes;modifier;spalla;sg;_;_;Poi, furono costretti a fermarsi quando un contingente delle truppe di Sua Maestà Tenebrosa, in fila;spalla a spalla;, arrivò a passo di marcia lungo la strada.;test|yes|a|_|_;train|yes|a|_|_;train|yes|a|_|_;train|yes|a|_|_;train|yes|a|_|_;train
134;a;cadere;succession/iteration/distributivity;fiocco a fiocco;yes;modifier;fiocco;sg;_;_;La neve continuava a cadere,;fiocco a fiocco;a fiocco accresceva lo spessore di bianco e di silenzio, senso di distanza dal resto del mondo.;train|yes|a|_|_;train|yes|a|_|_;test|yes|a|_|_;train|yes|a|_|_;test|yes|a|_|_;train
598;a;Nick;juxtaposition/contact;spalla a spalla;yes;modifier;spalla;sg;_;_;Arrivo di corsa e trovo Gabriel e Nick,;spalla a spalla;, che aspettano.;test|yes|a|_|_;train|yes|a|_|_;train|yes|a|_|_;train|yes|a|_|_;train|yes|a|_|_;train
405;a;traffico;succession/iteration/distributivity;pezzo a pezzo;yes;modifier;pezzo;sg;_;_;"Quest'ultimo è l'aspetto più singolare del traffico """;pezzo a pezzo;""".";test|yes|a|_|_;train|yes|a|_|_;test|yes|a|_|_;test|yes|a|_|_;test|yes|a|_|_;train
572;a;giocare;succession/iteration/distributivity;punto a punto;yes;modifier;punto;sg;_;_;E'stata una partita intensa, vissuta a giocata;punto a punto;.;test|yes|a|_|_;train|yes|a|_|_;test|yes|a|_|_;train|yes|a|_|_;train|yes|a|_|_;train
1;a;gomito;juxtaposition/contact;anima ad anima;yes;modifier;anima;sg;_;_;Ecco, devono essere nati così questi ultimi due romanzi di famiglia, seguiti da lunghe ore al computer, uno accanto all'altro, gomito a gomito,;anima ad anima;, ogni tanto un sospiro, una lunga occhiata, qualche sorriso di tenerezza perché i due si adorano e si cercano come solo due innamoratini sanno fare, al di là delle loro abbondanti sessanta primavere.;test|yes|a|_|_;train|yes|a|_|_;train|yes|a|_|_;test|yes|a|_|_;test|yes|a|_|_;train
121;a;combattere;juxtaposition/contact;corpo a corpo;yes;modifier;corpo;sg;_;_;Ma anche questa volta per occupare la Città Santa devono combattere;corpo a corpo;con i palestinesi per annientare la resistenza araba.;test|yes|a|_|_;train|yes|a|_|_;train|yes|a|_|_;train|yes|a|_|_;train|yes|a|_|_;train
643;a;Sonia;juxtaposition/contact;viso a viso;yes;modifier;viso;sg;_;_;E lo dirò poi Sonia,;viso a viso;e non in presenza di paparino.;test|yes|a|_|_;train|yes|a|_|_;test|yes|a|_|_;test|yes|a|_|_;test|yes|a|_|_;train
129;a;impilare;juxtaposition/contact;dorso a dorso;yes;modifier;dorso;sg;_;_;"Vittorio scosta qualche altra grande tela appoggiata alla parete, giusto abbastanza per farmi dare un'occhiata; me ne fa vedere alcune di quelle più piccole, impilate";dorso a dorso;sul tavolo di legno grezzo.;train|yes|a|_|_;train|yes|a|_|_;test|yes|a|_|_;test|yes|a|_|_;test|yes|a|_|_;train
393;a;venire;succession/iteration/distributivity;pezzo a pezzo;yes;modifier;pezzo;sg;_;_;Fu solo nei mesi successivi che quella barriera, ormai ridotta a monumento di una frontiera che divideva in due una metropoli e un popolo, venne;pezzo a pezzo;sbriciolata.;test|yes|a|_|_;train|yes|a|_|_;test|yes|a|_|_;test|yes|a|_|_;test|yes|a|_|_;train
229;a;spesso;juxtaposition/contact;gomito a gomito;yes;modifier;gomito;sg;_;_;Naturalmente certi vecchi quartieri londinesi conservavano le antiche caratteristiche di grande eleganza e ricchezza, ma erano spesso;gomito a gomito;con gli slum più squallidi e più ripugnanti.;test|yes|a|_|_;train|yes|a|_|_;test|yes|a|_|_;test|yes|a|_|_;test|yes|a|_|_;train
104;a;faccia;juxtaposition/contact;corpo a corpo;yes;modifier;corpo;sg;_;_;Scoperto difronteal proprio nemico, faccia a faccia,;corpo a corpo;, il nostro scrittore si apprestava a scrivere un'altra pagina del suo romanzo, quello della vita.;test|yes|a|_|_;train|yes|a|_|_;train|yes|a|_|_;train|yes|a|_|_;train|yes|a|_|_;train
567;a;avanti;succession/iteration/distributivity;punto a punto;yes;modifier;punto;sg;_;_;Da quel momento si va avanti;punto a punto;.;test|yes|a|_|_;train|yes|a|_|_;test|yes|a|_|_;train|yes|a|_|_;train|yes|a|_|_;train
591;a;sorgere;juxtaposition/contact;spalla a spalla;yes;modifier;spalla;sg;_;_;Le teste giganti dei candidati sorridono a gara, e Galerio dice che sembrano mostri, mostri che sorgono;spalla a spalla;dalle viscere della terra.;test|yes|a|_|_;train|yes|a|_|_;train|yes|a|_|_;train|yes|a|_|_;train|yes|a|_|_;train
127;a;te;juxtaposition/contact;cuore a cuore;yes;modifier;cuore;sg;_;_;Ci deve essere la possibilità di rapporti concreti: la mamma deve poterti portare a letto, darti il bacio della buona notte, imboccarti se è necessario, stare con te;cuore a cuore;.;train|yes|a|_|_;train|yes|a|_|_;test|yes|a|_|_;train|yes|a|_|_;train|yes|a|_|_;train
623;a;Polo;juxtaposition/contact;spalla a spalla;yes;modifier;spalla;sg;_;_;Torino, Rifondazione apre a Castellani L'ex ministro Costa corre per il Polo,;spalla a spalla;con il sindaco.;test|yes|a|_|_;train|yes|a|_|_;train|yes|a|_|_;train|yes|a|_|_;train|yes|a|_|_;train
618;a;schermo;juxtaposition/contact;spalla a spalla;yes;modifier;spalla;sg;_;_;"Se deciderete di passare un po 'di tempo davanti allo schermo """;spalla a spalla;""" con qualche bambino, scoprirete che i bambini, anche molto piccoli, hanno un rapporto naturale con il computer: un legame affettivo, che li porta immediatamente a un contatto diretto, proprio come con il fluire della lingua materna.";test|yes|a|_|_;train|yes|a|_|_;train|yes|a|_|_;train|yes|a|_|_;train|yes|a|_|_;train
303;a;che;juxtaposition/contact;guancia a guancia;yes;modifier;guancia;sg;_;_;Primo piano dei due volti - quello scuro di mio figlio e quello chiarissimo di Hans - che,;guancia a guancia;, ridono felici.;test|yes|a|_|_;train|yes|a|_|_;test|yes|a|_|_;train|yes|a|_|_;train|yes|a|_|_;train
293;a;ballare;juxtaposition/contact;guancia a guancia;yes;modifier;guancia;sg;_;_;E ha una canzone del cuore, la canzone che ascoltava da govane quando ballava;guancia a guancia;con Filippo di Grecia, suo futuro sposo, ora Filippo d'Edimburgo e Principe consorte.;test|yes|a|_|_;train|yes|a|_|_;test|yes|a|_|_;train|yes|a|_|_;train|yes|a|_|_;train
288;a;Dio;succession/iteration/distributivity;grado a grado;yes;modifier;grado;sg;_;_;[La scienza politica] chiarisce come scenda la rivelazione da presso Dio,;grado a grado;, fino al primo governante.;train|yes|a|_|_;train|yes|a|_|_;train|yes|a|_|_;test|yes|a|_|_;train|yes|a|_|_;train
205;a;spalla;juxtaposition/contact;gomito a gomito;yes;modifier;gomito;sg;_;_;Ci hanno divisi per evitare problemi, perquanto era possibile, vistoche si camminava tutto il giorno spalla a spalla,;gomito a gomito;, a passi diversi, ma alla stessa velocità, e quando vivi una situazione di fatica e scomodità come quella, con poco cibo e poca acqua e nessun posto dove ripararsi e molto freddo, invece, molto, molto freddo, be', i battibecchi e le risse sono sempre dietro l'angolo, in agguato, e gli accoltellamenti anche, quindi è meglio tenere separate le etnie ostili.;test|yes|a|_|_;train|yes|a|_|_;test|yes|a|_|_;test|yes|a|_|_;test|yes|a|_|_;train
410;a;interallacciare;succession/iteration/distributivity;pixel a pixel;yes;modifier;pixel;sg;_;_;Per poter essere rilette in formato tridimensionale, le immagini devono essere scritte sullo schermo interallacciate;pixel a pixel;: la separazione ottica delle due immagini avviene a caricod elle microlenti.;test|yes|a|_|_;train|yes|a|_|_;train|yes|a|_|_;test|yes|a|_|_;train|yes|a|_|_;train
568;a;partita;succession/iteration/distributivity;punto a punto;yes;modifier;punto;sg;_;_;A sfidarlo sarà Nicolas Almagro, protagonista di un emozionante partita;punto a punto;contro il brasiliano Bellucci.;test|yes|a|_|_;train|yes|a|_|_;test|yes|a|_|_;train|yes|a|_|_;train|yes|a|_|_;train
408;a;agire;succession/iteration/distributivity;pezzo a pezzo;yes;modifier;pezzo;sg;_;_;A questo punto, dice Picierno, «poiché, come è nello spirito della Convenizone di Istanbul, la piena uguaglianza è la chiave per prevenire la violenza, bisogna agire;pezzo a pezzo;: ad esempio adesso concentrarsi per conquistare la sulla parità salariale, che in Europa ha tutt'ora un dislivello del 16 per cento tra uomini e donne».;test|yes|a|_|_;train|yes|a|_|_;test|yes|a|_|_;test|yes|a|_|_;test|yes|a|_|_;train
640;a;accanto;juxtaposition/contact;testa a testa;yes;modifier;testa;sg;_;_;Banga salì subito sul letto con lui, si sdraiò lì accanto,;testa a testa;, e il procuratore, con una mano sul collo dell'animale, chiuse finalmente gli occhi.;train|yes|a|_|_;train|yes|a|_|_;train|yes|a|_|_;train|yes|a|_|_;test|yes|a|_|_;train
137;a;costruire;succession/iteration/distributivity;fotogramma a fotogramma;yes;modifier;fotogramma;sg;_;_;Una mitologia personale, insomma, costruita;fotogramma a fotogramma;"ritagliandomi di netto ciò che è necessario per un Olimpo fatto in casa: un pugno di tragedie sofoclee, uomini ed eroi, martiri casuali, omicidi senza fonte e senza fine; oppure: confondendo l'universo condiviso con gli album personali: eccola una foto di mio padre tale e quale a Satta Flores in C'eravamo tanto amati.";train|yes|a|_|_;train|yes|a|_|_;train|yes|a|_|_;test|yes|a|_|_;test|yes|a|_|_;train
632;a;lavorare;juxtaposition/contact;spalla a spalla;yes;modifier;spalla;sg;_;_;E al fatto che i due abbiano lavorato;spalla a spalla;per cinque anni alla V Commissione di Bilancio (il primo come funzionario e segretario, il secondo come presidente), prima che Cabras - figlio di Paolo, a lungo parlamentare della Dc - diventasse nel 2014 capo di gabinetto di Fabrizio Saccomanni al ministero dell'Economia.;test|yes|a|_|_;train|yes|a|_|_;train|yes|a|_|_;train|yes|a|_|_;train|yes|a|_|_;train
114;a;rapido;juxtaposition/contact;corpo a corpo;yes;modifier;corpo;sg;_;_;Inoltre l'uso giudizioso della massa corporea può rappresentare in certe situazioni un vantaggio supplementare non indifferente, per esempio negli incontri rapidi;corpo a corpo;, come nella lotta greco - romana, nel catch, nel sumo.;test|yes|a|_|_;train|yes|a|_|_;train|yes|a|_|_;train|yes|a|_|_;train|yes|a|_|_;train
216;a;Brasile;juxtaposition/contact;gomito a gomito;yes;modifier;gomito;sg;_;_;Dal 7 al 10 maggio sono stato in Brasile,;gomito a gomito;con 10 baristi, provenienti da tutto il mondo, selezionati per partecipare a Barista & Farmer, il talent show made in Italy pensato per permettere ai baristi di andare alle origini del prodotto con cui lavora tutti i giorni e di cui è appassionato: il caffè.;test|yes|a|_|_;train|yes|a|_|_;test|yes|a|_|_;test|yes|a|_|_;test|yes|a|_|_;train
317;a;crescere;succession/iteration/distributivity;onda a onda;yes;modifier;onda;sg;_;_;Il rumore del mare continuava a coltivare e a vedere crescere,;onda a onda;, il rigoglio del suo disinteresse.;train|yes|a|_|_;train|yes|a|_|_;train|yes|a|_|_;train|yes|a|_|_;train|yes|a|_|_;train
392;a;smontare;succession/iteration/distributivity;pezzo a pezzo;yes;modifier;pezzo;sg;_;_;La reazione degli studenti a quella che si presenta come una controriforma della scuola il cui senso principale è smontare;pezzo a pezzo;la riforma precedente è stata dapprincipio disordinata e scomposta, come si addice ai sedicenni.;test|yes|a|_|_;train|yes|a|_|_;test|yes|a|_|_;test|yes|a|_|_;test|yes|a|_|_;train
621;a;vedere;juxtaposition/contact;spalla a spalla;yes;modifier;spalla;sg;_;_;Al congresso di Torino, abbiamo visto;spalla a spalla;le seguenti sotto - parrocchie dei Ds: ulivisti puri, miglioristi superstiti, veltroniani, dalemiani, pontieri, sinistra tenera, sinistra dura, laburisti, cristianosociali, sinistra repubblicana, comunisti unitari e, dulcis in fundo, riformatori per l'Europa.;test|yes|a|_|_;train|yes|a|_|_;train|yes|a|_|_;train|yes|a|_|_;train|yes|a|_|_;train
395;a;smontare;succession/iteration/distributivity;pezzo a pezzo;yes;modifier;pezzo;sg;_;_;E vabbè, ma che significa, che la riforma Fornero resterà così com'è o verrà smontata;pezzo a pezzo;?;test|yes|a|_|_;train|yes|a|_|_;test|yes|a|_|_;test|yes|a|_|_;test|yes|a|_|_;train
637;a;e;juxtaposition/contact;testa a testa;yes;modifier;testa;sg;_;_;"Lei, liberandosi, mi accarezzò la guancia; eravamo appoggiati di fianco al finestrino e,";testa a testa;, con la fronte appoggiata al vetro vedevamo correre veloci le nostre due ombre vicine, proiettate sulla campagna.;train|yes|a|_|_;train|yes|a|_|_;train|yes|a|_|_;train|yes|a|_|_;test|yes|a|_|_;train
593;a;volata;juxtaposition/contact;spalla a spalla;yes;modifier;spalla;sg;_;_;Si profila dunque una volata;spalla a spalla;che probabilmente si concluderà con il ballottaggio del 23 ottobre prossimo.;test|yes|a|_|_;train|yes|a|_|_;train|yes|a|_|_;train|yes|a|_|_;train|yes|a|_|_;train
396;a;ricomporre;succession/iteration/distributivity;pezzo a pezzo;yes;modifier;pezzo;sg;_;_;E questa non dovrebbe essere la terra sulla quale volendo, volendo e stravolendo tutto si può fare, allora vada a inseguirsi in cielo, volenterosamente vada a ricomporsi;pezzo a pezzo;.;test|yes|a|_|_;train|yes|a|_|_;test|yes|a|_|_;test|yes|a|_|_;test|yes|a|_|_;train
224;a;folle;juxtaposition/contact;gomito a gomito;yes;modifier;gomito;sg;_;_;Cosí si compí il tradimento, progettato e custodito fin dall'arrivo nella città dei folli,;gomito a gomito;con loro, per oltre un anno.;test|yes|a|_|_;train|yes|a|_|_;test|yes|a|_|_;test|yes|a|_|_;test|yes|a|_|_;train
86;a;combattere;juxtaposition/contact;corpo a corpo;yes;modifier;corpo;sg;_;_;Qualche scettico si domanderà come mai il comando americano mandi un preziosissimo marconista navajo a combattere;corpo a corpo;contro il nemico, con il rischio che lo catturino.;test|yes|a|_|_;train|yes|a|_|_;train|yes|a|_|_;train|yes|a|_|_;train|yes|a|_|_;train
259;a;sedere;juxtaposition/contact;gomito a gomito;yes;modifier;gomito;sg;_;_;L'unica cosa sopravvissuta, ma desolatamente annerita dal fumo, è la lunga serpentina di marmo in cui i viaggiatori si sedevano;gomito a gomito;per consumare un rapido pasto prima di sperdersi nella regione dei laghi a Est di New York o nelle innumerevoli cittadine incastonate lungo il fiume Hudson, dove la frenesia della città che non dorme mai, nonostante la breve distanza, sembra una cosa remota e incredibile.;test|yes|a|_|_;train|yes|a|_|_;test|yes|a|_|_;test|yes|a|_|_;test|yes|a|_|_;train
101;a;combattimento;juxtaposition/contact;corpo a corpo;yes;modifier;corpo;sg;_;_;Tauro cercò di fermarlo: per qualche istante la sua rocciosa complessione, il suo coraggio, l'abilità nel duello e l'esperienza di mille combattimenti;corpo a corpo;parvero mettere in difficoltà il guerriero germanico.;test|yes|a|_|_;train|yes|a|_|_;train|yes|a|_|_;train|yes|a|_|_;train|yes|a|_|_;train
1535;su;metro;greater_plurality/accumulation;avversari su avversari;yes;nominal;avversario;pl;_;_;Da questo momento in poi, Beckham continuerà almeno per un'ora a divorare metri su metri,;avversari su avversari;, con una facilità che fa male al cuore.;test|yes|su|_|_;train|yes|su|_|_;train|yes|su|_|_;train|yes|su|_|_;test|yes|su|_|_;train
1682;su;vita;succession/iteration/distributivity;dettaglio su dettaglio;yes;modifier;dettaglio;sg;_;_;Eppure gli ci erano voluti dei mesi per mettere insieme il quadro della sua vita,;dettaglio su dettaglio;, dalle primissime annotazioni dell'epoca delle elementari attraverso le relazioni degli assistenti sociali finoalle inchieste di polizia e ai verbali del tribunale.;train|yes|su|_|_;train|yes|su|_|_;test|yes|su|_|_;test|yes|su|_|_;train|yes|su|_|_;train
1694;su;fare;greater_plurality/accumulation;domande su domande;yes;nominal;domanda;pl;_;_;E sa anche che se presenta operazioni un po' bislacche, in consiglio può trovare anche chi comincerà a far;domande su domande;.;test|yes|su|_|_;train|yes|su|_|_;train|yes|su|_|_;test|yes|su|_|_;test|yes|su|_|_;train
2066;su;strada;succession/iteration/distributivity;velo su velo;yes;modifier;velo;sg;_;_;Il vento era ancora leggero, ma prometteva tempesta, la sabbia volava bassa e copriva le strade,;velo su velo;.;train|yes|su|_|_;train|yes|su|_|_;test|yes|su|_|_;test|yes|su|_|_;test|yes|su|_|_;train
1758;su;accavallare;greater_plurality/accumulation;imprecazioni su imprecazioni;yes;nominal;imprecazione;pl;_;_;"È un segno di gratitudine che solo le bestie sanno esprimere - Bestemmia Berlino invece, come si dice ""omen nomen"" riprende il filo del discorso accavallando";imprecazioni su imprecazioni;e riducendo le solite conosciute bestemmie a vili scioglilingua che non sanno di niente.;train|yes|su|_|_;train|yes|su|_|_;test|yes|su|_|_;test|yes|su|_|_;test|yes|su|_|_;train
1969;su;sommare;greater_plurality/accumulation;righe su righe;yes;nominal;riga;pl;_;_;Dal vuoto, come fiocchi d'una neve cibernetica, scendono lievi quelle tremende figurine geometriche, e io le incastro una con l'altra, le ghiaccio su spianate inesorabili, sommo;righe su righe;: quindi aumento la velocità, sempre dipiù, sempre dipiù, fino al massimo consentito: ormai è una grandinata irrefrenabile.;test|yes|su|_|_;train|yes|su|_|_;test|yes|su|_|_;train|yes|su|_|_;test|yes|su|_|_;train
2075;su;significato;greater_plurality/accumulation;vigneti su vigneti;yes;nominal;vigneto;pl;_;_;"Vagoni arrugginiti dove giovani senza senso lirico hanno spruzzato graffiti di cui, ahimè, non so cogliere il significato;";vigneti su vigneti;", sotto un velo di nebbia setosa come cipria; vecchi in bicicletta, altri che portano a spasso i cani.";train|yes|su|_|_;train|yes|su|_|_;test|yes|su|_|_;train|yes|su|_|_;train|yes|su|_|_;train
1941;su;guadagnare;greater_plurality/accumulation;punti su punti;yes;nominal;punto;pl;_;_;La Bundesbank, che questa palla l'ha sempre lanciata, guadagnando;punti su punti;, adesso potrebbe essere costretta a rincorrerla.;test|yes|su|_|_;train|yes|su|_|_;test|yes|su|_|_;train|yes|su|_|_;train|yes|su|_|_;train
1870;su;giocare;succession/iteration/distributivity;palla su palla;yes;modifier;palla;sg;_;_;Concludiamo salendo a Noriglio, dove nel girone H, bellissima e tiratissima gara fra Calabria e Puglia che se la giocano;palla su palla;fino al decisivo tie - break.;train|yes|su|_|_;train|yes|su|_|_;train|yes|su|_|_;test|yes|su|_|_;train|yes|su|_|_;train
1980;su;svolgere;greater_plurality/accumulation;riunioni su riunioni;yes;nominal;riunione;pl;_;_;Non resta che aspettare: sempre dal municipio i bene informati fanno sapere che proprio in queste ore si stanno svolgendo;riunioni su riunioni;per risolvere la matassa e passare all'azione, ma sulla tempistica non si sbilancia nessuno.;train|yes|su|_|_;train|yes|su|_|_;train|yes|su|_|_;test|yes|su|_|_;test|yes|su|_|_;train
1722;su;distinguere;greater_plurality/accumulation;file su file;yes;nominal;file;pl;_;_;I lievi raggi di sole forniscono la sola illuminazione disponibile e, quando i miei occhi si adattano, distinguo;file su file;di feriti, nelle brande, sui pagliericci, sul pavimento, perché sono in tanti a contendersi lo spazio.;test|yes|su|_|_;train|yes|su|_|_;test|yes|su|_|_;train|yes|su|_|_;test|yes|su|_|_;train
1972;su;Italia;greater_plurality/accumulation;rinvii su rinvii;yes;nominal;rinvio;pl;_;_;Quindici giorni in cui le attività giudiziarie penalistiche - i processi, grandi e piccoli, di criminalità comune e organizzata, acaricodi imputati eccellenti e sconosciuti - hanno subito, in tutt'Italia,;rinvii su rinvii;e accumulato ritardi.;train|yes|su|_|_;train|yes|su|_|_;train|yes|su|_|_;train|yes|su|_|_;train|yes|su|_|_;train
2058;su;fango;greater_plurality/accumulation;tornanti su tornanti;yes;nominal;tornante;pl;_;_;Si viaggia tra sassi e massi, guadi e fango,;tornanti su tornanti;", si sale dai 3000 ai quasi 5000 metri in un attimo; gli spazi gradualmente si allargano, sono quasi in cima, fa freddo, ha nevicato da poco.";test|yes|su|_|_;train|yes|su|_|_;train|yes|su|_|_;train|yes|su|_|_;train|yes|su|_|_;train
1681;su;snocciolare;greater_plurality/accumulation;dettagli su dettagli;yes;nominal;dettaglio;pl;_;_;E intanto Jonathan continuava a snocciolare;dettagli su dettagli;, tanto che lo accusai di aver messo sotto controllo il telefono.;train|yes|su|_|_;train|yes|su|_|_;test|yes|su|_|_;test|yes|su|_|_;train|yes|su|_|_;train
2026;su;raccontare;greater_plurality/accumulation;storielle su storielle;yes;nominal;storiella;pl;_;_;Lungo il percorso in auto per far passare quelle lunghe ore mi prodigavo a raccontare;storielle su storielle;.;train|yes|su|_|_;train|yes|su|_|_;train|yes|su|_|_;train|yes|su|_|_;test|yes|su|_|_;train
1998;su;inanellare;greater_plurality/accumulation;scherzi su scherzi;yes;nominal;scherzo;pl;_;_;L'anarchico Chaplin aveva imparato a sbeffeggiare i nemici (e anche gli amici) inanellando;scherzi su scherzi;.;test|yes|su|_|_;train|yes|su|_|_;train|yes|su|_|_;test|yes|su|_|_;train|yes|su|_|_;train
2047;su;spedire;greater_plurality/accumulation;telegrammi su telegrammi;yes;nominal;telegramma;pl;_;_;So benissimo che tu qui spedivi;telegrammi su telegrammi;.;train|yes|su|_|_;train|yes|su|_|_;test|yes|su|_|_;train|yes|su|_|_;train|yes|su|_|_;train
1982;su;e;greater_plurality/accumulation;riunioni su riunioni;yes;nominal;riunione;pl;_;_;Ma per arrivare sino a quel punto, a quel sospiro di sollievo, ci sono state ore di trattative ininterrotte e telefonate notturne e sveglie all'alba e;riunioni su riunioni;.;train|yes|su|_|_;train|yes|su|_|_;train|yes|su|_|_;test|yes|su|_|_;test|yes|su|_|_;train
1567;su;frullare;greater_plurality/accumulation;cazzate su cazzate;yes;nominal;cazzata;pl;_;_;Mi aspetto che si metta a ridere come un pazzo e che poi ricominci a frullare;cazzate su cazzate;.;test|yes|su|_|_;train|yes|su|_|_;train|yes|su|_|_;train|yes|su|_|_;train|yes|su|_|_;train
1990;su;tregua;greater_plurality/accumulation;rovine su rovine;yes;nominal;rovina;pl;_;_;Dove ci appare una catena di eventi, egli vede una sola catastrofe che accumula senza tregua;rovine su rovine;e le rovescia ai suoi piedi.;test|yes|su|_|_;train|yes|su|_|_;train|yes|su|_|_;test|yes|su|_|_;test|yes|su|_|_;train
1774;su;inchiodare;greater_plurality/accumulation;legni su legni;yes;nominal;legno;pl;_;_;Le avanguardie, paradossali e inverosimili, enigmatiche, che mettono insieme una maniglia e la dalia paonazza di un dolore acuto, che lanciano fiamme su tesi materiali da imballaggio, che inchiodano;legni su legni;con chiodi di già arrugginiti, di già tutti ritorti, rimediati, e che incollano, coi liquami dei colori industriali, cortecce che di una guerra hanno visto di striscio un fuggiasco che correva slacciandosi la corazzetta coi muscoli sbalzati... ecco chi scrive la storia: chi raccatta gli aneddoti, ci sputa dietro e te li appiccica in fronte, e taglia e cuce, senza badare per niente all'armonia, al bell'insieme... cosa significa?;train|yes|su|_|_;train|yes|su|_|_;test|yes|su|_|_;test|yes|su|_|_;test|yes|su|_|_;train
2023;su;trascorrere;greater_plurality/accumulation;stagioni su stagioni;yes;nominal;stagione;pl;_;_;Alla finestra sul mondo trascorsero;stagioni su stagioni;, poi fu di nuovo neve.;test|yes|su|_|_;train|yes|su|_|_;train|yes|su|_|_;train|yes|su|_|_;train|yes|su|_|_;train
2006;su;con;greater_plurality/accumulation;sentenze su sentenze;yes;nominal;sentenza;pl;_;_;Anche se quel reato, ha stabilito negli anni la Cassazione con;sentenze su sentenze;"circa il senso del pudore e della ""continenza sessuale"", è di fatto tollerato se non se ne fa offerta al pubblico.";test|yes|su|_|_;train|yes|su|_|_;train|yes|su|_|_;train|yes|su|_|_;train|yes|su|_|_;train
1771;su;strato;succession/iteration/distributivity;layer su layer;yes;modifier;layer;sg;_;_;Detriti, come li chiama Napier, che sono visibili per strati,;layer su layer;, quasi si trattasse dei livelli che gli archeologi usano durante le operazioni di scavo.;train|yes|su|_|_;train|yes|su|_|_;train|yes|su|_|_;train|yes|su|_|_;train|yes|su|_|_;train
1984;su;fare;greater_plurality/accumulation;riunioni su riunioni;yes;nominal;riunione;pl;_;_;Da dieci giorni stiamo dicendo in tutte le sedi che bisognava intervenire: si è perduto tempo a discutere, a prendere contatti diplomatici, a fare;riunioni su riunioni;, dichiarazioni su dichiarazioni, mentre la tragedia albanese richiedeva interventi rapidi, decisi, organici, massicci.;train|yes|su|_|_;train|yes|su|_|_;train|yes|su|_|_;test|yes|su|_|_;test|yes|su|_|_;train
1942;su;rivendicare;succession/iteration/distributivity;punto su punto;yes;modifier;punto;sg;_;_;Stende la mano all'opposizione e rivendica;punto su punto;il proprio programma.;test|yes|su|_|_;train|yes|su|_|_;test|yes|su|_|_;train|yes|su|_|_;train|yes|su|_|_;train
1705;su;accumulare;greater_plurality/accumulation;errori su errori;yes;nominal;errore;pl;_;_;E, al contrario, il mister argentino continua ad accumulare;errori su errori;, cambiando ogni settimana le carte in tavola, senza trovare, naturalmente, il rimedio.;train|yes|su|_|_;train|yes|su|_|_;train|yes|su|_|_;train|yes|su|_|_;test|yes|su|_|_;train
1541;su;sfornare;greater_plurality/accumulation;barzellette su barzellette;yes;nominal;barzelletta;pl;_;_;Ormai, Ennio come un fucile, Athos come una mitraglia, sfornano;barzellette su barzellette;", come si suol dire, prendono il pallino in mano; fra un bicchiere e l'altro, una risata e l'altra, cadono le ultime barriere; ci sentiamo ormai comese fossimo davvero cresciuti tutti insieme; nasce in questa occasione oltrealla sintonia del branco, anche l'intercalare ufficiale della vacanza ""olè... se dobla""!";train|yes|su|_|_;train|yes|su|_|_;test|yes|su|_|_;test|yes|su|_|_;train|yes|su|_|_;train
2018;su;chiedere;greater_plurality/accumulation;spiegazioni su spiegazioni;yes;nominal;spiegazione;pl;_;_;E agli ipocondriaci (le persone che sono sempre convinte di essere ammalate): a furia di chiedere;spiegazioni su spiegazioni;, scoprono di avere costantemente qualche problema di salute.;train|yes|su|_|_;train|yes|su|_|_;test|yes|su|_|_;test|yes|su|_|_;test|yes|su|_|_;train
1890;su;senza;greater_plurality/accumulation;permessi su permessi;yes;nominal;permesso;pl;_;_;Chi dieci anni fa, a casa sua, ha piantato un filare di platani troppo vicini, non li può diradare senza;permessi su permessi;.;train|yes|su|_|_;train|yes|su|_|_;train|yes|su|_|_;test|yes|su|_|_;test|yes|su|_|_;train
1931;su;Belbo;greater_plurality/accumulation;prove su prove;yes;nominal;prova;pl;_;_;Le avevo provviste nei giorni a venire, lunghe, minuziose, documentate, mentre sui tavolini di Pilade mostravo a Belbo;prove su prove;, che egli seguiva con l'occhio sempre più annebbiato, accendendo le sigarette coi mozziconi, stendendo ogni cinque minuti il braccio infuori, il bicchiere vuoto con una parvenza di ghiaccio sul fondo, e Pilade che si precipitava a rifornire, senza attendere altri comandi.;test|yes|su|_|_;train|yes|su|_|_;test|yes|su|_|_;train|yes|su|_|_;test|yes|su|_|_;train
1943;su;lottare;succession/iteration/distributivity;punto su punto;yes;modifier;punto;sg;_;_;Il 2 febbraio, con l'Inter avanti di cinque punti, aveva detto: «Non mi dispiacerebbe nemmeno se dovessimo lottare;punto su punto;in campionato.»;test|yes|su|_|_;train|yes|su|_|_;test|yes|su|_|_;train|yes|su|_|_;train|yes|su|_|_;train
1856;su;accumulare;greater_plurality/accumulation;orrori su orrori;yes;nominal;orrore;pl;_;_;Ora, non capisco perché dovrei portare rispetto verso una istituzione che nel corso dei secoli ha accumulato;orrori su orrori;, dei quali si è scusata in grave ritardo e solo in parte.;test|yes|su|_|_;train|yes|su|_|_;train|yes|su|_|_;test|yes|su|_|_;test|yes|su|_|_;train
2021;su;colore;succession/iteration/distributivity;stagione su stagione;yes;modifier;stagione;sg;_;_;Vincenzo dipinse la collinetta per quasi due d'anni, colore su colore,;stagione su stagione;.;test|yes|su|_|_;train|yes|su|_|_;train|yes|su|_|_;train|yes|su|_|_;train|yes|su|_|_;train
2005;su;apparire;greater_plurality/accumulation;segherie su segherie;yes;nominal;segheria;pl;_;_;Il primo odore è quello di legno e infatti dopo poche centinaia di metri appaiono;segherie su segherie;con collinette artificiali fatte di trucioli ed assi dappertutto.;train|yes|su|_|_;train|yes|su|_|_;test|yes|su|_|_;train|yes|su|_|_;test|yes|su|_|_;train
1873;su;recuperare;greater_plurality/accumulation;palloni su palloni;yes;nominal;pallone;pl;_;_;Col passare dei minuti migliorano Peruzzi e Simic, nel centrocampo della Roma Assuncao recupera;palloni su palloni;che appoggia ai compagni senza strafare, ad avviare il motore giallorosso ci pensa Totti, che copre mezzo campo.;test|yes|su|_|_;train|yes|su|_|_;train|yes|su|_|_;test|yes|su|_|_;test|yes|su|_|_;train
2007;su;collezionare;greater_plurality/accumulation;serate su serate;yes;nominal;serata;pl;_;_;Lo so, avrei potuto campare di rendita su Kalimba de Luna, collezionando;serate su serate;…;test|yes|su|_|_;train|yes|su|_|_;train|yes|su|_|_;train|yes|su|_|_;train|yes|su|_|_;train
1739;su;scattare;greater_plurality/accumulation;foto su foto;yes;nominal;foto;sg/pl;_;_;La segue con l'inseparabile Kodak in mano, come un giapponese che scatta;foto su foto;.;train|yes|su|_|_;train|yes|su|_|_;train|yes|su|_|_;test|yes|su|_|_;train|yes|su|_|_;train
1923;su;cassa;greater_plurality/accumulation;proposte su proposte;yes;nominal;proposta;pl;_;_;Così partirono casse su casse;proposte su proposte;, ma non ricevevamo se non giornali vecchi di due mesi, qualche settimanale come Ogonëk o Donna Sovietica, qualche rivista come Voprosy Filosofii e Sovetskoe Gosudarstvo i Pravo, dai quali ogni tanto Strada segnalava qualcosa perplesso.;train|yes|su|_|_;train|yes|su|_|_;train|yes|su|_|_;test|yes|su|_|_;test|yes|su|_|_;train
1661;su;mangiare;greater_plurality/accumulation;coppe su coppe;yes;nominal;coppa;pl;_;_;Orinare stando in piedi era punito in un modo particolarmente arduo, e le donne che durante le mestruazioni si avvicinavano all'acqua o al fuoco venivano costrette a mangiare;coppe su coppe;di piscio e merda maschili.;test|yes|su|_|_;train|yes|su|_|_;test|yes|su|_|_;test|yes|su|_|_;train|yes|su|_|_;train
1948;su;ribattere;succession/iteration/distributivity;punto su punto;yes;modifier;punto;sg;_;_;Incalzato dai rappresentanti di Uds (Unione degli studenti) e Ras (Rete autogestita studentesca), il ministro ha ribattuto;punto su punto;.;test|yes|su|_|_;train|yes|su|_|_;test|yes|su|_|_;train|yes|su|_|_;train|yes|su|_|_;train
1895;su;ricostruire;succession/iteration/distributivity;pezzo su pezzo;yes;modifier;pezzo;sg;_;_;Ho visto i palazzi monumentali di Dresda ricostruiti;pezzo su pezzo;, dopo le distruzioni della Seconda guerra mondiale e ho visto i monumenti dell'Alto Egitto salvati e rimontati all'asciutto.;test|yes|su|_|_;train|yes|su|_|_;test|yes|su|_|_;test|yes|su|_|_;test|yes|su|_|_;train
1810;su;ingoiare;greater_plurality/accumulation;metro su metro;yes;nominal;metro;sg;_;_;Ogni volta che ho corso, da quel giorno in poi, ho ingoiato;metro su metro;masticando queste parole salvifiche di mio padre, le parole di Yusuf Omar Nur, figlio di Omar Nur Mohamed.;test|yes|su|_|_;train|yes|su|_|_;test|yes|su|_|_;test|yes|su|_|_;test|yes|su|_|_;train
1659;su;accatastare;greater_plurality/accumulation;copie su copie;yes;nominal;copia;pl;_;_;Nel suo ufficio sono accatastate;copie su copie;della Fattoria degli animali di Orwell: il contributo del governo britannico all'insegnamento dell'inglese nelle scuole afghane e una lezione elementare sui danni del marxismo, messa in bocca a un maiale.;train|yes|su|_|_;train|yes|su|_|_;train|yes|su|_|_;train|yes|su|_|_;test|yes|su|_|_;train
1854;su;passare;greater_plurality/accumulation;ore su ore;yes;nominal;ora;pl;_;_;Sei mesi da quando Veronica l'aveva lasciata, e ogni giorno l'appartamento si faceva più vuoto, Giorgia più malinconica, ridotta a passare;ore su ore;davanti al computer.;train|yes|su|_|_;train|yes|su|_|_;test|yes|su|_|_;test|yes|su|_|_;train|yes|su|_|_;train
1939;su;segnare;greater_plurality/accumulation;punti su punti;yes;nominal;punto;pl;_;_;Se giocava a basket come baciava, sarebbe stato fin troppo facile segnare;punti su punti;senza un briciolo di fatica.;test|yes|su|_|_;train|yes|su|_|_;test|yes|su|_|_;train|yes|su|_|_;train|yes|su|_|_;train
1900;su;aggiungere;greater_plurality/accumulation;pietra su pietra;yes;nominal;pietra;sg;_;_;Secondo Rauber, l'organismo vivente non è costruito come un edificio, aggiungendo;pietra su pietra;in modo ordinato.;train|yes|su|_|_;train|yes|su|_|_;test|yes|su|_|_;test|yes|su|_|_;train|yes|su|_|_;train
1859;su;cucina;greater_plurality/accumulation;pacchi su pacchi;yes;nominal;pacco;pl;_;_;Ci mettemmo una cosa come mezz'ora, facendo avanti e indietro tra la strada e la cucina –;pacchi su pacchi;su pacchi – e quando il tizio con il berretto, sfinito, risalì sul suo furgone e sparì, dalla cucina li portammo in taverna – pacchi su pacchi su pacchi.;test|yes|su|_|_;train|yes|su|_|_;train|yes|su|_|_;test|yes|su|_|_;test|yes|su|_|_;train
1946;su;dimostrare;succession/iteration/distributivity;punto su punto;yes;modifier;punto;sg;_;_;Il governatore Roberto Formigoni sembra chiamarsi fuori: «L'assessore Ponzoni mi ha preannunciato una sua ampia dichiarazione che sarà dimostrazione;punto su punto;di quanto sia estraneo ai fatti».;test|yes|su|_|_;train|yes|su|_|_;test|yes|su|_|_;train|yes|su|_|_;train|yes|su|_|_;train
2027;su;giorno;greater_plurality/accumulation;strade su strade;yes;nominal;strada;pl;_;_;70000 abitanti, Gesù, e cantieri, ciminiere, palazzi, cattedrali, negozi, le luci accese anche di giorno,;strade su strade;.;test|yes|su|_|_;train|yes|su|_|_;train|yes|su|_|_;test|yes|su|_|_;train|yes|su|_|_;train
1924;su;accusa;succession/iteration/distributivity;prova su prova;yes;modifier;prova;sg;_;_;Per fortuna, conosceva la lingua così bene che capì ogni cosa, e si potette difendere, parola su parola, accusa su accusa ,;prova su prova;, senza perdersi d'animo.;test|yes|su|_|_;train|yes|su|_|_;test|yes|su|_|_;train|yes|su|_|_;test|yes|su|_|_;train
1712;su;citare;greater_plurality/accumulation;esempi su esempi;yes;nominal;esempio;pl;_;_;Ma si potrebbe continuare a citare;esempi su esempi;: il Medioevo è attraversato da queste ventate di rivolta in cui un gruppo si identifica con l'unica Chiesa legittima, legittimandosi col proprio rigorismo (che, curiosamente, spesso sfocia nella licenza, come se la coscienza della propria perfezione spirituale consentisse una maggior spregiudicatezza nel trattare le miserie della carne).;test|yes|su|_|_;train|yes|su|_|_;train|yes|su|_|_;test|yes|su|_|_;train|yes|su|_|_;train
1707;su;fare;greater_plurality/accumulation;errori su errori;yes;nominal;errore;pl;_;_;La mattina stessa in cui è stato scoperto l'omicidio ha fatto;errori su errori;per compromettere l'inchiesta e alla fine ha lasciato a casa di Vaudel figlio quanto serve per farmi sbattere in galera al posto dell'assassino.;train|yes|su|_|_;train|yes|su|_|_;train|yes|su|_|_;train|yes|su|_|_;test|yes|su|_|_;train
1848;su;arte;succession/iteration/distributivity;onda su onda;yes;modifier;onda;sg;_;_;Il segreto sta nel piegare i tovaglioli a regola d'arte,;onda su onda;, a cono, a busta di lettera, per far trovare un bigliettino intrigante.;train|yes|su|_|_;train|yes|su|_|_;train|yes|su|_|_;train|yes|su|_|_;train|yes|su|_|_;train
1754;su;'';succession/iteration/distributivity;Giro su giro;yes;modifier;giro;sg;_;_;;Giro su giro;l ' uomo ha inanellato tre passaggi consecutivi davanti_al consolato russo attirando l'attenzione dei poliziotti;train|yes|su|_|_;train|yes|su|_|_;test|yes|su|_|_;train|yes|su|_|_;test|yes|su|_|_;train
1583;su;fare;greater_plurality/accumulation;citazioni su citazioni;yes;nominal;citazioni;pl;_;_;Mi chiese se continuava a fare;citazioni su citazioni;per legittimare le sue teorie.;test|yes|su|_|_;train|yes|su|_|_;test|yes|su|_|_;test|yes|su|_|_;train|yes|su|_|_;train
1761;su;addosso;greater_plurality/accumulation;informazioni su informazioni;yes;nominal;informazione;pl;_;_;Di converso, e questo è il secondo aspetto, ciò significa che ti si rovesciano addosso;informazioni su informazioni;, sempre di più, col rischio che, superando certi livelli, tutto si confonde e perde di valore.;test|yes|su|_|_;train|yes|su|_|_;test|yes|su|_|_;test|yes|su|_|_;train|yes|su|_|_;train
1835;su;con;greater_plurality/accumulation;norme su norme;yes;nominal;norma;pl;_;_;Si dimentica degli arricchimenti dei burocrati che, con;norme su norme;ad personam, hanno dissanguato le casse dello Stato.;train|yes|su|_|_;train|yes|su|_|_;train|yes|su|_|_;train|yes|su|_|_;test|yes|su|_|_;train
1889;su;sedere;succession/iteration/distributivity;pedalata su pedalata;yes;modifier;pedalata;sg;_;_;Non essendo lontana dalla città, raggiungevamo la Carletta in bicicletta, portando sul cannone le ragazze e principiando, con timide e apparentemente occasionali strisciate di ginocchio contro il loro sedere,;pedalata su pedalata;, il rito sessuale ridotto.;test|yes|su|_|_;train|yes|su|_|_;test|yes|su|_|_;test|yes|su|_|_;test|yes|su|_|_;train
1829;su;intrecciare;greater_plurality/accumulation;nodi su nodi;yes;nominal;nodo;pl;_;_;Sembra vedere e sentire il ritmo di questa fatica: trovare lo strappo, ridurlo, intrecciare;nodi su nodi;, riparare finalmente la rete.;test|yes|su|_|_;train|yes|su|_|_;test|yes|su|_|_;train|yes|su|_|_;test|yes|su|_|_;train
1852;su;scrivere;greater_plurality/accumulation;opere su opere;yes;nominal;opera;pl;_;_;Gianfrancesco Malipiero studiava e stampava Vivaldi e Monteverdi, mentre di suo scriveva;opere su opere;, grandi e piccole, sole e cicliche, serie e comiche, tra Orfeo e Goldoni muovendosi con la consapevolezza dell'uomo di cultura.;train|yes|su|_|_;train|yes|su|_|_;train|yes|su|_|_;train|yes|su|_|_;train|yes|su|_|_;train
1955;su;lottare;succession/iteration/distributivity;punto su punto;yes;modifier;punto;sg;_;_;Una pessima notizia per il Basaksehir, club di recente fondazione che sta lottando;punto su punto;con il più quotato Galatasaray per la vittoria dello scudetto.;test|yes|su|_|_;train|yes|su|_|_;test|yes|su|_|_;train|yes|su|_|_;train|yes|su|_|_;train
2011;su;sfornare;greater_plurality/accumulation;sistemi su sistemi;yes;nominal;sistema;pl;_;_;Comprese le giocate al Superenalotto che continuano sostenute e spingono Ferdinando De Nittis e suo cognato Mimì il barbiere a sfornare;sistemi su sistemi;come a una catena di montaggio.;train|yes|su|_|_;train|yes|su|_|_;train|yes|su|_|_;test|yes|su|_|_;test|yes|su|_|_;train
2001;su;essere;greater_plurality/accumulation;scommesse su scommesse;yes;nominal;scommessa;pl;_;_;Oggi ci sono i derivati e le opzioni si moltiplica il denaro esistente in modo enorme, perché sono;scommesse su scommesse;su scommesse.;test|yes|su|_|_;train|yes|su|_|_;test|yes|su|_|_;train|yes|su|_|_;test|yes|su|_|_;train
1925;su;portare;greater_plurality/accumulation;prove su prove;yes;nominal;prova;pl;_;_;D'altronde da qualche anno l'attivista Jeff Ballinger, fondatore del gruppo Press for Change, porta;prove su prove;circa le scandalose differenze fra le remunerazioni dei lavoratori indonesiani della catena Nike (poco più di un dollaro al giorno) e quelle dei campioni della pubblicità a cui la multinazionale affida la propria immagine.;test|yes|su|_|_;train|yes|su|_|_;test|yes|su|_|_;train|yes|su|_|_;test|yes|su|_|_;train
1753;su;inanellare;greater_plurality/accumulation;giri su giri;yes;nominal;giro;pl;_;_;In lontananza la ruota panoramica inanellava;giri su giri;all'infinito proiettando le sue luci colorate sulle acque scure del porto.;train|yes|su|_|_;train|yes|su|_|_;test|yes|su|_|_;train|yes|su|_|_;test|yes|su|_|_;train
1915;su;risalire;greater_plurality/accumulation;posizioni su posizioni;yes;nominal;posizione;pl;_;_;A quel punto la decisione vincente: si strappa la visiera e incomincia a risalire;posizioni su posizioni;.;train|yes|su|_|_;train|yes|su|_|_;test|yes|su|_|_;test|yes|su|_|_;train|yes|su|_|_;train
1992;su;svanire;greater_plurality/accumulation;saponi su saponi;yes;nominal;sapone;pl;_;_;Mi lavo e mi rilavo, svaniscono;saponi su saponi;, asciugamani e salviette si impregnano d'acqua.;test|yes|su|_|_;train|yes|su|_|_;train|yes|su|_|_;train|yes|su|_|_;train|yes|su|_|_;train
1963;su;macinare;greater_plurality/accumulation;record su record;yes;nominal;record;sg/pl;_;_;La ragione è semplice: le principali Borse mondiali (salvo Tokio) macinano;record su record;, la capitalizzazione dei grandi gruppi quotati si espande oltre ogni previsione, i ritorni sull'investimento per chi ha puntato su di loro un anno fa battono tutte le alternative.;train|yes|su|_|_;train|yes|su|_|_;test|yes|su|_|_;test|yes|su|_|_;test|yes|su|_|_;train
1919;su;sfornare;greater_plurality/accumulation;progetti su progetti;yes;nominal;progetto;pl;_;_;Lei continua a girare il mondo e a sfornare;progetti su progetti;.;test|yes|su|_|_;train|yes|su|_|_;test|yes|su|_|_;test|yes|su|_|_;test|yes|su|_|_;train
1471;a;sul;distractor;zero a zero;no;_;zero;sg;NumPNum;no;Valzer dei cambi (si fa male anche Lima), Cassano tenta il colpaccio nel finale ma il risultato rimane sullo;zero a zero;.;train|no|a|*|no;train|no|a|*|no;train|no|a|*|no;train|no|a|*|no;train|no|a|*|no;train
911;a;500;distractor;euro a euro;no;_;euro;sg;N_extended;no;Salvo che il fatto costituisca reato, il mancato rispetto, da parte del debitore, dei termini di pagamento stabiliti al comma 3 è punito con sanzione amministrativa pecuniaria da 500;euro a euro;500.000.;test|no|a|!PNPN|*;train|no|a|*|no;train|no|a|*|no;train|no|a|*|no;train|no|a|*|no;train
1494;a;finire;distractor;zero a zero;no;_;zero;sg;NumPNum;no;Il 26 settembre 1973 Caszely gioca contro l'URSS allo Stadio Lenin di Mosca e la partita finisce;zero a zero;.;train|no|a|*|no;train|no|a|*|no;train|no|a|*|no;train|no|a|*|no;train|no|a|*|no;train
1478;a;sul;distractor;zero a zero;no;_;zero;sg;NumPNum;no;Il Genoa balbettante che aveva perso a Cesena e quello senza idee che si era fatto bloccare sullo;zero a zero;dalla Pro Piacenza sembra lontani anni luce.;train|no|a|*|no;train|no|a|*|no;train|no|a|*|no;train|no|a|*|no;train|no|a|*|no;train
1495;a;sul;distractor;zero a zero;no;_;zero;sg;NumPNum;no;Nell'intervallo, con il risultato sullo;zero a zero;, negli spogliatoi Tommaso da vero leader cominciò a dare indicazioni, consigli, e non si risparmiava nei rimproveri.;train|no|a|*|no;train|no|a|*|no;train|no|a|*|no;train|no|a|*|no;train|no|a|*|no;train
1470;a;il;distractor;zero a zero;no;_;zero;sg;NumPNum;no;Un Milan con poche idee non va oltre lo;zero a zero;contro il Brescia.;train|no|a|*|no;train|no|a|*|no;train|no|a|*|no;train|no|a|*|no;train|no|a|*|no;train
1491;a;da;distractor;zero a zero;no;_;zero;sg;NumPNum;no;Ora ancora in Germania si riparte quasi da;zero a zero;.;train|no|a|*|no;train|no|a|*|no;train|no|a|*|no;train|no|a|*|no;train|no|a|*|no;train
1469;a;malinconicamente;distractor;zero a zero;no;_;zero;sg;NumPNum;no;Tornando a casa ho acceso il Televideo e ho letto che la partita era finita, malinconicamente,;zero a zero;.;train|no|a|*|no;train|no|a|*|no;train|no|a|*|no;train|no|a|*|no;train|no|a|*|no;train
1474;a;squallido;distractor;zero a zero;no;_;zero;sg;NumPNum;no;Uno per uno, mo' che bravi, mo' che carini, mo'hanno anche evitato il prevedibile, squallido;zero a zero;facendosi un golletto a testa.;train|no|a|*|no;train|no|a|*|no;train|no|a|*|no;train|no|a|*|no;train|no|a|*|no;train
1477;a;inchiodatissimo;distractor;zero a zero;no;_;zero;sg;NumPNum;no;Assiepati in tribuna d'onore, concentrati su questo inchiodatissimo;zero a zero;che ci fa galleggiare in un limbo di noia e tensione a tutti e ottantamila spettatori quanti siamo, già da cinquantadue minuti di gioco giocato.;train|no|a|*|no;train|no|a|*|no;train|no|a|*|no;train|no|a|*|no;train|no|a|*|no;train
1487;a;del;distractor;zero a zero;no;_;zero;sg;NumPNum;no;Se ciò risulterà vero, ci troveremo di fronte ad un'inestricabile coincidenza: due squadre che non si attaccano perché convinte della parziale utilità dello;zero a zero;.;train|no|a|*|no;train|no|a|*|no;train|no|a|*|no;train|no|a|*|no;train|no|a|*|no;train
1488;a;striminzito;distractor;zero a zero;no;_;zero;sg;NumPNum;no;Non solo il pareggio in campionato con il Piacenza, ma anche uno striminzito;zero a zero;con la Reggiana in coppa Italia.;train|no|a|*|no;train|no|a|*|no;train|no|a|*|no;train|no|a|*|no;train|no|a|*|no;train
1496;a;sul;distractor;zero a zero;no;_;zero;sg;NumPNum;no;Nino Malandrino quel 29 aprile era stato l'eroe del giorno, parando un rigore sullo;zero a zero;.;train|no|a|*|no;train|no|a|*|no;train|no|a|*|no;train|no|a|*|no;train|no|a|*|no;train
1476;a;Palermo;distractor;zero a zero;no;_;zero;sg;NumPNum;no;La capolista Inter fa un solo punto a Palermo:;zero a zero;e grave infortunio a Stankovic.;train|no|a|*|no;train|no|a|*|no;train|no|a|*|no;train|no|a|*|no;train|no|a|*|no;train
1493;a;dal;distractor;zero a zero;no;_;zero;sg;NumPNum;no;Noi dobbiamo fare finta che si parta dallo;zero a zero;.;train|no|a|*|no;train|no|a|*|no;train|no|a|*|no;train|no|a|*|no;train|no|a|*|no;train
1334;a;del;distractor;sinistra a sinistra;no;_;sinistra;sg;N_extended;no;Gli otto referendum - che potevano essere un primo banco di prova per l'unità della;sinistra a sinistra;dal Pd - sono stati in realtà motivi di discussione, e di divisione: «Siamo più divisi di prima», ha detto proprio all'Espresso Civati, intervistato a pochi giorni dalla chiusura della campagna.;train|no|a|*|no;train|no|a|*|no;train|no|a|*|no;test|no|a|!PNPN|*;train|no|a|*|no;train
1482;a;finire;distractor;zero a zero;no;_;zero;sg;NumPNum;no;Il primo tempo è finito;zero a zero;.;train|no|a|*|no;train|no|a|*|no;train|no|a|*|no;train|no|a|*|no;train|no|a|*|no;train
1323;a;da;distractor;sergente a sergente;no;_;sergente;sg;N_extended;no;I periodi minimi di attribuzioni specifiche, per l'avanzamento dei sergenti dell'Aeronautica militare, da;sergente a sergente;maggiore e da sergente maggiore a sergente maggiore capo sono determinati in 4 anni di impiego in incarichi della categoria di appartenenza.;test|no|a|!PNPN|*;train|no|a|*|no;test|no|a|!PNPN|*;test|no|a|!PNPN|*;train|no|a|*|no;train
1333;a;uno;distractor;sinistra a sinistra;no;_;sinistra;sg;N_extended;no;Se mancò in Italia fino al 1968 una;sinistra a sinistra;del P.C.I. era per la convinzione che il P.C.I. aveva messo saldamente un rampino negli equilibri dello stato e una conflittualità sociale diffusa poteva trarne risultati consistenti.;train|no|a|*|no;train|no|a|*|no;train|no|a|*|no;test|no|a|!PNPN|*;train|no|a|*|no;train
1483;a;pareggiare;distractor;zero a zero;no;_;zero;sg;NumPNum;no;A quell'epoca questo era rivoluzionario e cominciammo a pareggiare;zero a zero;con i migliori e con i peggiori.;train|no|a|*|no;train|no|a|*|no;train|no|a|*|no;train|no|a|*|no;train|no|a|*|no;train
1389;a;di;distractor;tedeschi a tedeschi;no;_;tedeschi;sg;N_extended;no;Un comando particolare, straniero, il comando del nemico, donde «Diktat», aveva vietato l'atteggiamento imperioso del comando militare di;tedeschi a tedeschi;.;test|no|a|!PNPN|*;train|no|a|*|no;train|no|a|*|no;test|no|a|!PNPN|*;test|no|a|!PNPN|*;train
1481;a;sul;distractor;zero a zero;no;_;zero;sg;NumPNum;no;La partita era inchiodata sullo;zero a zero;.;train|no|a|*|no;train|no|a|*|no;train|no|a|*|no;train|no|a|*|no;train|no|a|*|no;train
1484;a;un;distractor;zero a zero;no;_;zero;sg;NumPNum;no;Un goal, poi un altro, oppure uno;zero a zero;, senza però che permettessi a me stesso di chiudere gli occhi su alcunché, compresi i fantasmi e le creazioni della mia mente.;train|no|a|*|no;train|no|a|*|no;train|no|a|*|no;train|no|a|*|no;train|no|a|*|no;train
1229;a;primo;distractor;piani a piani;no;_;piani;sg;N_extended;no;Le due telecamere alternavano primi;piani a piani;a figura intera da angolazioni diverse, restringevano l'inquadratura sulle sue mani o sugli occhi o sui piedi in base alle istruzioni della regia.;train|no|a|*|no;train|no|a|*|no;test|no|a|!PNPN|*;train|no|a|*|no;train|no|a|*|no;train
1480;a;da;distractor;zero a zero;no;_;zero;sg;NumPNum;no;Così semmai dopo diceva che si doveva ricominciare da;zero a zero;.;train|no|a|*|no;train|no|a|*|no;train|no|a|*|no;train|no|a|*|no;train|no|a|*|no;train
2226;su;di;distractor;strada su strada;no;_;strada;sg;N_extended;no;In tal modo l'aquaplaning viene scongiurato e la tenuta di;strada su strada;bagnata e innevata è ottimale.;train|no|su|*|no;train|no|su|*|no;train|no|su|*|no;train|no|su|*|no;train|no|su|*|no;train
2187;su;di;distractor;app su app;no;_;app;sg/pl;proper_name_inglobation;no;Per quanto riguarda la connessione mobile, 3g o 4g, le cose sono più complesse perché apple non permette di farlo nativamente, né naturalmente permette la presenza di;app su app;store che lo facciano per noi.;train|no|su|*|no;train|no|su|*|no;test|no|su|*|no;train|no|su|*|no;train|no|su|*|no;train
2225;su;di;distractor;Sky su Sky;no;_;Sky;X;proper_name_inglobation;no;Cliente Sky via fibra/satellite con pack Calcio e Sky Go: 36,80 euro/mese* per le 7 partite/turno di;Sky su Sky;Go.;train|no|su|*|no;train|no|su|*|no;train|no|su|*|no;train|no|su|*|no;train|no|su|*|no;train
2186;su;di;distractor;Android su Android ;no;_;Android ;X;proper_name_inglobation;no;Attualmente è necessario impostare la versione minima di;Android su Android;7,0 (API 24-torrone) per distribuire l'app in dispositivi o emulatori torrone Android.;train|no|su|*|no;train|no|su|*|no;train|no|su|*|no;train|no|su|*|no;train|no|su|*|no;train
2100;su;e;distractor;2 su 2;no;_;3;X;NumPNum;no;Da segnalare anche un ottima prestazione di Cazzulo con 3 su 3 da due e;2 su 2;dalla lunetta, in momenti importanti della gara.;train|no|su|*|no;train|no|su|*|no;train|no|su|*|no;train|no|su|*|no;train|no|su|*|no;train
2167;su;via;distractor;satellite su satellite;no;_;satellite;sg;N_extended;no;Accesso ad alta velocità al Backbone Internet Europeo e connettività a banda larga, utilizzando tecnologia satellitare bidirezionale mediante canale di comunicazione bidirezionale via;satellite su satellite;geostazionario opportunamente posizionato, e connessione via fibra al Backbone Internet Europeo, con relativa manutenzione ed assistenza tecnica.;train|no|su|*|no;train|no|su|*|no;train|no|su|*|no;train|no|su|*|no;train|no|su|*|no;train
2188;su;di;distractor;Apple su Apple;no;_;Apple;X;proper_name_inglobation;no;Anche Noi di Zoleounge.it stiamo promuovendo il Back Friday di Apple e se siete in procinto di acquistare con gli sconti del BlackFriday 2010 di;Apple su Apple;Italia, iTunes Store o su App Store e volete aiutare Zoelounge.it senza peraltro spendere una lira in più, potreste prendere in considerazione l'idea di cliccare su uno dei banner presenti in questa pagina o nei banner presenti nella sidebar.;train|no|su|*|no;train|no|su|*|no;train|no|su|*|no;train|no|su|*|no;train|no|su|*|no;train
2109;su;tutto;distractor;119 su 119;no;_;119;X;NumPNum;no;Attivate al 100 % le procedure di bonifica per i siti inquinati a breve termine, in tutto;119 su 119;, e al 58 % quelle per i 146 siti a medio termine, mentre per i 60 siti di piano definiti ' in approfondimentò (considerati a medio termine nell' attesa della definitiva classificazione nell' ambito dell' approvazione dei Piani Provinciali), tale percentuale scende al 32 %.;train|no|su|*|no;train|no|su|*|no;train|no|su|*|no;train|no|su|*|no;train|no|su|*|no;train
2145;su;con;distractor;7 su 7;no;_;7;X;NumPNum;no;Lo fa in modo incontestabile: chiude con;7 su 7;dai 6.25 mt per un totale di 29 punti, il tutto in sola metà gara.;train|no|su|*|no;train|no|su|*|no;train|no|su|*|no;train|no|su|*|no;train|no|su|*|no;train
2111;su;strappare;distractor;18 su 18;no;_;18;X;NumPNum;no;Io penso che se una persona si impegna, comincia a farlo all' universita' ... magari prendendo dei buoni voti agli esami senza andare a tentare, strappando;18 su 18;.;train|no|su|*|no;train|no|su|*|no;train|no|su|*|no;train|no|su|*|no;train|no|su|*|no;train
2170;su;bicolore;distractor;grigio su grigio;no;_;grigio;sg;thematic_target;no;Innanzitutto, sono stati introdotti nuovi colori per la plancia bicolore;grigio su grigio;e blu su grigio.;train|no|su|*|no;train|no|su|*|no;train|no|su|*|no;train|no|su|*|no;train|no|su|*|no;train
2141;su;essere;distractor;37 su 37;no;_;37;X;NumPNum;no;Nella votazione delle due di notte eravamo;37 su 37;e alla fine è scoppiato un applauso.;train|no|su|*|no;train|no|su|*|no;train|no|su|*|no;train|no|su|*|no;train|no|su|*|no;train
2128;su;bene;distractor;3 su 3;no;_;3;X;NumPNum;no;Premetto che la scart è una 21 poli e ne ho provate ben;3 su 3;"televisori diversi, ma nulla da fare; pare che dalla scart del dvd non esca il seganle video ... cosa posso fare?";train|no|su|*|no;train|no|su|*|no;train|no|su|*|no;train|no|su|*|no;train|no|su|*|no;train
2117;su;con;distractor;2 su 2;no;_;2;X;NumPNum;no;Tra le file dell' Hintegra realizzano le migliori prestazioni offensive Simone Vichi con;2 su 2;e Victor Lopez con 2 su 4.;train|no|su|*|no;train|no|su|*|no;train|no|su|*|no;train|no|su|*|no;train|no|su|*|no;train
2270;su;voto;distractor;40 su 40;no;_;40;X;NumPNum;no;Poi è il turno di Nintendogs, il perfect score di Famitsu (voto;40 su 40;), dopo aver conquistato il mercato nipponico, si prepara ad invadere anche quelli occidentali.;train|no|su|*|no;train|no|su|*|no;train|no|su|*|no;train|no|su|*|no;train|no|su|*|no;train
2215;su;di;distractor;jeans su jeans;no;_;jeans;sg/pl;N_extended;no;Il trucco è prevalentemente uno, non eccedere con i colori, quindi se indossate una giacca di;jeans su jeans;blu dovranno avere lo stesso colore.;train|no|su|*|no;train|no|su|*|no;train|no|su|*|no;train|no|su|*|no;train|no|su|*|no;train
2193;su;di;distractor;base su base;no;_;base;sg;N_extended;no;La Commissione può ora rimborsare spese generali di;base su base;forfetaria o versare importi forfetari per piccoli progetti - di gruppi vulnerabili, per esempio.;train|no|su|*|no;train|no|su|*|no;train|no|su|*|no;train|no|su|*|no;train|no|su|*|no;train
2210;su;di;distractor;energia su energia;no;_;energia;sg;N_extended;no;Tradotto in italiano è il ritorno di;energia su energia;"investita; è un rapporto tra due valori numerici espressi in kWh.";train|no|su|*|no;train|no|su|*|no;train|no|su|*|no;test|no|su|*|no;train|no|su|*|no;train
2213;su;di;distractor;Google su Google;no;_;Google;X;proper_name_inglobation;no;Come cancellare la cronologia di;Google su Google;Chrome.;train|no|su|*|no;train|no|su|*|no;train|no|su|*|no;train|no|su|*|no;train|no|su|*|no;train
2175;su;strisciamento;distractor;ruota su ruota;no;_;ruota;sg;thematic_target;no;DEFINIZIONE: l' attrito volvente (a) è la forza che si sviluppa fra due solidi a contatto in moto rotatorio relativo senza strisciamento (;ruota su ruota;o ruota su strada).;train|no|su|*|no;train|no|su|*|no;train|no|su|*|no;train|no|su|*|no;train|no|su|*|no;train
2172;su;mio;distractor;interessi su interessi;no;_;interesse;sg;N_extended;no;Io che sono fiorentina, forse avrei qualche motivo in più per pensarlo, ma preferisco spostare i miei;interessi su interessi;"più ""puliti"" perchè il calcio sicuramente non lo è.";train|no|su|*|no;train|no|su|*|no;train|no|su|*|no;train|no|su|*|no;train|no|su|*|no;train
2120;su;scorso;distractor;22 su 22;no;_;22;X;NumPNum;no;In tempi più recenti, nel giugno scorso,;22 su 22;attentati sono abortiti.;train|no|su|*|no;train|no|su|*|no;train|no|su|*|no;train|no|su|*|no;train|no|su|*|no;train
2138;su;femmina;distractor;6 su 6;no;_;6;X;NumPNum;no;Utilizzarono questa possibilità soprattutto le femmine (;6 su 6;), ma anche alcuni maschi (4 su 12), quindi nel complesso poco più del 50 % della classe.;train|no|su|*|no;train|no|su|*|no;train|no|su|*|no;train|no|su|*|no;train|no|su|*|no;train
2140;su;essere;distractor;6 su 6;no;_;6;X;NumPNum;no;No perchè 7 su 9 di jones non è che succede sempre, considerando anche il fatto che fino ad un certo punto era;6 su 6;.;train|no|su|*|no;train|no|su|*|no;train|no|su|*|no;train|no|su|*|no;train|no|su|*|no;train
2271;su;essere;distractor;4 su 4;no;_;4;X;NumPNum;no;Con quella di oggi, sono;4 su 4;le vittorie di Prada nei testa a testa con l'imbarcazione della bionda Dawn Riley: anche se nelle previsioni, il successo era oggi tutt'altro che scontato.;train|no|su|*|no;train|no|su|*|no;train|no|su|*|no;train|no|su|*|no;train|no|su|*|no;train
2119;su;vincente;distractor;2 su 2;no;_;2;X;NumPNum;no;Detto questo, torniamo alla realtà dei fatti, che ci rimanda un Barcellona più che mai vincente:;2 su 2;in Eurolega, con 12 punti di scarto rifilati all' Aek e 14 all' Olimpia (in questo caso con un provvidenziale + 18 nell' ultimo quarto), e 8 su 9 in campionato.;train|no|su|*|no;train|no|su|*|no;train|no|su|*|no;train|no|su|*|no;train|no|su|*|no;train
2265;su;4;distractor;4 su 4;no;_;4;X;NumPNum;no;Dopo gara 4 i Knicks avranno degli incubi formato Kenyon Martin per tutta l' estate: altra doppia doppia (4;4 su 4;partite), ma quasta volta i punti sono 36.;train|no|su|*|no;train|no|su|*|no;train|no|su|*|no;train|no|su|*|no;train|no|su|*|no;train
2091;su;esempio;distractor;sedia su sedia;no;_;sedia;sg;N_extended;no;Le ragioni della priorità psicologica di, per esempio,;sedia su sedia;"a dondolo o mobilio sono percettive e morfologiche (percepiamo una sedia come una gestalt unitaria più facilmente del mobilio; associamo più facilmente un’immagine al livello base che agli altri), funzionali (abbiamo un programma motorio generale per interagire con le sedie, ma non con il mobilio), linguistiche e comunicative (il livello base contiene in media più attributi e dà più informazioni degli altri), di apprendimento (i bambini imparano prima i termini del livello base; inoltre spesso i termini del livello base sono più brevi e meno complessi degli altri).";train|no|su|*|no;train|no|su|*|no;train|no|su|*|no;train|no|su|*|no;test|no|su|*|no;train
2201;su;di;distractor;Camerino su Camerino;no;_;Camerino;X;proper_name_inglobation;no;Interventi Regione ed Università di;Camerino su Camerino;.;train|no|su|*|no;train|no|su|*|no;train|no|su|*|no;train|no|su|*|no;train|no|su|*|no;train
2197;su;di;distractor;Berlinguer su Berlinguer;no;_;Berlinguer;X;thematic_target;no;Si potrebbe provare A ragionare di;Berlinguer su Berlinguer;a partire da alcuni grandi punti del suo pensiero.;train|no|su|*|no;train|no|su|*|no;train|no|su|*|no;train|no|su|*|no;train|no|su|*|no;train
2116;su;in;distractor;2 su 2;no;_;2;X;NumPNum;no;Al Sud il risultato non è meno clamoroso: il centrosinistra è forza di governo in 4 province su 4 in Abruzzo, in 5 su 5 in Puglia, in;2 su 2;in Basilicata, in 4 su 5 in Campania, in 3 su 5 in Calabria.;train|no|su|*|no;train|no|su|*|no;train|no|su|*|no;train|no|su|*|no;train|no|su|*|no;train
2146;su;un;distractor;7 su 7;no;_;7;X;NumPNum;no;Sta meglio il secondo anno (43 partite, 11,3 di medie), quando spara un;7 su 7;da tre al Madison Square Garden di New York.;train|no|su|*|no;train|no|su|*|no;train|no|su|*|no;train|no|su|*|no;train|no|su|*|no;train
2202;su;di;distractor;capelli su capelli;no;_;capello;pl;N_extended;no;Quindi, ad esempio, lo stesso taglio di;capelli su capelli;lisci e ricci apparirà completamente diverso. pertanto quando scegli un taglio di capelli, oltre al tipo di viso, considera anche il tipo di capelli.;train|no|su|*|no;train|no|su|*|no;train|no|su|*|no;train|no|su|*|no;train|no|su|*|no;train
2163;su;in;distractor;seta su seta;no;_;seta;sg;thematic_target;no;Inizia così una ricca produzione di arazzi ricamati in;seta su seta;o in lana si juta o su tela.;train|no|su|*|no;train|no|su|*|no;train|no|su|*|no;train|no|su|*|no;train|no|su|*|no;train
2113;su;scioperare;distractor;19 su 19;no;_;19;X;NumPNum;no;A Lecco si è registrato una adesione del 100 per cento (hanno scioperato;19 su 19;) così come al tribunale di sorveglianza di Milano (9 su 9).;train|no|su|*|no;train|no|su|*|no;train|no|su|*|no;train|no|su|*|no;train|no|su|*|no;train
2110;su;voto;distractor;18 su 18;no;_;18;X;NumPNum;no;Il documento ha ottenuto l' unanimità dei voti:;18 su 18;presenti e aventi diritto al voto.;train|no|su|*|no;train|no|su|*|no;train|no|su|*|no;train|no|su|*|no;train|no|su|*|no;train
2143;su;seggio;distractor;61 su 61;no;_;61;X;NumPNum;no;Lasciamo la presidenza dell' assemblea e sentiamo il nuovo presidente della giunta che in Sicilia si è portato a casa tutti i seggi,;61 su 61;.;train|no|su|*|no;train|no|su|*|no;train|no|su|*|no;train|no|su|*|no;train|no|su|*|no;train
2099;su;con;distractor;3 su 3;no;_;3;X;NumPNum;no;Da segnalare anche un ottima prestazione di Cazzulo con;3 su 3;da due e 2 su 2 dalla lunetta, in momenti importanti della gara.;train|no|su|*|no;train|no|su|*|no;train|no|su|*|no;train|no|su|*|no;train|no|su|*|no;train
2194;su;di;distractor;base su base;no;_;base;sg;N_extended;no;Nella vita di tutti i giorni un lavaggio di;base su base;mensile è sufficiente.;train|no|su|*|no;train|no|su|*|no;train|no|su|*|no;train|no|su|*|no;train|no|su|*|no;train
2134;su;un;distractor;4 su 4;no;_;4;X;NumPNum;no;Il suo score recita un;4 su 4;dalla grande distanza e 13 punti nei 13 minuti decisivi per affossare definitivamente la Scavolini.;train|no|su|*|no;train|no|su|*|no;train|no|su|*|no;train|no|su|*|no;train|no|su|*|no;train
2158;su;su;distractor;Pippo su Pippo;no;_;Pippo;X;N_extended;no;La spesa per la riparazione, ammontante a venti euro, da ripartirsi tra tutti i condomini, graverà: su Martino su;Pippo su Pippo;e Martino in parti uguali per un terzo su Martino e per due terzi su Pippo.;test|no|su|*|no;train|no|su|*|no;train|no|su|*|no;train|no|su|*|no;train|no|su|*|no;train
2224;su;di;distractor;Sky su Sky;no;_;Sky;X;proper_name_inglobation;no;La partita Napoli-Villarreal sarà trasmessa in diretta tv per gli abbonati di;Sky su Sky;Calcio 1 HD (canale 251).;train|no|su|*|no;train|no|su|*|no;train|no|su|*|no;train|no|su|*|no;train|no|su|*|no;train
2262;su;inanellare;distractor;5 su 5;no;_;5;X;NumPNum;no;A detta di Alberto Artiglia che ne ha inanellati;5 su 5;(l' unico oltre al sottoscritto), il migliore vitto lo abbiamo avuto qui.;train|no|su|*|no;train|no|su|*|no;train|no|su|*|no;train|no|su|*|no;train|no|su|*|no;train
2147;su;tre;distractor;8 su 8;no;_;8;X;NumPNum;no;Gioca 29' e chiude con 20 punti, 0 su 2 da due, 4 su 7 da tre,;8 su 8;ai tiri liberi, ben 5 rimbalzi, 4 assist, 25 di valutazione.;train|no|su|*|no;train|no|su|*|no;train|no|su|*|no;train|no|su|*|no;train|no|su|*|no;train
2121;su;astenuto;distractor;22 su 22;no;_;22;X;NumPNum;no;"Nell' opposizione, tra i socialisti 90 hanno votato a favore mentre 56 si sono astenuti; nel gruppo dei repubblicani e socialisti, invece, i voti contrari sono stati";22 su 22;iscritti.;train|no|su|*|no;train|no|su|*|no;train|no|su|*|no;train|no|su|*|no;train|no|su|*|no;train
2123;su;disponibile;distractor;24 su 24;no;_;24;X;NumPNum;no;Tale contenitore poi, grazie alla tecnologia e software di ultima generazione, è disponibile;24 su 24;online e aggiornato in tempo reale, permettendo così ai potenziali clienti di visionare gli immobili direttamente da casa o ufficio, e ai collaboratori del gruppo sparsi in Italia o all' estero di consultare e fornire proposte svincolate dal limite della territorialità di competenza.;train|no|su|*|no;train|no|su|*|no;train|no|su|*|no;train|no|su|*|no;train|no|su|*|no;train
2150;su;prendere;distractor;80 su 80;no;_;80;X;NumPNum;no;Faccia presente che anche se tutta la gente sapesse le cose benissimo, da prendere;80 su 80;comunque tantissima gente dovrebbe tornare a casa.;train|no|su|*|no;train|no|su|*|no;train|no|su|*|no;train|no|su|*|no;train|no|su|*|no;train
2220;su;di;distractor;Saturno su Saturno;no;_;Saturno;X;N_extended;no;Con il transito di ritorno di ;Saturno su Saturno;"natale ti potrebbe creare solo una certa ""accettazione"" e crescita nel campo descritto.";train|no|su|*|no;train|no|su|*|no;train|no|su|*|no;train|no|su|*|no;train|no|su|*|no;train
2263;su;essere;distractor;5 su 5;no;_;5;X;NumPNum;no;"Se il ""numero minimo di domande"" non è stato impostato, allora il suo voto sarà";5 su 5;, cioè 100 %.;train|no|su|*|no;train|no|su|*|no;train|no|su|*|no;train|no|su|*|no;train|no|su|*|no;train
2148;su;infilare;distractor;8 su 8;no;_;8;X;NumPNum;no;Un giorno si ritrova al campetto, tira fuori il pallone e infila;8 su 8;da tre punti: la mano è guarita.;train|no|su|*|no;train|no|su|*|no;train|no|su|*|no;train|no|su|*|no;train|no|su|*|no;train
2108;su;con;distractor;110 su 110;no;_;110;X;NumPNum;no;Luciano Fonzi esprime il seguente giudizio: Laureato in Scienze Biologiche presso la Università di Siena nel 1969 con;110 su 110;e lode.;train|no|su|*|no;train|no|su|*|no;train|no|su|*|no;train|no|su|*|no;train|no|su|*|no;train
2087;su;di;distractor;carta su carta;no;_;carta;sg;thematic_target;no;E poi c'è lo spariglio, una variante della presa di;carta su carta;uguale.;train|no|su|*|no;train|no|su|*|no;train|no|su|*|no;train|no|su|*|no;train|no|su|*|no;train
2171;su;deviazione;distractor;numero su numero;no;_;numero;sg;N_extended;no;È possibile cancellare simultaneamente la programmazione dei servizi prenotazione, deviazione; numero su numero;interno, deviazione su numero esterno e non disturbare.;train|no|su|*|no;train|no|su|*|no;train|no|su|*|no;train|no|su|*|no;train|no|su|*|no;train
2118;su;con;distractor;2 su 2;no;_;2;X;NumPNum;no;Il MF salernitano si è portato da solo al comando con;2 su 2;, poi ha perso con Braga, ma la vittoria al sesto turno con Belotti lo ha ricatapultato da solo al primo posto a quota 4.5 su 6.;train|no|su|*|no;train|no|su|*|no;train|no|su|*|no;train|no|su|*|no;train|no|su|*|no;train
2152;su;a;distractor;90 su 90;no;_;90;X;NumPNum;no;Una volta fatto il gruppo (non esagerare con le unita' di supporto tanto, tra quelle in difesa e quelle prodotte sarai quasi a;90 su 90;) prendi la strada in alto a destra.;train|no|su|*|no;train|no|su|*|no;test|no|su|*|no;train|no|su|*|no;train|no|su|*|no;train
2151;su;Milano;distractor;9 su 9;no;_;9;X;NumPNum;no;A Lecco si è registrato una adesione del 100 per cento (hanno scioperato 19 su 19) così come al tribunale di sorveglianza di Milano (;9 su 9;).;train|no|su|*|no;train|no|su|*|no;train|no|su|*|no;train|no|su|*|no;train|no|su|*|no;train
2137;su;contenere;distractor;6 su 6;no;_;6;X;NumPNum;no;Osimo ha totalizzato 10 su 10 per quel che concerne i contenuti,;6 su 6;per la programmazione, 6 su 7 per l' originalità e 6 su 7 per la grafica.;train|no|su|*|no;train|no|su|*|no;train|no|su|*|no;train|no|su|*|no;train|no|su|*|no;train
2260;su;destra;distractor;5 su 5;no;_;5;X;NumPNum;no;A questo punto anche un Cda tutto di destra (;5 su 5;) andrebbe in crisi;train|no|su|*|no;train|no|su|*|no;train|no|su|*|no;train|no|su|*|no;train|no|su|*|no;train
2103;su;e;distractor;100 su 100;no;_;100;X;NumPNum;no;Anni dopo Bernardini ripropone lo stesso quesito in una scuola elementare, e;100 su 100;"rispondono: "" 50 anni """;train|no|su|*|no;train|no|su|*|no;train|no|su|*|no;train|no|su|*|no;train|no|su|*|no;train
2130;su;di;distractor;5 su 5;no;_;5;X;NumPNum;no; Questa volta è la Juventus a sbagliare di meno, anzi a non sbagliare proprio nulla visto che mette a segno uno score di;5 su 5;, mentre per il Milan è fatale l' errore di Brocchi.;train|no|su|*|no;train|no|su|*|no;train|no|su|*|no;train|no|su|*|no;train|no|su|*|no;train
2144;su;di;distractor;61 su 61;no;_;61;X;NumPNum;no;Certo le ultime elezioni europee hanno segnato una sconfitta di Berlusconi, il cappotto del;61 su 61;(i seggi del parlamento regionale conquistati dalla destra nelle ultime amministrative) appartiene alla memoria del passato.;train|no|su|*|no;train|no|su|*|no;train|no|su|*|no;train|no|su|*|no;train|no|su|*|no;train
2160;su;in;distractor;DVD su DVD;no;_;DVD;sg/pl;thematic_target;no;Se vuoi masterizzare un film in;DVD su DVD;+ R DL, ti conviene usare Alcohol o DVD Decrypter (in ISO mode).;train|no|su|*|no;train|no|su|*|no;train|no|su|*|no;train|no|su|*|no;train|no|su|*|no;train
2115;su;vittoria;distractor;2 su 2;no;_;2;X;NumPNum;no;La partecipazione è sempre stata sinonimo di vittoria:;2 su 2;con i trionfi del 1985 e 1996.;train|no|su|*|no;train|no|su|*|no;train|no|su|*|no;train|no|su|*|no;train|no|su|*|no;train
2105;su;di;distractor;100 su 100;no;_;100;X;NumPNum;no;Il valore modale ottenuto è di;100 su 100;, questo è quindi il valore che ricorre più frequentemente.;train|no|su|*|no;train|no|su|*|no;train|no|su|*|no;train|no|su|*|no;train|no|su|*|no;train
2205;su;di;distractor;dati su dati;no;_;dato;pl;N_extended;no;Una elaborazione fatta da un analista di;dati su dati;Istat dal due mila undici al due mila sedici.;train|no|su|*|no;train|no|su|*|no;train|no|su|*|no;train|no|su|*|no;train|no|su|*|no;train
2268;su;estivo;distractor;4 su 4;no;_;4;X;NumPNum;no;Risultato, al ritorno dopo l' operazione estiva,;4 su 4;da dove conta tre.;train|no|su|*|no;train|no|su|*|no;train|no|su|*|no;train|no|su|*|no;train|no|su|*|no;train
2089;su;di;distractor;ferro su ferro;no;_;ferro;sg;N_extended;no;Il valore del coefficiente di a. volvente del;ferro su ferro;"è per es. 0,005; quello radente, 0,21; l' a. volvente della gomma su strada, 0,02; quello radente, 0,07.";train|no|su|*|no;train|no|su|*|no;train|no|su|*|no;train|no|su|*|no;train|no|su|*|no;train
2102;su;se;distractor;10 su 10;no;_;10;X;NumPNum;no;Vorrei che ogni italiano, o almeno 8 su 10 sappiano cosa sia la Milano Sanremo, se;10 su 10;sanno cosa è il Giro.;train|no|su|*|no;train|no|su|*|no;train|no|su|*|no;train|no|su|*|no;train|no|su|*|no;train
2223;su;di;distractor;Sky su Sky;no;_;Sky;X;proper_name_inglobation;no;"È possibile acquistare entrambe le offerte ""Vodafone TV + NOW TV Intrattenimento"" e ""Vodafone TV Sport"" per avere accesso sia allo sport di";Sky su Sky;Sport Mix che all'entertaniment televisivo con il Ticket Intrattenimento di NOW TV.;train|no|su|*|no;train|no|su|*|no;train|no|su|*|no;train|no|su|*|no;train|no|su|*|no;train
2178;su;diretta;distractor;TV su TV;no;_;TV;sg;proper_name_inglobation;no;Tutta la cerimonia finale verrá trasmessa in diretta;TV su TV;3 dalle 18.40 alle 20.15 e su TV 1 e TV 2 dalle 19.30 alle 20.00.;train|no|su|*|no;train|no|su|*|no;train|no|su|*|no;train|no|su|*|no;train|no|su|*|no;train
2192;su;di;distractor;base su base;no;_;base;sg;N_extended;no;Agenzia Nazionale per la Ricerca (ANR), creata nel 2007 per finanziare progetti di ricerca di;base su base;competitiva.;train|no|su|*|no;train|no|su|*|no;train|no|su|*|no;train|no|su|*|no;train|no|su|*|no;train
2267;su;con;distractor;4 su 4;no;_;4;X;NumPNum;no;Qualche spunto solo quando Messina gli ha mandato sopra Morlende. </s><s> Chiude la gara con 6 su 13 al tiro con;4 su 4;nei liberi.;train|no|su|*|no;train|no|su|*|no;train|no|su|*|no;train|no|su|*|no;train|no|su|*|no;train
2133;su;e;distractor;4 su 4;no;_;4;X;NumPNum;no;Varese ha cercato di resistere con orgoglio, trovando pero' troppo tardi la classe di Meneghin (6 su 11 al tiro e;4 su 4;dalla lunetta), mentre Petruska (4 su 8 e 12 rimbalzi), dopo un felicissimo primo tempo, e' via via scomparso di scena.;train|no|su|*|no;train|no|su|*|no;train|no|su|*|no;train|no|su|*|no;train|no|su|*|no;train
2153;su;in;distractor;Italia su Italia;no;_;Italia;X;proper_name_inglobation;no;"Una curiosità: Sandra Vidal ha partecipato alla versione americana del programma "" Popstars "", trasmesso anche in";Italia su Italia;1.;train|no|su|*|no;train|no|su|*|no;train|no|su|*|no;train|no|su|*|no;train|no|su|*|no;train
2176;su;cantare;distractor;Christine su Christine;no;_;Christine;X;proper_name_inglobation;no;"Nel 1969 anche i Nomadi si dedicano al ""trans"", cantano";Christine su Christine;Jorgensen, una transessuale famosa dal 1952, fotografa, attrice e cantante.;train|no|su|*|no;train|no|su|*|no;train|no|su|*|no;train|no|su|*|no;train|no|su|*|no;train
2132;su;a;distractor;39 su 39;no;_;39;X;NumPNum;no;Essi hanno scoperto che Red Book è stato in grado di fornire con successo le risposte a;39 su 39;richieste su problemi clinici, con una media di 10 secondi per ricerca.;train|no|su|*|no;train|no|su|*|no;train|no|su|*|no;test|no|su|*|no;train|no|su|*|no;train
2264;su;di;distractor;5 su 5;no;_;5;X;NumPNum;no;Questa volta è la Juventus a sbagliare di meno, anzi a non sbagliare proprio nulla visto che mette a segno uno score di;5 su 5;, mentre per il Milan è fatale l' errore di Brocchi.;train|no|su|*|no;train|no|su|*|no;train|no|su|*|no;train|no|su|*|no;train|no|su|*|no;train
2142;su;il;distractor;61 su 61;no;_;61;X;NumPNum;no;L'ha data già il caso Fiat, bisogna insistere per eliminare anche la mafia, artefice del successo del polo con i;61 su 61;.;train|no|su|*|no;train|no|su|*|no;train|no|su|*|no;train|no|su|*|no;train|no|su|*|no;train
2189;su;di;distractor;Arezzo su Arezzo;no;_;Arezzo;X;proper_name_inglobation;no;La posizione del Comune di;Arezzo su Arezzo;Fiere è chiarissima.;train|no|su|*|no;train|no|su|*|no;train|no|su|*|no;train|no|su|*|no;train|no|su|*|no;train
2162;su;di;distractor;giornalisti su giornalisti;no;_;giornalista;pl;thematic_target;no;Torna l' estate, tornano puntuali come le zanzare i libri di; giornalisti su giornalisti;e con la calura tornano a scoppiare anche le polemiche tra gli anchormen di casa Mediaset, in primis quella tra Emilio Fede ed Enrico Mentana.;train|no|su|*|no;train|no|su|*|no;train|no|su|*|no;train|no|su|*|no;train|no|su|*|no;train
2139;su;di;distractor;6 su 6;no;_;6;X;NumPNum;no;Sarà ricordata come la stagione del;6 su 6;: l' intera pallavolo bellunese è retrocessa.;train|no|su|*|no;train|no|su|*|no;train|no|su|*|no;train|no|su|*|no;train|no|su|*|no;train
2127;su;fecondare;distractor;3 su 3;no;_;3;X;NumPNum;no;Per nostra fortuna sono stati fecondati;3 su 3;, il 100 %, pronti per essere impiantati in utero.;train|no|su|*|no;train|no|su|*|no;train|no|su|*|no;train|no|su|*|no;train|no|su|*|no;train
2217;su;di;distractor;jeans su jeans;no;_;jeans;sg/pl;N_extended;no;Quindi abbinare un capo di questo tipo è, sottinteso, che sarà più facile di una semplice camicia di;jeans su jeans;elegante oppure un giabbottino.;train|no|su|*|no;train|no|su|*|no;train|no|su|*|no;train|no|su|*|no;train|no|su|*|no;train
2190;su;di;distractor;autonomia su autonomia;no;_;autonomia;sg;proper_name_inglobation;no;Che ripeto che ricordo sono quelle delle inchieste sui gruppi terroristici Brigate Rosse prima linea sono quelli dell'inchiesta di;autonomia su autonomia;operaia inchiesta com'era sette aprile.;train|no|su|*|no;train|no|su|*|no;train|no|su|*|no;train|no|su|*|no;train|no|su|*|no;train
2107;su;effettuare;distractor;11 su 11;no;_;11;X;NumPNum;no;Da ricordare la prestazione contro il Belgio allorchè ne ha effettuate;11 su 11;tiri nello specchio della porta degli avversari.;train|no|su|*|no;train|no|su|*|no;train|no|su|*|no;train|no|su|*|no;train|no|su|*|no;train
2216;su;jeans;distractor;jeans su jeans;no;_;jeans;sg/pl;N_extended;no;Consigli per indossare il giubbino di jeans su jeans;jeans su jeans;.;train|no|su|*|no;train|no|su|*|no;train|no|su|*|no;train|no|su|*|no;train|no|su|*|no;train
2266;su;distanza;distractor;4 su 4;no;_;4;X;NumPNum;no;Nonostante un opaco Sandro Cherubini (solo 4 i punti del centro della Nazionale italiana), Sassari ha potuto contare su un infallibile Caine dalla lunga distanza (;4 su 4;dalla linea dei 3 punti e 22 i punti totali del britannico) e sui punti di Eveson (25) e Kohlstrom (16), dominatori della lunetta.;train|no|su|*|no;train|no|su|*|no;train|no|su|*|no;train|no|su|*|no;train|no|su|*|no;train
2185;su;di;distractor;facebook su facebook;no;_;facebook;X;thematic_target;no;la censura su facebook esiste, non si deve parlare male di;facebook su facebook;e non si devono aprire discorsi seri che non c'entrano con le informazioni private che servono 1: a controllarti 2: a sapere cosa pensano i giovani su determinati prodotti.;train|no|su|*|no;train|no|su|*|no;test|no|su|*|no;train|no|su|*|no;train|no|su|*|no;train
2165;su;di;distractor;ASCO su ASCO;no;_;ASCO;X;proper_name_inglobation;no;Ulteriori informazioni Per ulteriori informazioni, vedi il meeting virtuale di;ASCO su ASCO;OnLine (www.asco.org), che contiene tutti gli abstract degli studi presentati alla conferenza.;train|no|su|*|no;train|no|su|*|no;train|no|su|*|no;train|no|su|*|no;train|no|su|*|no;train
2106;su;di;distractor;100 su 100;no;_;100;X;NumPNum;no;Delle 20 regioni prese in esame da un gruppo di esperti in comunicazione, sociologia, diritti del cittadino, il portale della Regione Emilia-Romagna risulta primo classificato con un risultato di;100 su 100;per quanto riguarda il rapporto amministrazione-cittadini, davanti a Veneto (89/100) e Liguria (80/100).;train|no|su|*|no;train|no|su|*|no;train|no|su|*|no;train|no|su|*|no;train|no|su|*|no;train
2181;su;spostare;distractor;Roma su Roma;no;_;Roma;X;thematic_target;no;Equiparata ai docenti che si spostano;Roma su Roma;come sembra dall' articolo 25 del contratto nazionale di mobilità?;train|no|su|*|no;train|no|su|*|no;train|no|su|*|no;train|no|su|*|no;train|no|su|*|no;train
2164;su;di;distractor;Pisa su Pisa;no;_;Pisa;X;proper_name_inglobation;no;Martedì sera Umberto ha avuto una trovata che per poco non ha reso innocuo il pericolante edificio di insulti che ogni puntata pende su di lui, come la Torre di;Pisa su Pisa;.;train|no|su|*|no;train|no|su|*|no;train|no|su|*|no;train|no|su|*|no;test|no|su|*|no;train
2198;su;di;distractor;Berlusconi su Berlusconi;no;_;Berlusconi;X;thematic_target;no;Va bene bene pubblicare in prima pagina una barzelletta di;Berlusconi su Berlusconi;, ma vi sia perlomeno il buon senso di dire al titolista di non mettere come titolo LA BATTUTA finale...;train|no|su|*|no;train|no|su|*|no;train|no|su|*|no;train|no|su|*|no;train|no|su|*|no;train
2169;su;a;distractor;radio su radio;no;_;radio;sg;proper_name_inglobation;no;Proprio stamattina presto, verso le 5 circa seguivo il programma alla;radio su radio;"1 ""istruzioni per l' uso"" e uno degli argomenti era per l' appunto il blog, si parlava di quanti blog esistono in Italia, circa 30000, (pensavo ce ne fossero di più) mentre in Francia sono 3000000!";train|no|su|*|no;train|no|su|*|no;train|no|su|*|no;train|no|su|*|no;test|no|su|*|no;train
2179;su;in;distractor;Italia su Italia;no;_;Italia;sg;proper_name_inglobation;no;Ricordiamo che Futurama è partita in America sul network FOX il 28 marzo 1999, ed ha esordito in;Italia su Italia;1 in prima serata alle 20.45 il 6 gennaio 2000.;train|no|su|*|no;train|no|su|*|no;train|no|su|*|no;train|no|su|*|no;train|no|su|*|no;train
2244;su;di;distractor;Venere su Venere;no;_;Venere;X;N_extended;no;E i transiti che mi aspettano di ;Venere su Venere;e Saturno e poi di Urano su Marte, posso considerarli buoni per la mia situazione sentimentale?;test|no|su|*|no;train|no|su|*|no;train|no|su|*|no;train|no|su|*|no;train|no|su|*|no;train
2221;su;di;distractor;Sciascia su Sciascia;no;_;Sciascia;X;proper_name_inglobation;no;Ha curato l'edizione del Quaderno dell'Associazione Amici di;Sciascia su Sciascia;eretico del genere giallo (La vita felice, 2006) e la prefazione dell'edizione italiana de Il controllo della parola di André Schiffrin (Bollati Boringhieri, 2006).;train|no|su|*|no;train|no|su|*|no;train|no|su|*|no;train|no|su|*|no;train|no|su|*|no;train
2184;su;di;distractor;Fede su Fede;no;_;Fede;sg;proper_name_inglobation;no;La Dottrina della Chiesa, la Nota della Congregazione per la Dottrina della;Fede su Fede;e Politica, l' introduzione a questa di ...;test|no|su|*|no;train|no|su|*|no;train|no|su|*|no;train|no|su|*|no;train|no|su|*|no;train
2101;su;un;distractor;10 su 10;no;_;10;X;NumPNum;no;E mentre Berlusconi si assegna un;10 su 10;,gli analisti affermano che il governo ha sprecato il suo primo anno.;train|no|su|*|no;train|no|su|*|no;train|no|su|*|no;train|no|su|*|no;train|no|su|*|no;train
2104;su;massimo;distractor;100 su 100;no;_;100;X;NumPNum;no;Il punteggio minimo ottenuto dai nostri studenti è di 28,57, contro quello ottenuto dall' Emilia Romagna di 0,0 e dal Nord Est di 14,29, mentre è allineato il punteggio massimo:;100 su 100;.;train|no|su|*|no;train|no|su|*|no;train|no|su|*|no;train|no|su|*|no;train|no|su|*|no;train
2096;su;caricare;distractor;vacche su vacche;no;_;vacca;pl;thematic_target;no;È suo il conio del palidromo accavallavacca (strumento per caricare;vacche su vacche;", o vacche su cavalli; vedi anche alle voci lavacavalli e vacca).";train|no|su|*|no;train|no|su|*|no;train|no|su|*|no;train|no|su|*|no;train|no|su|*|no;train
2097;su;da;distractor;Roma su Roma;no;_;Roma;X;thematic_target;no;E se io mando un messaggio da;Roma su Roma;dovrei essere tutelato dalle leggi italiane, rispetto alle intenzioni piratesche delle aziende Usa.;train|no|su|*|no;train|no|su|*|no;train|no|su|*|no;train|no|su|*|no;train|no|su|*|no;train
2272;su;libero;distractor;4 su 4;no;_;4;X;NumPNum;no;Raccoglie punti solamente nei tiri liberi (;4 su 4;) perché la soluzione dalla distanza sembra non baciarlo più, anche in gare facili come questa: su 4 da tre.;train|no|su|*|no;train|no|su|*|no;train|no|su|*|no;train|no|su|*|no;train|no|su|*|no;train
2098;su;di;distractor;50 su 50;no;_;50;X;NumPNum;no;Fatta la prova di mercoledì, la domenica uscivano i risultati che dichiaravano che io avevo preso un punteggio di;50 su 50;!!!!! classificandomi primo insieme ad altri ventisette.;train|no|su|*|no;train|no|su|*|no;train|no|su|*|no;train|no|su|*|no;train|no|su|*|no;train
2269;su;provincia;distractor;4 su 4;no;_;4;X;NumPNum;no;La regione meno virtuosa è risultata la Sardegna, dove il 100% delle province (;4 su 4;) supera i 60 giorni d' attesa (con Oristano e Cagliari in grado di fornire la prestazione non prima di 4 mesi).;train|no|su|*|no;train|no|su|*|no;train|no|su|*|no;train|no|su|*|no;train|no|su|*|no;train
2135;su;disponibile;distractor;54 su 54;no;_;54;X;NumPNum;no;La formazione pugliese è, assieme al Torino, la squadra che ha usufruito fino a questo momento di tutti i cambi disponibili;54 su 54;.;train|no|su|*|no;train|no|su|*|no;train|no|su|*|no;train|no|su|*|no;train|no|su|*|no;train
2126;su;trasmettere;distractor;24 su 24;no;_;24;X;NumPNum;no;"Un ospedale di Pittsburgh fornisce addirittura una stazione televisiva chiamata ""Humor Helps Healing"" (l'umorismo aiuta a guarire), che trasmette";24 su 24;", mentre in South Carolina, i ""terapisti dell' umorismo"" hanno formato la Carolina Humour and Healing Association (HaHa).";train|no|su|*|no;train|no|su|*|no;train|no|su|*|no;train|no|su|*|no;train|no|su|*|no;train
2112;su;compatto;distractor;18 su 18;no;_;18;X;NumPNum;no;La serie A ha votato compatta,;18 su 18;- afferma Galliani - per il ' lodo' che ha preso il mio nome, che prevedeva 3 retrocessioni dalla A e 5 promozioni dalla B, e dall' anno prossimo a regime 3 retrocessioni e 3 promozioni.;train|no|su|*|no;train|no|su|*|no;train|no|su|*|no;train|no|su|*|no;train|no|su|*|no;train
2149;su;prendere;distractor;80 su 80;no;_;80;X;NumPNum;no;"Alla risposta: ""dovevate o dovevano studiare di più"" noi replichiamo in questo modo: ""anche se tutti gli studenti avessero preso";80 su 80;comunque tantissimi sarebbero tornati a casa!;train|no|su|*|no;train|no|su|*|no;train|no|su|*|no;train|no|su|*|no;train|no|su|*|no;train
2114;su;positivo;distractor;19 su 19;no;_;19;X;NumPNum;no;L' Inter respira: allarme rientrato sullo stop di Vieri Vuelta, un danese vola sui Pirenei Frigo 4 ° in classifica Rugby, radiata squadra rumena: positivi;19 su 19;Maradona-doping, Boniek conferma.;train|no|su|*|no;train|no|su|*|no;train|no|su|*|no;train|no|su|*|no;train|no|su|*|no;train
2183;su;e;distractor;Microsoft su Microsoft;no;_;Microsoft;X;proper_name_inglobation;no;È accordo di licenza tra PalmOne e;Microsoft su Microsoft;Exchange.;train|no|su|*|no;train|no|su|*|no;train|no|su|*|no;train|no|su|*|no;train|no|su|*|no;train
2245;su;di;distractor;Venezia su Venezia;no;_;Venezia;X;proper_name_inglobation;no;Pubblicazione di alcune foto di;Venezia su Venezia;Radio TV e Venetian Holiday.;train|no|su|*|no;train|no|su|*|no;train|no|su|*|no;test|no|su|*|no;train|no|su|*|no;train
2182;su;di;distractor;Guccini su Guccini;no;_;Guccini;X;thematic_target;no;Forse il fatto d'essere un lavoro di;Guccini su Guccini;, la possibilità di curiosare nell'armadio dei sogni e dei ricordi, mettendoci a disposizione fin dalla copertina la foto di famiglia del bisnonno che gli ha dato il nome (e sul retro, ma non cercatela nel booklet del cd, un'austera immagine della sua,;train|no|su|*|no;train|no|su|*|no;train|no|su|*|no;train|no|su|*|no;train|no|su|*|no;train
2122;su;vicinanza;distractor;24 su 24;no;_;24;X;NumPNum;no;Infatti la scommessa era quella dell' accompagnamento educativo, la presenza, la vicinanza;24 su 24;ore per tot mesi verso chi ne aveva bisogno.;train|no|su|*|no;train|no|su|*|no;train|no|su|*|no;train|no|su|*|no;train|no|su|*|no;train
2195;su;di;distractor;base su base;no;_;base;sg;N_extended;no;La povertà mestruale - la lotta per pagare i prodotti sanitari di;base su base;mensile - è aumentata durante la pandemia di coronavirus , secondo le associazioni di beneficenza.;train|no|su|*|no;train|no|su|*|no;train|no|su|*|no;train|no|su|*|no;train|no|su|*|no;train
