costruzione,preposizione,parola,contesto_pre,costr,contesto_post,number_of_noun,meaning,syntactic_function
anima ad anima,a,anima,"Sembrano interconnesse in una sfida infinita che si tramanda da corpo a corpo,",da anima a anima,", da essere ad essere.",,,
bocca a bocca,a,bocca,"Per non far cadere il sugo prendendolo con le dita, glielo passò",da bocca a bocca,.,sg,distractor,modifier
bocca a bocca,a,bocca,"Sperava che saltasse fuori un veleno o una tossina, ma gli interessava anche sapere se Clive era positivo all'HIV, datoche gli aveva praticato la respirazione",a bocca a,ed era entrato in contatto col suo sangue.,sg,distractor,modifier
bocca a bocca,a,bocca,Juanita si precipitò a praticarle la respirazione,a bocca a,", ma l'altra, quando si riprese, per poco non la denunciò per atti osceni.",sg,distractor,modifier
bocca a bocca,a,bocca,"Il piano, così organizzato, dovrebbe rimanere segreto, ma ben presto tutta la popolazione, con un passaggio",di bocca a bocca,", viene a sapere del disegno messo in atto dal Governatore.",sg,distractor,modifier
bocca a bocca,a,bocca,"Come si diffondono, ingigantendosi nel passare",da bocca a bocca,o da scritto a scritto?,sg,distractor,modifier
braccio a braccio,a,braccio,"Sembrerà assurdo ma il movimento anti-vaccinista è nato ancor prima della vaccinazione, durante la variolazione, ovvero il passaggio del vaiolo da pustola a pustola,",da braccio a braccio,", che, tuttavia, presentava un tasso di mortalità piuttosto alto (intornoal 6-7%), che ha creato il rifiuto di questo tipo di terapia.",sg,distractor,modifier
brano a brano,a,brano,Cominciò il corpo a corpo tra la folla e la milizia e più nessuno ebbe pietà: il leone affamato non strappa così,a brano a brano,l'antilope che ha ucciso e che sta mangiando.,sg,distractor,modifier
brano a brano,a,brano,Lo avevano strappato,a brano a brano,"a coloro che conoscevano i poteri di concentrazione cosmica della Pietra Nera della Mecca, retaggio dei magi babilonesi - perché era chiaro a questo punto che la Torre di Babele altro non era stata che il tentativo, ahimè troppo affrettato e giustamente fallito per la superbia dei suoi progettisti, di costruire il menhir più potente di tutti, salvoche gli architetti babilonesi avevano fatto male i conti perché, come aveva dimostrato padre Kircher, se la torre avesse raggiunto il suo culmine, per il peso eccessivo avrebbe fatto ruotare di novanta gradi e forse più l'asse terrestre, e il nostro povero globo si sarebbe trovato, anziché con una corona itifallica che puntava erettile verso l'alto, con un'appendice sterile, una mentula afflosciata, una coda scimmiesca, che sballonzolava verso il basso, una Shekinah perduta negli abissi vertiginosi di un Malkut antartico, flaccido geroglifico per pinguini.",sg,distractor,modifier
brano a brano,a,brano,In questo fango si genererà poi una quantità di piccole mosche e di altri animaletti che si raggomitoleranno nel mio sangue e mi divoreranno,a brano a brano,.,sg,distractor,modifier
brano a brano,a,brano,Talora le passava per la testa una fuggevole meraviglia: che si possa esser trascinati così mentre si muore,a brano a brano,", in mezzo a tutti gli altri, e nessuno se ne accorge...",,,
core a core,a,core,,a core a core,,,,
core a core,a,core,,a core a core,,,,
corpo a corpo,a,corpo,Talora le passava per la testa una fuggevole meraviglia: che si possa esser trascinati così mentre si muore,a brano a brano,", in mezzo a tutti gli altri, e nessuno se ne accorge…",sg,distractor,modifier
corpo a corpo,a,corpo,Sembrano interconnesse in una sfida infinita che si tramanda,da corpo a corpo,", da anima ad anima, da essere ad essere. ",sg,distractor,modifier
corpo a corpo,a,corpo,Le tattiche riflettono le tradizionali forme di lotta,a corpo corpo,.,sg,distractor,modifier
corpo a corpo,a,corpo,"Abbandonando la grande guerra - la guerra dei principi - che se da un lato ha le sue emozioni e i suoi grandiosi risultati, serba dall'altro in ogni ora il rispetto verso il nemico, i più fra i militi che li compongono, senza pur ascoltare la voce dei capi, si azzufferanno",a corpo corpo,"coi nemici, di null'altro più desiosi, che di far loro il maggior danno possibile.",sg,distractor,modifier
corpo a corpo,a,corpo,Mi sono avvicinato all'opera,da corpo a corpo,", fino all'imitazione della circoncisione.",sg,distractor,modifier
corpo a corpo,a,corpo,"Così Alba venne a conoscenza di un principe che aveva dormito cent'anni, di damigelle che lottavano",a corpo corpo,"con i draghi, di un lupo perduto nel bosco al quale una bambina aprì la pancia senza motivo.",sg,distractor,modifier
corpo a corpo,a,corpo,"Un classico contemporaneo a tu per tu, o meglio",a corpo corpo,", con l'eternità del classico.",sg,distractor,modifier
dorso a dorso,a,dorso,Certamente facendo percorsi trekking (che durano più di un giorno) scendendo al fiume a piedi o,a dorso a dorso,"di mulo o effettuando il giro in elicottero, la fruizione del canyon sarebbe stata più intensa ma abbiamo scartato i primi per questioni anagrafiche di due di noi (la pendenza è notevole) e la seconda per esplicito rifiuto di Stefania di salire su un ""coso"" che reputa poco sicuro.",sg,distractor,modifier
faccia a faccia,a,faccia,Allora vedremo Dio,a faccia a faccia,"> > (1 Cor 13,12),   così come egli è > > (1 Gv 3,2).",sg,distractor,modifier
faccia a faccia,a,faccia,"Solo alla fine, quando avrà termine la nostra conoscenza imperfetta e vedremo Dio",a faccia a faccia,"> > (1 Cor 13,12), conosceremo pienamente le vie, lungo le quali, anche attraverso i drammi del male e del peccato, Dio avrà condotto la sua creazione fino al riposo di quel Sabato definitivo, in vista del quale ha creato il cielo e la terra.",sg,distractor,modifier
faccia a faccia,a,faccia,"E dopo la passione e la morte del nostro Signore Gesù Cristo, esse hanno visto e vedono l'essenza divina in una visione intuitiva e anche",a faccia a faccia,", senza la mediazione di alcuna creatura.",sg,distractor,modifier
faccia a faccia,a,faccia,"Ora vediamo come in uno specchio, in maniera confusa; ma allora vedremo",a faccia a faccia,.,sg,distractor,modifier
faccia a faccia,a,faccia,"E se quello considerò sommo bene contemplarne l'aspetto trasfigurato sul monte insieme soltanto con Mosè ed Elia, quale parola può spiegare, quale concetto comprendere quale sarà la gioia dei giusti quando si avvicineranno al monte Sion, alla città del Dio vivente, Gerusalemme, e alla moltitudine degli angeli (cfr. Eb 12, 22), e quando contempleranno Dio, creatore di questa città non attraverso uno specchio, per enigma, ma",a faccia a faccia,"(1 Cor 13, 12)?",sg,distractor,modifier
faccia a faccia,a,faccia,,A faccia a faccia,"con uomini politici prima disprezzati, poi risultati mediocri, infine quasi invidiati, come gli accadde lavorando afiancodel giudice Giorgianni a Messina.",sg,distractor,modifier
faccia a faccia,a,faccia,Varan girò la testa e si trovò,a faccia a faccia,con un individuo non più alto di un metro e qualche spicciolo.,sg,distractor,modifier
faccia a faccia,a,faccia,"Daniele partì di corsa, senza pensare e in un secondo si ritrovò tra le suore che lo bloccarono e lui si ritrovò",a faccia a faccia,con suor Amelia.,sg,distractor,modifier
faccia a faccia,a,faccia,"È L'UNICA ALTERNATIVA AL NON VOTO, MA NON MI FIDO DEI SUOI COLLABORATORI E DEL SUO PARTITO VADO IN PALESTRA A SCARICARE DI PUGNI IL SACCO.. SPERO UN GIORNO DI PESTARE A SANGUE UN FIGLIO DI TROIA DELL ELITE purtroppo resterà solo un sogno.. pensate che bello trovarvi soli",a faccia a faccia,con uno di questi maledetti.,,,
fibra a fibra,a,fibra,Il mio nervo acustico è ormai stiracchiato,da fibra a fibra,"e non c'è modo di farci passare attraverso che un costante ronzio, come un canto di api su corolle piene di nettare.",sg,distractor,modifier
goccia a goccia ,a,gocca,"Quando lo zucchero si è completamente sciolto e forma un filo continuo se preso fra il pollice e l'indice, toglietelo dal fuoco e versatelo",a goccia a goccia,sul cioccolato fuso mescolando come si trattasse di montare una maionese.,,,
goccia a goccia ,a,gocca,"Vediamo vivere uomini a cui manca il cranio; vediamo correre soldati a cui un colpo ha falciato via i piedi e che inciampano, sui moncherini scheggiati, fino alla prossima buca; un caporale percorre due chilometri sulle mani, trascinandosi dietro i ginocchi fracassati; un altro va alpostodi medicazione premendo le mani contro le budella che traboccano; vediamo uomini senza bocca, senza mandibola, senza volto; troviamo uno che da due ore tiene stretta coi denti l'arteria del braccio per non dissanguarsi; il sole si leva, viene la notte, fischiano le granate, la vita se ne va",a goccia a goccia,.,,,
goccia a goccia ,a,gocca,"Accese uno Zippo, infiammò lo stoppino di una piccola ampolla di cherosene e cominciò a sciogliere",a goccia a goccia,una stecca di ceralacca sul cartoncino finché non si formò una pozza rosso sangue.,,,
goccia a goccia ,a,gocca,Carlino provò a lasciarsi cadere,a goccia a goccia,"nel pantano del sonno, ma la notte inchiostrata senza luna e senza stelle aveva cento tasche e in ognuna c'erano bestemmie e ferraglie.",,,
goccia a goccia ,a,gocca,Diventai come un recipiente che venga riempito,a goccia a goccia,.,,,
goccia a goccia ,a,gocca,Il giardiniere versò il latte,a goccia a goccia,ai piedi dell'albero fino a che sorse il sole.,,,
goccia a goccia ,a,gocca,"Quella donna fu sottoposta alla tortura dell'acqua: ne dovette ingurgitare litri e litri,",a goccia a goccia,", attraverso una pezzuola ficcata in gola, fin quasi a morirne soffocata…",,,
goccia a goccia ,a,gocca,Come nel riempire una caraffa,a goccia a goccia,", c'è finalmente una stilla che la fa traboccare, così in una sequela di atti gentili ce n'è infine uno che fa traboccare il cuore.",,,
goccia a goccia ,a,gocca,"Riprendendo ad avanzare, come attratta da una forza oscura, verso il Santuario, sentì che,",a goccia a goccia,", quell'acqua la mondava di tutto il suo passato, di tutti i suoi piccoli egoismi.",,,
goccia a goccia ,a,gocca,il chiarore del giorno penetra,a goccia a goccia,nel mio cervello.,,,
goccia a goccia ,a,gocca,"Questo verme si nutre del sangue umano, che si procura facendo piccolissimi fori nella mucosa dell'intestino, da cui lascia colare il sangue",a goccia a goccia,", per giorni e giorni, per anni e anni.",,,
goccia a goccia ,a,gocca,"Ufficialmente non c'è nè soddisfazione nè rammarico, nelle file dello stato maggiore di Alleanza nazionale, in questa serata elettorale in cui dati giungono",a goccia a goccia,", prima ancora degli exit poll ufficiali, confermando che al Nord il Polo va forte.",,,
goccia a goccia ,a,gocca,"Più che un ritorno al passato, dunque, occorrerebbero interventi tecnologici adatti a un pianeta globale: ad esempio stimolando investimenti in efficienza attraverso l'irrigazione",a goccia a goccia,"in agricoltura, tecnologia che evita sprechi, o il riutilizzo delle acque reflue nell'industria.",,,
goccia a goccia ,a,gocca,"Per trasformare la nebbia in una sorgente naturale di acqua, bisogna distillarla",a goccia a goccia,come il più prezioso dei whisky.,,,
gomito a gomito,a,gomito,"Così ci siamo attrezzati con un nostro ufficio in un palazzo accanto, dove lavorano",a gomitoa gomito,"giovani avvocati italiani, albanesi e americani.",sg,distractor,modifier
gomito a gomito,a,gomito,"Nelle strade affollate, sacerdoti dalle vesti risplendenti passeggiavano tranquilli",a gomitoa gomito,con mercanti flemmatici e mendicanti cenciosi; una spinta o un urtone d'un villano distratto - che in qualunque altro giorno sarebbe stato punito con una buona frustata oggi procurava all'incauto soltanto un'occhiata sprezzante.,sg,distractor,modifier
gomito a gomito,a,gomito,Avevano lavorato,a gomitoa gomito,"per dieci giorni e lui si era reso conto solo in quel momento che, in quel periodo, lei aveva mangiato come un uccellino.",sg,distractor,modifier
gomito a gomito,a,gomito,"Da Ferrara saliranno sulle Alpi un centinaio di rappresentanti delle forze di polizia civili e militari del territorio, che ancora una volta si troveranno",a gomitoa gomito,", ma lontanodal lavoro quotidiano.",sg,distractor,modifier
grado a grado,a,grado,"Onde (suggeriva oltre cent'anni fa Leopardi) la risposta a una forzatura con un ritorno all'indietro, che",a grado a grado,"conduca a transizioni e risultati effettivi, non apparenti e superficiali.",,,
grado a grado,a,grado,"Quando gli uomini muoiono di morte naturale, allorché l'albero dell'umanità si spoglia",a grado a grado,"di quanto è pallido e appassito, l'ampia superficie del Silenzio, nel quale annega per sempre chi ha finito di parlare e reggersi in piedi, non s'increspa minimamente, qualunque sia il numero di coloro che la tagliano col capo all'ingiù per raggiungere il lontanissimo fondo.",,,
grado a grado,a,grado,"Però ricordatevi che questa malattia non si guarisce subito, ma",a grado a grado,.,,,
grado a grado,a,grado,"Si infila nelle case e, con quella storia che la malattia si guarisce",a grado a grado,", ci mangia a sbafo per un bel po' e non se ne va finché non gli danno qualcosa da portarsi via.",,,
grado a grado,a,grado,"E mentre il terreno smotta (e potrebbe essere un processo lentissimo) sentirebbe che il calore, ovvero il moto che ne consegue, passa",a grado a grado,da una parte all'altra di essa.,,,
grado a grado,a,grado,"Il sacerdote sentì crescere la tensione di Micon: le mani torturate gli serrarono le spalle, il nobile volto si fece cinereo, e",a grado a grado,un brivido pervase tutto il suo corpo finché ogni nervo sembrò vibrare per lo sforzo…,,,
grado a grado,a,grado,"A lungo Domaris rimase immobile davanti alla porta chiusa, mentre la pietà nei suoi occhi",a grado a grado,"svaniva, sostituita dal timore.",,,
grado a grado,a,grado,"Il grande globo giallo - arancio salì - in alto, ancora più in alto - e rimase sospeso sul mare increspato, illuminando",a grado a grado,"i loro volti: Deoris, un'apparizione spettrale ritagliata nell'oscurità; Domaris, pallida sotto il cappuccio della veste color ghiaccio; Rajasta, una macchia luminosa accantoalla ringhiera; Riveda, un pilastro di tenebre stagliato contro il chiaro di luna.",,,
grado a grado,a,grado,"Inoltre, la stretta relazione con MaleinaDeoris apprese tutto ciò lentamente,",a grado a grado,"che la complessità della coscienza psichica umana, con le sue correnti chimiche e nervose, le si faceva più chiara - aveva in parte invertito, in Demira, il flusso delle correnti vitali.",,,
grado a grado,a,grado,"Fu scritto in un'epoca d'infermità e di vanità intellettuale, quando io allettato dalle mollezze dell'ozio andavo perdendo",a grado a grado,"tutte le forze accumulate in parecchi anni di studio e non curante volgevo le spalle ai saggi amici che venivano a gridarmi: - o rinnovarsi, o morire!",,,
guancia a guancia,a,guancia,,a guancia a guancia,,,,
lato a lato,a,lato,"Sulla parete di front eal letto, nel colore turchino, spiccava solo l'enorme croce nera,",da lato a lato,", come le sbarre di una prigione.",sg,distractor,modifier
muro a muro,a,muro,"Lo devi andare a vedere assolutamente perché è come una specie di tramezzo che taglia la navata a metà e lassù sul parapetto ci sono scolpite tutte queste figure di patriarchi, ognuno col suo nome e la sua barba, alte più o meno come questo tavolino, tutte in fila",da muro a muro,", anzi da pilastro a pilastro.",sg,distractor,modifier
muso a muso,a,muso,La sua resistenza ci portò,a muso a muso,.,sg,distractor,modifier
palmo a palmo,a,palmo,Ciò non è avvenuto: per cinque anni il centrosinistra ha combattuto,a palmo a palmo,"sul terreno della Rai, senza sfuggire al sospetto di una lottizzazione contrattata; e probabilmente la riforma Gentiloni è la figlia, non indecente ma chissà quanto adeguata, di una timidezza durata troppo a lungo.",,,
palmo a palmo,a,palmo,Will e Nancy setacciarono di nuovo l'appartamento,a palmo a palmo,"; poi, mentre lei restava con Clive, Will perlustrò il corridoio e la tromba delle scale.",,,
palmo a palmo,a,palmo,"Stupita, scopriva la forma nuova e sorprendente del corpo del suo amico, il calore, il gusto, l'aroma, lo esplorava conquistandolo",a palmo a palmo,", seminandolo di carezze appena inventate.",,,
palmo a palmo,a,palmo,Allora lei conobbe,a palmo a palmo,"il corpo più distrutto che si potesse concepire: il ventre misero, le costole a fior di pelle, le gambe e le braccia di puro osso, e lui tutto avvolto in un pellame glabro di un pallore di morte, con la testa che sembrava quella di un altro tant'era conciata dalle intemperie.",,,
porta a porta,a,porta,Suvereto ha una strada centrale,da porta a porta,", su cui trovi belli e dritti palazzi borghesi e plebei in pietra e mattone.",,,
porta a porta,a,porta,"Per diversi mesi si è visto, alla Tv, un signore che, con la borsa della spesa, passa",da porta a porta,a farsi ringraziare per gli acquisti che ha fatto e a esortare a fare altrettanto.,,,
porta a porta,a,porta,Mangiarono una sola castagna a testa e ne vendettero il rimanente,da porta a porta,.,,,
porta a porta,a,porta,"I plateali schiamazzi di Cesare Maldini, le urla scomposte di Marco Tardelli, così diverse e lontane da quelle del leggendario Bernabeu, hanno scandito l'inutile processione",da porta a porta,.,,,
porta a porta,a,porta,"Sulla ribattuta della difesa, la palla giunge a Orlandini che, incredulo, può involarsi",da porta a porta,.,,,
porta a porta,a,porta,"In particolare si sta mettendo a punto la raccolta differenziata mista che prevede un intervento definito """,a porta a porta,""" con buste di colore diverso e un altro con i classici contenitori differenziati.",,,
punto a punto,a,punto,L'ATM crea una connessione,da punto a punto,virtuale per ogni trasmissione.,,,
punto a punto,a,punto,"Le comunicazioni con il personale viaggiante all'interno del convoglio, con le stazioni e i posti di controllo lungo la linea sono assicurate dal sistema Socrate (Operating system for redundant communications and for automation and control of electric trains), formato da un monitor in cabina di guida e da una serie di centraline intelligenti che permettono di telecomandare e dialogare in linea",da punto a punto,.,,,
punto a punto,a,punto,I nuovi sistemi di trasmissione a distanza si differenziano dai precedenti - telegrafo e telefono - perché non costituiscono un legame,da punto a punto,"collegati pe mezzo di un filo; la radio, la televisione, il telefono cellulare consentono di svolgere un discorso da un punto centrale e mobile di irradiazione verso una periferia senza limiti.",,,
punto a punto,a,punto,Il computer può trattare frasi che arrivino a un massimo di 1500 caratteri,da punto a punto,: il che vuol dire più di duecento parole in media.,,,
punto a punto,a,punto,"Fatte salve le misure che potrebbero essere adottate neiconfrontidegli operatori che detengono un significativo potere di mercato ai sensi dell'articolo 45, l'Autorità può imporre: a) l'obbligo agli operatori che controllano l'accesso agli utenti finali, compreso, in casi giustificati, e qualora non sia già previsto, l'obbligo di interconnessione delle rispettive reti, nella misura necessaria a garantire l'interconnessione",da punto a punto,e valutati i servizi intermedi già resi disponibili; b) l'obbligo agli operatori di garantire l'accesso alle altre risorse di cui all'allegato n.,,,
punto a punto,a,punto,"Agli operatori può essere imposto, tra l'altro: di concedere agli operatori un accesso a determinati elementi e risorse di rete, compreso l'accesso disaggregato alla rete locale; b) di negoziare in buona fede con gli operatori che chiedono un accesso; c) di non revocare l'accesso alle risorse consentito in precedenza; d) di garantire determinati servizi all'ingrosso necessari affinchè terze parti possano formulare offerte; e) di concedere un accesso alle interfacce tecniche, ai protocolli e ad altre tecnologie indispensabili per l'interoperabilità dei servizi o dei servizi di reti private virtuali; f) di consentire la coubicazione o la condivisione degli impianti, inclusi condotti, edifici o piloni; g) di fornire determinati servizi necessari per garantire agli utenti l'interoperabilità dei servizi",da punto a punto,", tra cui risorse per servizi di reti intelligenti o servizi di roaming tra operatori di reti mobili; h) di garantire l'accesso ai sistemi di supporto operativo o a sistemi software analoghi necessari per garantire eque condizioni di concorrenza nella fornitura dei servizi; i) di interconnettere reti o risorse di rete.",,,
punto a punto,a,punto,"Al contrario nel Tipo C, dove il pino domestico è stato seminato in maniera andante e a integrazione di nuclei di latifoglie preesistenti, con conseguente maggiore variabilità",da punto a punto,"dei livelli di competizione, si è registrata una maggiore differenziazione delle altezze, con valori distribuiti in un intervallo di circa quattro metri (13-17 m).",,,
punto a punto,a,punto,"Dev'essere ristudiato il Radiobus «classico», ché la formula",da punto a punto,"non funziona, affonda nei debiti (oltre 4 milioni di euro l'anno), mentre saranno conservate le navette «By night» all'uscita delle discoteche, il venerdì e il sabato.",,,
punto a punto,a,punto,Il confronto del dato sperimentale con quello calcolato consente di tracciare mappe di variazione,da punto a punto,", oppure delle linee isogravimetriche al livello del mare.",,,
punto a punto,a,punto,"Dopo essersi sentito soddisfatto del numero dei puntini, il ragazzo univa il tutto in una sola linea,",da punto a punto,", formando così un animale, che si sviluppava gradualmente davantiagli occhi degli osservatori.",,,
punto a punto,a,punto,"Stanno, invece, in un continuum dove tutte le interazioni si propagano",da punto a punto,", senzache tra i punti esista qualcosa di inerte rispetto alla propagazione.",,,
punto a punto,a,punto,"Oggi ci rendiamo conto che la critica faradayana alla nozione di particella, inquanto scaturisce da una fisica del continuum dove le interazioni agiscono",da punto a punto,", è un lunghissimo balzo verso quelle zone, molto lontane dall'orlo osservativo del linguaggio, in cui oggi viviamo quando elaboriamo teorie di campo che rendono evanescenti le vecchie pitture di particelle Quando invece restiamo accantoall'orlo osservativo, non riusciamo a far altro se non immaginare che le parti molto piccole di una cosa - quelle che non sentiamo con i recettori visivi e tattili - siano copie, nel piccolo, degli oggetti corporei di senso comune.",,,
punto a punto,a,punto,Tra le singolarità c'è un agglomerato di linee di forza variamente incurvate,da punto a punto,", come ad esempio osserviamo quando, sulla superficie di un foglio di carta che si trovi neipressidi un magnete a ferro di cavallo, disperdiamo un poco di limatura di ferro.",,,
settimana a settimana,a,settimana,Si verifica volatilità durante l'anno,da settimana a settimana,"finché i prezzi non iniziano a scendere sotto la media annuale verso la fine di agosto, quando i viaggiatori possono risparmiare il 42% o più rispett oal periodo più caro.",sg,distractor,modifier
spalla a spalla,a,spalla,"Pazzia, avanguardia, eroismo, tutti e tre allo sbaraglio senza saperlo: ognuno crede in un suo fantasma eccezionale: crede e opera aldifuoridel branco: gli altri,",a spalla a spalla,", guardano e hanno paura.",sg,distractor,modifier
spalla a spalla,a,spalla,"Nessuno osava spingersi avanti da solo, piuttosto qualcuno, nel serrare",a spalla a spalla,", veniva espulso indietro, gli esclusi formarono un doppio cordone che pressava il primo.",sg,distractor,modifier
spalla a spalla,a,spalla,"Quando il primo se ne accorge, non approfitta del vantaggio per caricare il contendente al fianco - lo avrebbe facilmente abbattuto -, lo raggiunge invece per riallinearsi",a spalla a spalla,nella marcia rituale primadella battaglia.,sg,distractor,modifier
tempia a tempia,a,tempia,"Dalla pelata gli scivolano giù delle goccioline minuscole di sudore, vanno a morire sulle sopracciglia folte che lo attraversano",da tempia a tempia,come una grossa parentesi tonda.,sg,distractor,modifier
tempia a tempia,a,tempia,"Insomma, se si esclude il primo giorno e non dovrei perché cucinai come uno schiavo in una cambusa per una ciurma incalcolabile di filibustieri alla fame, erano quattro giorni che facevo la serva pagante i padroni, e la cuoca anche per cinque, se mi conto anch'io, se c'erano solo i due maschietti orfani, tanto per cambiare, della Almudena in cerca di lavoro o chissà che, di dieci e di otto anni e con una peluria invero euskaldun da trentenni, sulle braccia, sulle gambe, sulla collottola, con sopracciglia nere grosse un dito",da tempia a tempia,"senza interruzione sulla sella del naso e che gli dava un che dell'orsetto lavatore, i quali, intantoche giocavano a dadi truccati facendosi fuori la paghetta l'uno con l'altro e menandosi aforzadi gomitate e schiaffoni sibilando in euskara stretto, a bassa voce per non farsi sgridare dal nonno, disquisivano poi coi presenti di grandi labbra in coltissimo castigliano, di cono... che con la tilde che mi manca andrebbe pronunciato cogno... e nessi, annessi e connessi, di piercing nei clitoridi, ecco, trovati in rete come io alla loro età discutevo di doppioni di immaginette sacre di malmostose trafitte da scambiare con degli arsi vivi al rogo, e insomma erano due tre quattro giorni che facevo la cuoca per sei, se mi conto anch'io, se coi figli veniva la disoccupata di professione Almudena, la madre orba del mancato marito, mancato compagno, mancato padre, mancato uomo e da qualche parte gigolò di successo, giocatore sfigato, scheletro patriota, chissà, e insomma erano cinque giorni che facevo la cuoca con aiuto cucina incorporato anche per otto... e quindi via a comprare altri piatti e posate e bicchieri inpiù... se invece veniva il figlio modello disintossicato a modo suo con la moglie livornese che teneva gli occhi rivolti al cielo in un afflato mistico e che sapeva di mamma maremma bucaiola, che poi sarebbe un odorino di sambuca con chicchi di hashish muschiato di impetigine ascellare e marchese costipato, con dietro le tre femminucce petulanti, screanzate, sboccate, indiavolate coi capelli color carota come le unghie laccate... anche dei piedini, perché poco dopo un dessert glieli vidi nudi, e così prensili.",sg,distractor,modifier
testa a testa,a,testa,"Ma rischiava una sconfitta nella Sud Carolina, lo Stato di John Edwards, che lo precedeva nei sondaggi con il 30 contro il 25 per cento dei voti, e risultava",a testa a testa,"con il generale Wesley Clark nell'Oklahoma (dove, a sorpresa, il bollettino di Internet Drudge Report dava invece vincente Edwards stesso).",sg,distractor,modifier
testa a testa,a,testa,"Per ottenere le lunghezze desiderate vengono usati giunti a pettine; in pratica incastri molto fini ricavati con fresatura sulle testate delle singole lamelle, che si uniscono",a testa a testa,"nel senso della lunghezza, per poi essere incollate di piatto una sull'altra sotto pressione, formando stretti legami intramolecolari simili alle saldature usate coi metalli.",sg,distractor,modifier
testa a testa,a,testa,I primi e gli ultimi della scuola europea restano,a testa a testa,"anche al terzo problema sull'intricata questione delle proporzioni fisiche di Paolo, Pietro e Maria, risolta brillantemente come un quiz enigmistico.",sg,distractor,modifier
uscio a uscio,a,uscio,"E poi il detto lupo vivette due anni in Agobbio, ed entravasi dimesticamente per le case",a uscio a uscio,", sanza fare male a persona e sanza esserne fatto a lui; e fu nutricato cortesemente dalla gente, e andandosi così per la terra e per le case, giammai nessuno cane gli abbaiava drieto.",sg,distractor,modifier
volta a volta,a,volta,"Insomma, da buon notaio, era comese protocollasse diverse deposizioni, testimonianze o confessioni da fornire poi agli avvocati per difendere cause",a volta a volta,"diverse - talché aveva iniziato a designare questi suoi appunti come i Protocolli - e si guardava bene di mostrare tutto a padre Bergamaschi, perché per lui filtrava solo i testi di carattere più spiccatamente religioso.",sg,distractor,modifier
volta a volta,a,volta,"La chiave di questa negazione va piuttosto cercata nell'importanza che il De Munnynk dà al visa placent, che egli giudica il vero elemento costitutivo del Bello, tanto che la sua posizione è stata giudicata",a volta a volta,"psicologistica, sensualistica, soggettivistica, empirica.",sg,distractor,modifier
volta a volta,a,volta,"Ma sta di fatto che - se voleva risolvere un problema - quest'espressione ne pone però degli altri; relegata in un respondeo, buttata quasi con noncuranza e come la più plausibile e scontata delle acquisizioni (pulchra enim dicuntur quae visa placent), può risultare",a volta a volta,"accolte, a poter dare risposta alle necessità dell'amministrazione del settore.",sg,distractor,modifier
volta a volta,a,volta,"Ma, ciò che più conta, il miniatore non riesce a rendere il senso di movimento che il testo verbale suggerisce, e cioè il fatto che i quattro Viventi evidentemente si muovono, e appaiono",a volta a volta,in mezzo e intorno al trono.,sg,distractor,modifier
volta a volta,a,volta,Fatto sta che Fellini lo piangiamo tutti senza eccezioni; e questo vale perfino per quelli che non l'hanno mai conosciuto se non attraverso i film: e si sono,a volta a volta,"identificati nella sposina ingenua di Lo sceicco bianco, nei Vitelloni annoiati e smargiassi, in Gelsomina vittima e Zampanò carnefice, nei bidonisti che coltivano l'arte di arrangiarsi, in Marcello che galleggia sull'onda dolcevitaiola o si confessa homo perplexus in 8 1\2; e in tantissimi altri personaggi.",sg,distractor,modifier
volta a volta,a,volta,"Le altre storie - di classi sociali o di lotte di classi, di partiti, militari, economiche ecc., - sono, per essa, (o per il Croce), interessanti e opportune, ma soltanto come storie speciali che possono aprire il varco a quella etico - politica, o prestarne la materia; mentre essa, che è la sola storia degna di questo nome, ha ""per forma soltanto se stessa"", trasvaluta e supera le storie particolari (anchese altri potrebbe vedere anche in essa una storia speciale che, tuttavia finisce per compenetrare, in Croce, le speciali) e ""può dirsi veramente un grande esame di coscienza che l'umanità-",a volta a volta,"esegue di se stessa nel suo operare e progredire"" .",sg,distractor,modifier
volta a volta,a,volta,"E si pone contro il passato, quel passato, secondo - potremmo dire - un approccio che Croce, nel 1934 (la notazione gramsciana, contenuta nel Quaderno 6, è però del 1930-32) manifestava come suo proprio, quando scriveva che""ciascuno di noi che coltiva gli studi storici è,",a volta a volta,", filologo, che si assicura della certezza delle testimonianze e dei documenti, filosofo, che scruta la logica delle azioni e degli avvenimenti, e cittadino e uomo che ama e aborre nel passato quello stesso che ama e aborre nel presente"".",sg,distractor,modifier
volta a volta,a,volta,a volta a volta,a volta a volta,adattato a differenti istituti di organizzazione familiare storico - sociale.,sg,distractor,modifier
volta a volta,a,volta,"Erasmo,",a volta a volta,"aggressivo e untuoso, tentò di conciliare gli inconciliabili.",sg,distractor,modifier
volta a volta,a,volta,Fare un bilancio non è facile: l'Istituto si è proposto iniziative che,a volta a volta,stimolino altri ricercatori alla conoscenza e allo studio del pensiero e dell'opera di Paolo VI.,sg,distractor,modifier
volta a volta,a,volta,"Waissbard, il confluire,",a volta a volta,"pacato e frenetico, di presenze umane, di oggetti affettuosamente spettrali e di ombre paradossalmente rassicuramenti dà vita a un racconto non di fatti ma di immagini, di figure, di simboli.",sg,distractor,modifier
volta a volta,a,volta,"Si presentò ai giovani lettori con una bella promessa: Questo vostro foglio,",a volta a volta,"mattacchione, sereno, sentimentale e utile sempre, intende d'ora in poi giovare al vostro spirito senza essere punto noioso.",sg,distractor,modifier
volta a volta,a,volta,"Che questo sia il significato delle disposizioni impugnate emerge nitidamente dalla loro lettera: dette disposizioni, difatti, intervenendo",a volta a volta,"sull'art. 12 della legge regionale n. 25 del 2011, affiancano alla quantificazione del costo unitario del canone la potenza efficiente quale grandezza di riferimento il criterio, appunto attraverso cui determinare la potenza prodotta dall'impianto idroelettrico e calcolare il canone complessivo dovuto dal concessionario.",sg,distractor,modifier
carta su carta,su,carta,"E poi c'è lo spariglio, una variante della presa di",carta su carta,uguale.,sg,distractor,