NPN;construction;preposition;noun;pre_lemma;context_pre;costr;context_post;number_of_noun;meaning;syntactic_function
ACCUSE SU ACCUSE;yes;su;accusa;polemica;ANZICHE DISTRUGGERLA CON POLEMICHE SU POLEMICHE ... ;ACCUSE SU ACCUSE;…;pl;greater_plurality/accumulation;nominal
aborti su aborti;yes;su;aborto;subire;Ma il destino doveva volergliene personalmente per qualche imperdonabile colpa: Salma, sua moglie, subì;aborti su aborti;e morì mettendo al mondo Mouna dopo dieci mesi di penosa gravidanza.;pl;greater_plurality/accumulation;nominal
acciaio su acciaio;yes;su;acciaio;macinare;Esattamente come la vecchia Unione sovietica che macinava;acciaio su acciaio;e, per certi versi, anche la Cina attuale.;sg/pl;greater_plurality/accumulation;nominal
accusa su accusa;yes;su;accusa;parola;Per fortuna, conosceva la lingua così bene che capì ogni cosa, e si potette difendere, parola su parola ,;accusa su accusa;, prova su prova, senza perdersi d'animo.;sg;succession/iteration/distributivity;modifier
aggettivo su aggettivo;yes;su;aggettivo;frase;"Tutto ""montato"" rase su frase,";aggettivo su aggettivo;, fino al crollo repentino della spaventevole magione.;sg;succession/iteration/distributivity;modifier
aria su aria;yes;su;aria;muovere;Il ventilatore non vale niente, muove;aria su aria;, sempre la stessa.;sg;greater_plurality/accumulation;nominal
assalti su assalti;yes;su;assalto;con;e impugnava lo stendardo rosso con la stella argeade a sedici punte , lanciava  assalti su assalti , ma gli squadroni dei cavalieri arabi e assiri contrattaccavano ogni volta con;assalti su assalti;, ma gli squadroni dei cavalieri arabi e assiri contrattaccavano ogni volta con caparbio valore, sostenuti dai continui, fitti lanci di frecce degli arcieri medi e armeni.;pl;greater_plurality/accumulation;nominal
assalti su assalti;yes;su;assalto;lanciare;Sull'ala destra, la cavalleria di Besso si era infranta contro la massa della fanteria pesante greca, ma continuava a lanciare;assalti su assalti;, a ondate, come marosi che frangevano contro le rocce.;pl;greater_plurality/accumulation;nominal
avversari su avversari;yes;su;avversario;macinare;Marcella Bazzoni da poche ore si è dimessa da tecnico dell'Itm Jchnusa, la formazione di pallamano che nella prima parte di campionato ha macinato;avversari su avversari;nella A2 maschile, per poi crollare inanellando quattro sconfitte di seguito.;pl;greater_plurality/accumulation;nominal
avversari su avversari;yes;su;avversario;metro;Da questo momento in poi, Beckham continuerà almeno per un'ora a divorare metri su metri,;avversari su avversari;, con una facilità che fa male al cuore.;pl;greater_plurality/accumulation;nominal
bagni su bagni;yes;su;bagno;fare;Ormai collaudato l'adattamento di Vucinic, attaccante di valore che continua a fare;bagni su bagni;d'umiltà.;pl;greater_plurality/accumulation;nominal
balle su balle;yes;su;balla;Italia;Il meccanismo adottato in Francia per convincere i cittadini della ineluttabilità del nucleare è lo stesso adottato di recente in Italia:;balle su balle;raccontate da venduti e soldi su soldi per la pubblicità e per foraggiare i giornali.;pl;greater_plurality/accumulation;nominal
balle su balle;yes;su;balla;raccontare;Capitan Findus Letta ha raccontato;balle su balle;sul taglio dei rimborsi elettorali che si è puntualmente intascato a luglio insieme agli altri partiti: una rata di 91 milioni.;pl;greater_plurality/accumulation;nominal
barzellette su barzellette;yes;su;barzelletta;sfornare;Ormai, Ennio come un fucile, Athos come una mitraglia, sfornano;barzellette su barzellette;", come si suol dire, prendono il pallino in mano; fra un bicchiere e l'altro, una risata e l'altra, cadono le ultime barriere; ci sentiamo ormai comese fossimo davvero cresciuti tutti insieme; nasce in questa occasione oltrealla sintonia del branco, anche l'intercalare ufficiale della vacanza ""olè... se dobla""!";pl;greater_plurality/accumulation;nominal
battute su battute;yes;su;battuta;fare;Risultato: si ride troppo, si fanno;battute su battute;, c'è un chiasso assordante.;pl;greater_plurality/accumulation;nominal
bellezza su bellezza;yes;su;bellezza;ammucchiare;Allora, per un po', scherzo con la bellezza, ammucchiando;bellezza su bellezza;, facendone qualcosa di schiacciante, quasi di indecente, come uno stupro.;sg;greater_plurality/accumulation;nominal
beni su beni;yes;su;bene;bere;"A loro dice che non devono preoccuparsi di quello che ""avrebbero mangiato o bevuto""; men che meno di ""accumulare";beni su beni;""".";pl;greater_plurality/accumulation;nominal
bersaglio su bersaglio;yes;su;bersaglio;colpire;Per oltre due ore, Ramses aveva tirato con l'arco, colpendo;bersaglio su bersaglio;.;sg;greater_plurality/accumulation;nominal
bicchiere su bicchiere;yes;su;bicchiere;sommare;Poco sveglio da giovane, invecchiando aveva peggiorato e al calare del sole il vino che s'era bevuto durante il giorno, sommandosi;bicchiere su bicchiere;, lo riduceva ad appisolarsi accantoal fuoco d'inverno o sotto l'albero del cortile al tempo della buona stagione.;sg;succession/iteration/distributivity;modifier
bisogni su bisogni;yes;su;bisogno;assorbire;Nei campi è uno spumeggiare di queste sanguisughe parlanti in frenetica attività succhiatoria e anche psicotropica, assorbono;bisogni su bisogni;, emettono pezzi di promessa, certezza, appuntamenti, visioni.;pl;greater_plurality/accumulation;nominal
borotalco su borotalco;yes;su;borotalco;mettere;Il suo amore per i libri era nato là, a mettere;borotalco su borotalco;sui libri della biblioteca della scuola, borotalco melmoso e poi ancora borotalco melmoso alla pagina dopo - se eri riuscito a scollarla - tra risate e chiacchiere frenetiche, programmando impraticabili scherzi.;sg;greater_plurality/accumulation;nominal
bozzi su bozzi;yes;su;bozzo;chiamare;"""Da queste parti la chiamano";bozzi su bozzi;""", ridimensionò subito la faccenda.";pl;greater_plurality/accumulation;nominal
brani su brani;yes;su;brano;produrre;"John Lennon diceva che Beethoven ""era una truffa proprio come noi, produceva";brani su brani;""", Ringo invece ""ne ammirava soprattutto le poesie"".";pl;greater_plurality/accumulation;nominal
cambiali su cambiali;yes;su;cambiale;firmare;Mario viveva lì da tanto tempo, aveva comprato quell'appartamento firmando;cambiali su cambiali;per anni, perchè doveva essere così, il matrimonio si sa impone questo tipo di sacrifici.;pl;greater_plurality/accumulation;nominal
campi su campi;yes;su;campo;spaziotempo;"Questi campi non vivono nello spaziotempo; vivono, per così dire, uno sull'altro:";campi su campi;.;pl;greater_plurality/accumulation;nominal
canzone su canzone;yes;su;canzone;costruire;Il Libro del Mondo è, in fondo, il lungo racconto che con incredibile coerenza ha costruito;canzone su canzone;"quel grande ""moralista camuffato da immmoralista"" (Cesare G. Romana ) che era Fabrizio.";sg;succession/iteration/distributivity;modifier
caraffe su caraffe;yes;su;caraffa;ordinare;Harry trangugiava un bicchiere fresco dopo l'altro, ordinando;caraffe su caraffe;, convinto che sapessero tutte di alcol da massaggi.;pl;greater_plurality/accumulation;nominal
case su case;yes;su;casa;sinistra;A destra c'è il mare, a sinistra;case su case;, fino a pochi secondi prima di toccare.;pl;greater_plurality/accumulation;nominal
casi su casi;yes;su;caso;risolvere;I laboratori forensi dell'Oklahoma, come di molti altri Stati, soffrivano di una cronica mancanza di fondi e di personale, a fronte di enormi pressioni perché risolvessero;casi su casi;.;pl;greater_plurality/accumulation;nominal
cazzate su cazzate;yes;su;cazzata;frullare;Mi aspetto che si metta a ridere come un pazzo e che poi ricominci a frullare;cazzate su cazzate;.;pl;greater_plurality/accumulation;nominal
cene su cene;yes;su;cena;organizzare;E fu senz'altro la disperazione che li portò a organizzare;cene su cene;con vino in abbondanza e conseguente e inevitabile sbronza collettiva.;pl;greater_plurality/accumulation;nominal
centesimo su centesimo;yes;su;centesimo;restituire;Aveva anche chiesto soldi in prestito ai suoi amanti, senza pudore, e li aveva, ogni volta, restituiti,;centesimo su centesimo;.;sg;succession/iteration/distributivity;modifier
certificati su certificati;yes;su;certificato;permesso;Il secondo problema è quello del rispetto delle norme: per gestire correttamente una discoteca sarebbero necessari permessi su permessi,;certificati su certificati;.;pl;greater_plurality/accumulation;nominal
chiacchiere su chiacchiere;yes;su;chiacchiera;Lydia;«Ecco le due che spettegolano al buio!» esclamò la signorina Lydia , «;chiacchiere su chiacchiere;, nell 'oscurità.»;pl;greater_plurality/accumulation;nominal
chilometri su chilometri;yes;su;chilometro;macinare;E in fin dei conti due gomme sono come un paio di scarpe da corsa, macinano;chilometri su chilometri;, talvolta senza una meta precisa.;pl;greater_plurality/accumulation;nominal
chilometri su chilometri;yes;su;chilometro;Marte;Le pianure spoglie di Marte,;chilometri su chilometri;di rovine deserte, si stendevano nel buio.;pl;greater_plurality/accumulation;nominal
cifre su cifre;yes;su;cifra;sopportare;Non so come fai a sopportare;cifre su cifre;tutti i giorni.;pl;greater_plurality/accumulation;nominal
circonferenze su circonferenze;yes;su;circonferenza;disegnare;Restò così, trafitto da raggi e bisettrici, mentre le lumache disegnavano;circonferenze su circonferenze;intorno a lui.;pl;greater_plurality/accumulation;nominal
citazioni su citazioni;yes;su;citazioni;fare;Mi chiese se continuava a fare;citazioni su citazioni;per legittimare le sue teorie.;pl;greater_plurality/accumulation;nominal
colpo su colpo;yes;su;colpo;scalpello;"Lavorò tutta la mattina, scavando la pietra con il suo scalpello;";colpo su colpo;, poi stanco, si distese sulle stoppie, vicinoal suo cane accovacciato, che nel sonno bizzarro inseguiva chissà quale preda, emettendo guaiti di cucciolo.;sg;succession/iteration/distributivity;modifier
colpo su colpo;yes;su;colpo;ribattere;Il Lecce metteva subito sotto pressione il Toro che non si lasciava intimidire e ribatteva;colpo su colpo;.;sg;succession/iteration/distributivity;modifier
colpo su colpo;yes;su;colpo;rispondere;Maranghi, con l'arroganza che molti gli rimproverano, ha risposto;colpo su colpo;, rinfacciando alla fine quella che, secondo lui, è stata la più grave colpa del giovane direttore centrale: l'aver a suo tempo escluso che la Consob avrebbe obbligato Mediobanca a fare un'opa sull'ex gruppo Ferruzzi, come invece avvenne, costringendo l'istituto a un esborso di oltre 200 miliardi.;sg;succession/iteration/distributivity;modifier
colpo su colpo;yes;su;colpo;rispondere;Il sole d'inizio primavera era alto e già piuttosto caldo e i ragazzi ansimavano apparentemente stremati, ma continuavano a scontrarsi con crescente impeto stringendo i denti, rispondendo;colpo su colpo;e urtandosi con gli scudi con tutta la forza residua delle membra.;sg;succession/iteration/distributivity;modifier
colpo su colpo;yes;su;colpo;rispondere;"Ma ora che il presidente Hugo Chavez ha chiesto ai suoi di rispondere """;colpo su colpo;"alle provocazioni dei senzapatria"", quella delle pentole è diventata una piccola guerra che si estende per tutta la capitale venezuelana.";sg;succession/iteration/distributivity;modifier
colpo su colpo;yes;su;colpo;confrontare;Se la reazione - peraltro incerta - dell'azionariato Ina fosse un rilancio sulla stessa Ina, poco male: ci si confronterebbe;colpo su colpo;di fronte al mercato.;sg;succession/iteration/distributivity;modifier
colpo su colpo;yes;su;colpo;davvero;L'intesa con Carnival fornisce inoltre a Fincantieri l'opportunità per ribattere davvero;colpo su colpo;la concorrenza dell'altro grande cantiere specializzato in navi passeggeri, il finlandese Masa Yard che recentemente si è aggiudicato un megacontratto della Royal Caribbean cruise line (Rccl) per la costruzione di due unità da 130mila tonnellate destinate a strappare proprio alle Carnival della serie Destiny il primato delle più grandi navi passeggeri del mondo.;sg;succession/iteration/distributivity;modifier
colpo su colpo;yes;su;colpo;doloroso;"Non rivolgerti con tono sferzante ad alcuno coloro ai quali ti rivolgerai in questo modo ti potrebbero rispondere nello stesso modo: le ingiurie sono dolorose;";colpo su colpo;, esse ricadranno sopra di te.;sg;succession/iteration/distributivity;modifier
colpo su colpo;yes;su;colpo;ribattere;Ma Micheli si infervora, nega, ribatte;colpo su colpo;.;sg;succession/iteration/distributivity;modifier
colpo su colpo;yes;su;colpo;israeliano;Diviso tra la sua anima pragmatica legata a Yassin e quella oltranzista del pediatra Rantisi, il gruppo, con profondi contatti col cosiddetto fronte delle carceri, replica alle ritorsioni israeliane;colpo su colpo;senza disdegnare quando necessario la ritirata strategica, la tregua, in vista di una razionalizzazione delle proprie forze.;sg;succession/iteration/distributivity;modifier
colpo su colpo;yes;su;colpo;luterano;Carafa no, preferiva abbandonare i protestanti al loro destino piuttosto che concedere anche una piccola incrinatura dell'autorità assoluta della Chiesa: occorreva ribattere ai luterani;colpo su colpo;, fare pulizia al proprio interno e dotarsi di apparati nuovi che raccogliessero la sfida.;sg;succession/iteration/distributivity;modifier
colpo su colpo;yes;su;colpo;restituire;Sentiva quella sconfitta comese l'avesse subita personalmente, e la formidabile capacità di Memnone di restituire;colpo su colpo;e con forza spaventosa lo umiliava duramente e gli faceva provare per la prima volta in vita sua un frustrante senso d'impotenza e di profonda solitudine.;sg;greater_plurality/accumulation;nominal
colpo su colpo;yes;su;colpo;rintuzzare;Ma Giuseppe Stefanel, Bepi per gli amici, 44 anni, presidente e amministratore del gruppo di Ponte di Piave, non ci sta a passare per vittima sacrificale: rintuzza;colpo su colpo;gli attacchi, e annuncia che il secondo semestre '96 si chiuderà con un piccolo utile, dopo che al giro di boa dei primi sei mesi dell'anno il passivo segnava 19 miliardi.;sg;succession/iteration/distributivity;modifier
colpo su colpo;yes;su;colpo;ribattere;Ma in questo campo gli americani sono in grado di ribattere;colpo su colpo;: Chevrolet risponde con una cult car, la Corvette.;sg;succession/iteration/distributivity;modifier
colpo su colpo;yes;su;colpo;rispondere;Più adulto e più esperto di lui, era sempre riuscito a tenergli testa, a rispondere;colpo su colpo;o addirittura a prevenire le sue mosse.;sg;succession/iteration/distributivity;modifier
colpo su colpo;yes;su;colpo;rispondere;Il nostro compito è restare vigili e rispondere;colpo su colpo;.;sg;succession/iteration/distributivity;modifier
colpo su colpo;yes;su;colpo;rispondere;Entrambe le compagini si sono affrontate a viso aperto rispondendo;colpo su colpo;a qualasisi iniziativa opposta, esibendo in certi frangenti anche giocate di buona tecnica.;sg;succession/iteration/distributivity;modifier
colpo su colpo;yes;su;colpo;ribattere;All'Arechi gli uomini di Beretta hanno dovuto fare i conti con una Salernitana mai doma, pronta a ribattere;colpo su colpo;agli affondi dei più blasonati avversari.;sg;succession/iteration/distributivity;modifier
colpo su colpo;yes;su;colpo;Masina;"Tutto improvvisamente, intorno a quel ripiano, era tornato coerente con il tradizionale menage familiare della famiglia Masina; Manlio col suo slang condito di parolacce, Giorgio col suo rispondere";colpo su colpo;a tutte le provocazioni esterne, Cinzia con la sua puntuale abilità di organizzatrice familiare, Valentina con la sua svogliata partecipazione alla conduzione domestica e Noel con la sua serena e coccolata presenza, tanto cara a tutti.;sg;succession/iteration/distributivity;modifier
colpo su colpo;yes;su;colpo;stesso;Dopo aver speso una intera vita a fondarla e a cercare di farla funzionare, alla fine è stato lui stesso,;colpo su colpo;, a estinguerla.;sg;succession/iteration/distributivity;modifier
colpo su colpo;yes;su;colpo;rispondere;Da dove trar fuori l'energia pietosa per combattere quel dolore, per rispondergli;colpo su colpo;, per non lasciarlo dilagare nel mondo con la sua forza annientatrice?;sg;succession/iteration/distributivity;modifier
colpo su colpo;yes;su;colpo;controbattere;I locali hanno comunque retto la botta almeno per i 40 minuti iniziali, controbattendo;colpo su colpo;, anzi pressando in tutte le parti del campo.;sg;succession/iteration/distributivity;modifier
colpo su colpo;yes;su;colpo;rispondere;Solo gli Immortali restarono sul posto, si chiusero a quadrato e continuarono a respingere gli assalti nemici rispondendo;colpo su colpo;.;sg;succession/iteration/distributivity;modifier
colpo su colpo;yes;su;colpo;ribattere;Che non consiste nel ribattere;colpo su colpo;alle battute dell'antipolitica nei salotti televisivi, ma nel rispondere alle domande della società.;sg;succession/iteration/distributivity;modifier
colpo su colpo;yes;su;colpo;restituire;La strada, però, con una durezza che si ripercoteva fino all'inguine, mi restituiva;colpo su colpo;.;sg;greater_plurality/accumulation;nominal
colpo su colpo;yes;su;colpo;reagire;Aspetto solo una parola per reagire;colpo su colpo;al primo segnale.;sg;succession/iteration/distributivity;modifier
colpo su colpo;yes;su;colpo;rispondere;Jack Hyde mi fa domande spiazzanti e intelligenti, ma io non mi faccio cogliere impreparata: rispondo;colpo su colpo;e, quando discutiamo delle mie letture preferite, credo di cavarmela bene.;sg;succession/iteration/distributivity;modifier
colpo su colpo;yes;su;colpo;attacco;Ma Rambo non ci sta, Rambo combatte, lui resta in forma e risponde all'attacco;colpo su colpo;, prendendo la natura a calci nel culo e spaccando il muso alla società.;sg;succession/iteration/distributivity;modifier
colpo su colpo;yes;su;colpo;restituire;Proprio la dote che l'aveva sorretta durante il primo tempo, consentendole di reggere il ritmo - non forsennato - degli avversari ai quali aveva restituito;colpo su colpo;.;sg;greater_plurality/accumulation;nominal
colpo su colpo;yes;su;colpo;reagire;Katoh ha immediatamente risposto, ma Melandri ha reagito;colpo su colpo;.;sg;succession/iteration/distributivity;modifier
comunicazioni su comunicazioni;yes;su;comunicazione;ovvero;La capacità di significare tramite icone implica anche che tutti i processi di comunicazione siano di secondo livello, ovvero;comunicazioni su comunicazioni;, spesso lontane dalla vita quotidiana.;pl;greater_plurality/accumulation;nominal
conti su conti;yes;su;conto;fare;"Mentre riaccompagnava Eco in auto in centro, Pete disse: ""Continuo a fare";conti su conti;", sai, mi sembra di essere un cane che si morde la coda"".";pl;greater_plurality/accumulation;nominal
controlli su controlli;yes;su;controllo;volante;Strade bloccate, frontiere minate, posti di blocco volanti,;controlli su controlli;, ormai il Kosovo è solo questo.;pl;greater_plurality/accumulation;nominal
copie su copie;yes;su;copia;accatastare;Nel suo ufficio sono accatastate;copie su copie;della Fattoria degli animali di Orwell: il contributo del governo britannico all'insegnamento dell'inglese nelle scuole afghane e una lezione elementare sui danni del marxismo, messa in bocca a un maiale.;pl;greater_plurality/accumulation;nominal
coppe su coppe;yes;su;coppa;mangiare;Orinare stando in piedi era punito in un modo particolarmente arduo, e le donne che durante le mestruazioni si avvicinavano all'acqua o al fuoco venivano costrette a mangiare;coppe su coppe;di piscio e merda maschili.;pl;greater_plurality/accumulation;nominal
corna su corna;yes;su;corna;mettere;Invece toccò al capo, ad Agamennone, uomo borioso e fatuo, a cui Clitennestra da tempo metteva;corna su corna;perché ormai impotente.;pl;greater_plurality/accumulation;nominal
corpi su corpi;yes;su;corpo;trafiggere;Invano risuonò l'ululato, straziante, di tutti i superstiti: i proiettili seguitarono a trafiggere;corpi su corpi;, trasformandoli in un batter d'occhio in bambolotti di pezza privi di vita.;pl;greater_plurality/accumulation;nominal
corsi su corsi;yes;su;corso;fare;Ultimamente, siccome si dice che questi ragazzi e queste ragazze non imparano niente, allora si fanno;corsi su corsi;per vedere come avvicinarsi, quindi per curare la relazione, però sempre in un modo strumentale, come mezzo per arrivare al RAZIONALE.;pl;greater_plurality/accumulation;nominal
creme su creme;yes;su;crema;su;Altro errore frequentissimo: applicare creme su;creme su creme;sulla cute del viso irritata, arrossata, sensibilizzata.;pl;greater_plurality/accumulation;nominal
crosta su crosta;yes;su;crosta;successivo;Dall'alto del Forte capisco il rinnovo degli strati successivi,;crosta su crosta;.;sg;succession/iteration/distributivity;modifier
curve su curve;yes;su;curva;389;All'altezza della rocca di Posada si penetra nell'interno proseguendo sulla statale 389:;curve su curve;dove è possibile non incrociare altre macchine.;pl;greater_plurality/accumulation;nominal
danni su danni;yes;su;danno;produrre;La condizione, naturalmente, è voler discutere davvero del merito dei problemi: mettendo da parte una logica di contrapposizione politica esasperata che, a urne chiuse, non può che produrre;danni su danni;.;pl;greater_plurality/accumulation;nominal
dati su dati;yes;su;dato;scatenare;È il caso della finanza, che dopo la mondializzazione dei mercati borsistici ha visto scatenarsi;dati su dati;in quantità torrenziali e sta trovando nuova linfa proprio nelle nuove metodologie di rappresentazione.;pl;greater_plurality/accumulation;nominal
decine su decine;yes;su;decina;vedere;Poi tornava a navigare su internet e a vedere;decine su decine;di filmati.;pl;greater_plurality/accumulation;nominal
denunce su denunce;yes;su;denuncia;trattamento;Così come gli ingegneri e i geometri che lavorano per noi: anche tra loro, più d'uno ha subito il mio stesso trattamento,;denunce su denunce;.;pl;greater_plurality/accumulation;nominal
dettagli su dettagli;yes;su;dettaglio;snocciolare;E intanto Jonathan continuava a snocciolare;dettagli su dettagli;, tanto che lo accusai di aver messo sotto controllo il telefono.;pl;greater_plurality/accumulation;nominal
dettaglio su dettaglio;yes;su;dettaglio;vita;Eppure gli ci erano voluti dei mesi per mettere insieme il quadro della sua vita,;dettaglio su dettaglio;, dalle primissime annotazioni dell'epoca delle elementari attraverso le relazioni degli assistenti sociali finoalle inchieste di polizia e ai verbali del tribunale.;sg;succession/iteration/distributivity;modifier
dettaglio su dettaglio;yes;su;dettaglio;snervante;Prima parlò dei suoi studi segreti, quelli da architetto, e mi raccontò in modo snervante,;dettaglio su dettaglio;, come si era svolto un esame difficile che aveva superato brillantemente.;sg;succession/iteration/distributivity;modifier
dichiarazioni su dichiarazioni;yes;su;dichiarazione;riunione;Da dieci giorni stiamo dicendo in tutte le sedi che bisognava intervenire: si è perduto tempo a discutere, a prendere contatti diplomatici, a fare riunioni su riunioni,;dichiarazioni su dichiarazioni;, mentre la tragedia albanese richiedeva interventi rapidi, decisi, organici, massicci.;pl;greater_plurality/accumulation;nominal
digiuno su digiuno;yes;su;digiuno;fare;"In America, i nostri amici del ""Catholic Worker"" non hanno smesso, a partire dal crimine di Hiroshima, di far";digiuno su digiuno;, pubbliche proteste e pubblicazioni: la loro ultima impresa è stata di farsi mettere in prigione per aver tentato di superare lo sbarramento del servizio d'ordine durante gli esperimenti nel Nevada.;sg;greater_plurality/accumulation;nominal
discussioni su discussioni;yes;su;discussione;iniziare;Anzi, diciamola tutta: ciascuno ha un'idea differente del suo significato, e va così a finire che iniziano;discussioni su discussioni;.;pl;greater_plurality/accumulation;nominal
docce su docce;yes;su;doccia;fare;Cioè: quando passavo davanti al monitor si accendevano tutte le lampadine, e questo significa che dovevo fare;docce su docce;": per ""purificarmi"".";pl;greater_plurality/accumulation;nominal
dolori su dolori;yes;su;dolore;e;E dietro a quello, molti altri ricordi rossi, indicibili, segreti, sepolti da anni di uso di mondo, errori, matrimoni, figlie, partenze, musica, abbandoni, gioielli, amanti, dolori, e;dolori su dolori;su dolori per mimetizzare il padre di tutti i dolori.;pl;greater_plurality/accumulation;nominal
dolori su dolori;yes;su;dolore;su;E dietro a quello, molti altri ricordi rossi, indicibili, segreti, sepolti da anni di uso di mondo, errori, matrimoni, figlie, partenze, musica, abbandoni, gioielli, amanti, dolori, e dolori su;dolori su dolori;per mimetizzare il padre di tutti i dolori.;pl;greater_plurality/accumulation;nominal
domande su domande;yes;su;domanda;fare;E sa anche che se presenta operazioni un po' bislacche, in consiglio può trovare anche chi comincerà a far;domande su domande;.;pl;greater_plurality/accumulation;nominal
domande su domande;yes;su;domanda;fare;Interi pomeriggi a bere tè ascoltando il racconto della loro vita, e io lì a fare;domande su domande;ome Maria De Filippi.;pl;greater_plurality/accumulation;nominal
domande su domande;yes;su;domanda;a;Faye ha scoperto ancora un'altra Julie rispondere a;domande su domande;.;pl;greater_plurality/accumulation;nominal
dubbi su dubbi;yes;su;dubbio;instillare;Era una mossa rischiosa: la maggioranza dei difensori non vede l'ora di cominciare a instillare;dubbi su dubbi;nei giurati e a contestare le prove addotte dall'accusa.;pl;greater_plurality/accumulation;nominal
dubbi su dubbi;yes;su;dubbio;accumulare;Chiara era felice perché questa scelta le aveva evitato di accumulare;dubbi su dubbi;, perché Alessandro D'Amico era una garanzia.;pl;greater_plurality/accumulation;nominal
emendamenti su emendamenti;yes;su;emendamento;ieri;Basti pensare che, per tutto il pomeriggio, nella riunione plenaria in Sala della Regina sono stati presentati ieri;emendamenti su emendamenti;.;pl;greater_plurality/accumulation;nominal
episodi su episodi;yes;su;episodio;testimoniare;Né potrebbe essere altrimenti, poiché chiunque l'abbia conosciuto potrebbe testimoniare;episodi su episodi;al riguardo.;pl;greater_plurality/accumulation;nominal
errori su errori;yes;su;errore;accumulare;E, al contrario, il mister argentino continua ad accumulare;errori su errori;, cambiando ogni settimana le carte in tavola, senza trovare, naturalmente, il rimedio.;pl;greater_plurality/accumulation;nominal
errori su errori;yes;su;errore;laggiù;Certo che ho mancato, e cominci a correre su e giù per la tua vita matrimoniale, ecco, qui e poi lì, e anche là, anche addirittura laggiù,;errori su errori;, una catena infinita.;pl;greater_plurality/accumulation;nominal
errori su errori;yes;su;errore;fare;La mattina stessa in cui è stato scoperto l'omicidio ha fatto;errori su errori;per compromettere l'inchiesta e alla fine ha lasciato a casa di Vaudel figlio quanto serve per farmi sbattere in galera al posto dell'assassino.;pl;greater_plurality/accumulation;nominal
errori su errori;yes;su;errore;accumulare;Io, la donna, gli ho impedito di raccogliere alla «piccola della porta accanto» la borsetta (di noi due non ero «io» la più anziana?), io ho accumulato;errori su errori;, finché lo sguardo della piccola diventò prima incredulo, e poi gelido.;pl;greater_plurality/accumulation;nominal
esami su esami;yes;su;esame;fare;Inoltre, sono due anni che faccio;esami su esami;al colon e che dovrei farmi operare cominciando dall'intestino, adesso ho preso la decisione e devo comunicarla di persona ai Civili di Brescia: ci convivrò.;pl;greater_plurality/accumulation;nominal
esempi su esempi;yes;su;esempio;citare;Ma si potrebbe continuare a citare;esempi su esempi;: il Medioevo è attraversato da queste ventate di rivolta in cui un gruppo si identifica con l'unica Chiesa legittima, legittimandosi col proprio rigorismo (che, curiosamente, spesso sfocia nella licenza, come se la coscienza della propria perfezione spirituale consentisse una maggior spregiudicatezza nel trattare le miserie della carne).;pl;greater_plurality/accumulation;nominal
estati su estati;yes;su;estate;in;E le travi non arrugginiscono in pochi giorni, ma in inverni e inverni di gelo e silenzio e in;estati su estati;di assalti dell'erba.;pl;greater_plurality/accumulation;nominal
euro su euro;yes;su;euro;risparmiare;Sposando Luigi, avrebbe lavorato per tutta la vita negli uffici della Coop, risparmiando;euro su euro;per arrivare alla fine del mese.;sg/pl;greater_plurality/accumulation;nominal
fabbriche su fabbriche;yes;su;fabbrica;ambrosiano;Qui aveva qualche amico in Scaldasole e al circolo del Ponte della Ghisolfa, piazzale Lugano, il grigio più grigio della periferia ambrosiana,;fabbriche su fabbriche;, l'inizio della sopraelevata, il cavalcavia delle Varesine.;pl;greater_plurality/accumulation;nominal
feste su feste;yes;su;festa;indire;Per questa ragione, cioè per aumentare il numero delle iscrizioni, gli scissionisti del Pd hanno deciso di indire;feste su feste;in tutta Italia durante l'estate.;pl;greater_plurality/accumulation;nominal
file su file;yes;su;file;distinguere;I lievi raggi di sole forniscono la sola illuminazione disponibile e, quando i miei occhi si adattano, distinguo;file su file;di feriti, nelle brande, sui pagliericci, sul pavimento, perché sono in tanti a contendersi lo spazio.;pl;greater_plurality/accumulation;nominal
file su file;yes;su;file;incassare;Il salotto era ampio e le pareti, nelle quali erano incassate;file su file;"di scaffali laccati di nero, erano tappezzate di una stoffa damascata in cui il nero prevaleva sul rosso; divano e poltrone erano rivestiti dello stesso tessuto delle pareti e i tappeti armonizzavano con il resto dell'arredamento";pl;greater_plurality/accumulation;nominal
file su file;yes;su;file;vedere;E d'improvviso ci sembrò di vedere;file su file;di formiche del miele col corpo striato e luccicante, che nelle loro celle sotto le radici del mulga traboccavano di nettare.;pl;greater_plurality/accumulation;nominal
fili su fili;yes;su;fili;potenzialità;"O meglio c'era una che un giorno ""avrebbe potuto"" essere lei: se da un lato obbediva alla vocazione, se svolgeva le potenzialità,";fili su fili;.;pl;greater_plurality/accumulation;nominal
fogli su fogli;yes;su;foglio;riempire;Dopo una giornata trascorsa in giro con me, riempie;fogli su fogli;.;pl;greater_plurality/accumulation;nominal
fogli su fogli;yes;su;foglio;strappare;Un rumore molto forte, comese qualcuno fosse stato impegnato a strappare;fogli su fogli;di lamiera dal centro della macchina.;pl;greater_plurality/accumulation;nominal
fogli su fogli;yes;su;foglio;togliere;Non facevo altro che togliere;fogli su fogli;di giornali sporchi di merda dalla sua gabbia.;pl;greater_plurality/accumulation;nominal
fogli su fogli;yes;su;foglio;compilare;Abbiamo passato un pomeriggio intero, io e Fabio, in quel negozio in centro, con la commessa appresso che compilava;fogli su fogli;.;pl;greater_plurality/accumulation;nominal
fogli su fogli;yes;su;foglio;soffitto;Pendeva al centro un complicato lampadario, come un cumulo di deposito burocratico al contrario, con la cima della catasta in basso e la base dell'ammasso che largheggiava sul soffitto:;fogli su fogli;"scaricati a caso e poi tessere, foto inutili, anche penne, matite, quasi una macchina da scrivere, e il piano della scrivania sbilenca e rivoltata, con le gambe divaricate larghe come di somaro sul ghiaccio e puntate verso il cielo scivoloso del soffitto; queste le forme, solo le forme perché il mucchio era tutto di vetro nei suoi componenti, nei suoi detriti da baraonda; pure lo scheletro e il corpo portante lo era oppure non si vedeva di cosa fosse.";pl;greater_plurality/accumulation;nominal
foto su foto;yes;su;foto;scattare;Prende la polaroid e scatta;foto su foto;.;sg/pl;greater_plurality/accumulation;nominal
foto su foto;yes;su;foto;scattare;La segue con l'inseparabile Kodak in mano, come un giapponese che scatta;foto su foto;.;sg/pl;greater_plurality/accumulation;nominal
frase su frase;yes;su;frase;brandello;Il racconto che brandello su brandello,;frase su frase;, strappavo ai miei ricordi, come un cancro luminoso divorava la mia vita.;sg;succession/iteration/distributivity;modifier
gaffes su gaffes;yes;su;gaffes;inanellare;Inoltre Greg, autentico Fantozzi, ne combina di tutti i colori, inanella;gaffes su gaffes;.;pl;greater_plurality/accumulation;nominal
generazioni su generazioni;yes;su;generazione;battezzare;Nei paesi in passato il parroco rimaneva nello stesso posto anche quaranta - cinquanta anni e battezzava;generazioni su generazioni;, oggi in una realtà in continuo cambiamento, questo fatto non è accettabile, pur riconoscendo che occorre un certo numero di anni per realizzare un progetto o per stabilire un rapporto profondo.;pl;greater_plurality/accumulation;nominal
generazioni su generazioni;yes;su;generazione;avere;Quantoa me, i giovani li conosco bene: a scuola ne ho avuto;generazioni su generazioni;, in casa ho avuto i miei figli.;pl;greater_plurality/accumulation;nominal
generazioni su generazioni;yes;su;generazione;influenzare;La passione dichiarata è una sola: disseppellire e filtrare leggende di isole mai esistite o trasfigurate o disperse che tuttavia avevano influenzato;generazioni su generazioni;di navigatori portoghesi spagnoli inglesi, e popolato le loro mappe.;pl;greater_plurality/accumulation;nominal
giorni su giorni;yes;su;giorno;via;Così se n'erano andati via;giorni su giorni;.;pl;greater_plurality/accumulation;nominal
giorno su giorno;yes;su;giorno;dimostrare;Ne praticavano una da dimostrare;giorno su giorno;, tra gli agguati subiti e quelli resi.;sg;succession/iteration/distributivity;modifier
giri su giri;yes;su;giro;inanellare;In lontananza la ruota panoramica inanellava;giri su giri;all'infinito proiettando le sue luci colorate sulle acque scure del porto.;pl;greater_plurality/accumulation;nominal
Giro su giro;yes;su;giro;atto;a deciso di prendere la propria Mercedes e di andare a cercare nel quartiere .  Giro su giro l ' uomo ha inanellato tre passaggi consecutivi davanti_al consolato russo atti;giunzioni su giunzioni;, sta insidiando l'adiacente Complesso del Col delle Erbe, da oltre 25 anni al primo posto nella classifica delle grotte più estese), e il Led Zeppelin, che è divenuta la più profonda cavità della regione.;pl;greater_plurality/accumulation;nominal
giunzioni su giunzioni;yes;su;giunzione;km;Novità più significative, figlie di questo nuovo modo di intendere la speleologia, sono le esplorazioni all'OPIII, alla Feruglio, nel Complesso del Foran del Muss (che macinando km su km;giunzioni su giunzioni;, sta insidiando l'adiacente Complesso del Col delle Erbe, da oltre 25 anni al primo posto nella classifica delle grotte più estese), e il Led Zeppelin, che è divenuta la più profonda cavità della regione.;pl;greater_plurality/accumulation;nominal
granellino su granellino;yes;su;granellino;edilizio;E non meno sorprendente è la tecnica costruttiva della formica - bussola australiana (Amitermes meridionalis) i cui operai ciechi sanno deporre il materiale edilizio,;granellino su granellino;, in modo tale che il risultato sia un nido cuneiforme con l'asse maggiore orientato rigorosamente in direzione Nord - Sud.;sg;succession/iteration/distributivity;modifier
imprecazioni su imprecazioni;yes;su;imprecazione;accavallare;"È un segno di gratitudine che solo le bestie sanno esprimere - Bestemmia Berlino invece, come si dice ""omen nomen"" riprende il filo del discorso accavallando";imprecazioni su imprecazioni;e riducendo le solite conosciute bestemmie a vili scioglilingua che non sanno di niente.;pl;greater_plurality/accumulation;nominal
incarichi su incarichi;yes;su;incarico;tempo;Così finii, ancora una volta, ad accumulare in breve tempo;incarichi su incarichi;, fino ad arrivare a dirigere l'intera divisione.;pl;greater_plurality/accumulation;nominal
indizi su indizi;yes;su;indizio;affastellare;Gli inquirenti romani stanno affastellando;indizi su indizi;, controlli, visure camerali, che confermerebbero l'ascesa delle 'ndrine in questo angolo esclusivo di Roma Nord.;pl;greater_plurality/accumulation;nominal
informazioni su informazioni;yes;su;informazione;addosso;Di converso, e questo è il secondo aspetto, ciò significa che ti si rovesciano addosso;informazioni su informazioni;, sempre di più, col rischio che, superando certi livelli, tutto si confonde e perde di valore.;pl;greater_plurality/accumulation;nominal
interessi su interessi;yes;su;interesse;di;Deve escludersi l'obbligo di corresponsione di;interessi su interessi;(cosiddetto anatocismo ex articolo 1283 del codice civile) a fronte della ritardata esecuzione di un rimborso Iva da parte dell'amministrazione finanziaria.;pl;greater_plurality/accumulation;nominal
invenzioni su invenzioni;yes;su;invenzione;strologare;Non riuscendo a distillare più un solo rimasuglio di verso dalla testa burchiellata dall'intossicazione alcolica perenne, si fece erudito, strologando;invenzioni su invenzioni;di autori che conosceva solo per sentito dire, e soprattutto saccheggiando il Baretti, lui sì iniziatore della storia letteraria italiana, e come tale ignoto ai più.;pl;greater_plurality/accumulation;nominal
ipotesi su ipotesi;yes;su;ipotesi;continuamente;Meno male che la scienza non pensa, ma fa continuamente;ipotesi su ipotesi;, che poi va a verificare diligentemente!;pl;greater_plurality/accumulation;nominal
km su km;yes;su;km;macinare;Novità più significative, figlie di questo nuovo modo di intendere la speleologia, sono le esplorazioni all'OPIII, alla Feruglio, nel Complesso del Foran del Muss (che macinando;km su km;e giunzioni su giunzioni, sta insidiando l'adiacente Complesso del Col delle Erbe, da oltre 25 anni al primo posto nella classifica delle grotte più estese), e il Led Zeppelin, che è divenuta la più profonda cavità della regione.;sg;greater_plurality/accumulation;nominal
layer su layer;yes;su;layer;strato;Detriti, come li chiama Napier, che sono visibili per strati,;layer su layer;, quasi si trattasse dei livelli che gli archeologi usano durante le operazioni di scavo.;sg;succession/iteration/distributivity;modifier
leggi su leggi;yes;su;legge;affastellare;"Ecco perché nel Parlamento italiano non c'è mai stato nè mai ci sarà un deputato o un senatore che si alzi a dire: ""Onorevoli colleghi, smettiamola di affastellare";leggi su leggi;: in attività di servizio ce ne sono oltre duecentocinquantamila, il che ci rende lo zimbello del mondo.;pl;greater_plurality/accumulation;nominal
leghe su leghe;yes;su;lega;vuoto;Guardia Grigia e Segno di Ghiaccio anche, non ho dubbi, e abbiamo altri quattordici fortilizi ancora vuoti,;leghe su leghe;di Barriera ancora non sorvegliate e indifese.;pl;greater_plurality/accumulation;nominal
legni su legni;yes;su;legno;inchiodare;Le avanguardie, paradossali e inverosimili, enigmatiche, che mettono insieme una maniglia e la dalia paonazza di un dolore acuto, che lanciano fiamme su tesi materiali da imballaggio, che inchiodano;legni su legni;con chiodi di già arrugginiti, di già tutti ritorti, rimediati, e che incollano, coi liquami dei colori industriali, cortecce che di una guerra hanno visto di striscio un fuggiasco che correva slacciandosi la corazzetta coi muscoli sbalzati... ecco chi scrive la storia: chi raccatta gli aneddoti, ci sputa dietro e te li appiccica in fronte, e taglia e cuce, senza badare per niente all'armonia, al bell'insieme... cosa significa?;pl;greater_plurality/accumulation;nominal
lettere su lettere;yes;su;lettera;scrivere;In quel periodo Intrieri scriveva;lettere su lettere;al Viminale, alla prefettura e al prefetto.;pl;greater_plurality/accumulation;nominal
lettere su lettere;yes;su;lettera;scrivere;Ciò nonostante, padre Villaverde non esitò a scrivere;lettere su lettere;ai suoi superiori, sostenendo di essere stato aggredito senza motivo e chiedendo che questo accolito di Satana fosse radiato dalla Chiesa.;pl;greater_plurality/accumulation;nominal
lettere su lettere;yes;su;lettera;inviare;L'opera è dedicata a un cardinale a cui Gioseffo invia;lettere su lettere;"nella speranza sempre disattesa d'una qualche risposta, ma un'accidia fatta di ""scontentezza vaga"" non consente allo speziale di condurre avanti la stesura del testo, anche perché una serie di eventi incresciosi verranno a turbare la quiete necessaria a tale compito.";pl;greater_plurality/accumulation;nominal
lettere su lettere;yes;su;lettera;scrivere;Ma rari sono gli spiragli che si aprono per l'ex bracciante, facchino, portiere di notte, militante dell'Autonomia Operaia negli anni di piombo che, per sfogarsi dei rifiuti, scrive;lettere su lettere;.;pl;greater_plurality/accumulation;nominal
letture su letture;yes;su;lettura;di;Io mi sono perduta come il signor Tiburius di Stifter, nel mio bosco personale con alle spalle un medesimo passato di;letture su letture;verso il cuore dell'impostura.;pl;greater_plurality/accumulation;nominal
libri su libri;yes;su;libro;continuare;Le ho già detto che ricevo in continuazione;libri su libri;.;pl;greater_plurality/accumulation;nominal
libri su libri;yes;su;libro;sfornare;Mi domandavo, con curiosità maliziosa: vediamo fin dove oserà spingersi questo giornalista che sforna;libri su libri;!;pl;greater_plurality/accumulation;nominal
libri su libri;yes;su;libro;leggere;Non posso non esserle riconoscente per avermi costretta a leggere;libri su libri;che raccontano di san Francesco, dei papi che si sono succeduti in quegli anni, dell'alto Medioevo, della letteratura in lingua d'oc e d'oil, per avermi costretta a documentarmi sulla storia dei conventi e sulla vita monacale.;pl;greater_plurality/accumulation;nominal
libri su libri;yes;su;libro;leggere;Di sicuro al distretto avevano pensato che fosse ammattito, vistoche trascorreva le ore del turno trincerato nella sua stanza a leggere;libri su libri;.;pl;greater_plurality/accumulation;nominal
limoni su limoni;yes;su;limone;succhiare;Di certo stava ancora succhiando;limoni su limoni;per curarsi la violenta dissenteria che lo aveva colto nella notte e che lo aveva costretto a passare il comando a Vega.;pl;greater_plurality/accumulation;nominal
lira su lira;yes;su;lira;mille;Raccolgono monete, carte da mille,;lira su lira;arrivano a quaranta milioni.;sg;succession/iteration/distributivity;modifier
lunghezza su lunghezza;yes;su;lunghezza;recuperare;"Il tedesco Caitano, montato da Andreas Starke, ha atteso la dirittura d'arrivo del ""Jockey"" per recuperare";lunghezza su lunghezza;ai britannici Luso e Mons ed imporre la legge del più forte.;sg;greater_plurality/accumulation;nominal
manciate su manciate;yes;su;manciata;dare;Alla fine scovò delle bacche mature e me ne diede;manciate su manciate;.;pl;greater_plurality/accumulation;nominal
materia su materia;yes;su;materia;di;Cazzetti, fichette, zinnette, culetti sodi esplodono su di me in una cosmogonia di;materia su materia;.;sg;greater_plurality/accumulation;nominal
mattone su mattone;yes;su;mattone;costruire;Per un poliziotto, fare un buon lavoro significa costruire;mattone su mattone;.;sg;succession/iteration/distributivity;modifier
mattone su mattone;yes;su;mattone;costruire;C'era anche il marito della signora Lorenzina: «Questa casa l'abbiamo costruita;mattone su mattone;con mio marito, è tutto quel che mi resta di lui, ecco perché non me ne vado».;sg;succession/iteration/distributivity;modifier
mattone su mattone;yes;su;mattone;passo;Per tua mano la Sua mannaia edificherà il Regno, passo dopo passo,;mattone su mattone;, testa su testa.;sg;succession/iteration/distributivity;modifier
mattone su mattone;yes;su;mattone;edificare;La costruzione che ho contribuito a edificare;mattone su mattone;, verrà portata a termine da altri e molto presto.;sg;succession/iteration/distributivity;modifier
mattone su mattone;yes;su;mattone;mondo;A ventisei anni, nel 1972, scrivere le prime poesie - Lego sull'incontro con la madre e i fratelli consanguinei è un modo di costruirsi il mondo;mattone su mattone;come un giocattolo solido e colorato, con la stessa fantasia e la stessa pazienza di un bambino.;sg;succession/iteration/distributivity;modifier
mattone su mattone;yes;su;mattone;lavorare;I torinesi la videro, ma tra tumulti, morti, feriti: perché mentre loro lavoravano,;mattone su mattone;, a costruire l'aula voluta dal conte e dalla città per sostituire il provvisorio Parlamento subalpino messo su alla buona in soli 113 giorni (in tempo per proclamare, il 18 febbraio 1861, il Regno d'Italia), la diplomazia aveva già deciso di accontentare Napoleone III e trasferire la capitale a Firenze e pochi anni più tardi a Roma.;sg;succession/iteration/distributivity;modifier
memoria su memoria;yes;su;memoria;essere;Se voi mi chiedete come ciò possa essere -;memoria su memoria;, nient'altro che memoria - io ovviamente non so rispondere, e non perché non esistano «io» e «voi», non più di quanto esistano «qui» e «ora», ma perché l'unica cosa che esiste è il passato ricordato, non ritrovato e - attenzione alla differenza - non rivissuto nell'immediatezza del regno sensoriale, ma semplicemente ritrasmesso.;sg;succession/iteration/distributivity;modifier
metri su metri;yes;su;metro;divorare;Da questo momento in poi, Beckham continuerà almeno per un'ora a divorare;metri su metri;, avversari su avversari, con una facilità che fa male al cuore.;pl;greater_plurality/accumulation;nominal
metro su metro;yes;su;metro;ingoiare;Ogni volta che ho corso, da quel giorno in poi, ho ingoiato;metro su metro;masticando queste parole salvifiche di mio padre, le parole di Yusuf Omar Nur, figlio di Omar Nur Mohamed.;sg;greater_plurality/accumulation;nominal
miliardi su miliardi;yes;su;miliardo;svizzera;"Il quale, al processo, ha specificato quale ""servizio finanziario eserceva"": trasportava di qua e di là dalla frontiera svizzera";miliardi su miliardi;per conto di amici, avvocati e almeno quattro giudici.;pl;greater_plurality/accumulation;nominal
miliardi su miliardi;yes;su;miliardo;fare;Voi Cannarozzo e Cazzetta ci rovinate la vista, mettete in mostra le Fiat nude come la Caprioglio senza coprirne con i lenzuoli le lamierazze, e fate;miliardi su miliardi;in Brianza e a Squinzano, e poi i bei risultati sono l'Italia.;pl;greater_plurality/accumulation;nominal
miliardi su miliardi;yes;su;miliardo;risparmiare;Soprattutto per gli assicuratori, che possono continuare a inserire una clausola che consente loro di risparmiare;miliardi su miliardi;sulla pelle degli assicurati.;pl;greater_plurality/accumulation;nominal
milioni su milioni;yes;su;milione;sempre;Chi non spera che in un tweet possa lanciare o magari nascondere un qualche indizio di come riesca a guadagnare sempre;milioni su milioni;di dollari andando generalmente controcorrente?;pl;greater_plurality/accumulation;nominal
moduli su moduli;yes;su;modulo;compilare;La biblioteca, ad esempio: è sempre aperta, non bisogna compilare;moduli su moduli;, ti danno subito gli spartiti in prestito…;pl;greater_plurality/accumulation;nominal
mondo su mondo;yes;su;mondo;totale;«Donne», scrive esemplarmente Cristina Campo, «tende ad elaborare l'idea al punto estremo dell'ingegnosità e in una sapienza retorica altamente controllata», mentre «Emily brucia nel mistico vuoto d'aria di un'assenza totale,;mondo su mondo;, balza da stella morta a stella ancor vivente, valicando la follia e la morte».;sg;succession/iteration/distributivity;modifier
monologo su monologo;yes;su;monologo;accumulare;Non si fa che procedere per accumulo:;monologo su monologo;.;sg;succession/iteration/distributivity;modifier
morti su morti;yes;su;morto;con;Dalla morte di Montanino comincia un lungo e sanguinoso botta e risposta, con;morti su morti;: uno, due agguati al giorno, prima i gregari dei due clan, poi i parenti, l'incendio delle case, i pestaggi, i sospetti.;pl;greater_plurality/accumulation;nominal
mutamenti su mutamenti;yes;su;mutamento;accumulare;«È falsa - scrivono Niles Eldredge e Ian Tattersall, due eminenti paleontologi americani - l'idea di una evoluzione lenta e stabile, progressiva, che accumula;mutamenti su mutamenti;per piccoli scarti, che alla lunga, sommandosi, portano all'emergere di situazioni nuove…;pl;greater_plurality/accumulation;nominal
nodi su nodi;yes;su;nodo;intrecciare;Sembra vedere e sentire il ritmo di questa fatica: trovare lo strappo, ridurlo, intrecciare;nodi su nodi;, riparare finalmente la rete.;pl;greater_plurality/accumulation;nominal
nomi su nomi;yes;su;nome;snocciolare;Poi cambia registro, si arruola nell'esercito opposto, riscrive un pó di anni di storia, snocciola;nomi su nomi;che solerti funzionari di partito in toga inseriscono negli spazi bianchi di mandati di cattura già pronti;pl;greater_plurality/accumulation;nominal
nomi su nomi;yes;su;nome;sventagliare;Tornato dalla fuga in Ecuador (con Ettore Giugovaz, l'amico di Pietro Lunardi) e messo dentro, Calisto Tanzi sventagliò;nomi su nomi;.;pl;greater_plurality/accumulation;nominal
norme su norme;yes;su;norma;con;Si dimentica degli arricchimenti dei burocrati che, con;norme su norme;ad personam, hanno dissanguato le casse dello Stato.;pl;greater_plurality/accumulation;nominal
novità su novità;yes;su;novità;incessantemente;In questo tipo di visione non vi è comprensione o rapporto originario con la verità, ma un tentativo di fuggire dal proprio essere - nel - mondo cercando incessantemente;novità su novità;.;sg/pl;greater_plurality/accumulation;nominal
obiezioni su obiezioni;yes;su;obiezione;sollevare;Se avessi negato l'ubriachezza di George, se avessi cercato di nasconderla sollevando;obiezioni su obiezioni;perché il rilevamento del tasso alcolico eseguito mezz'ora dopo l'incidente non venisse acquisito come prova, se avessi fatto tutto ciò non avrei potuto ottenere un risultato favorevole al mio cliente.;pl;greater_plurality/accumulation;nominal
occasioni su occasioni;yes;su;occasione;avere;Il Monteveglio, che fra l'altro, si era portato in vantaggio già nel primo tempo, che aveva avuto;occasioni su occasioni;, tutte malamente sbagliate, è stato battuto dalla compagine di Castelnuovo che ha sfruttato tutto quello che i locali e l'arbitro gli hanno concesso.;pl;greater_plurality/accumulation;nominal
odio su odio;yes;su;odio;creare;Ma bisogna evitare di creare;odio su odio;, fermarsi a riconsiderare gli strumenti con cui vogliamo combattere questa guerra.;sg;greater_plurality/accumulation;nominal
odio su odio;yes;su;odio;conseguenza;La logica pretende di farla da padrona e queste sono le inevitabili conseguenze:;odio su odio;.;sg;greater_plurality/accumulation;nominal
offesa su offesa;yes;su;offesa;ribattere;Ieri però, dopo giorni di accuse dell'opposizione sui soldi spesi dall'amministrazione per le celebrazioni garibaldine, un gruppo di manifestanti lo ha affrontato a viso aperto e Daverio, ribattendo;offesa su offesa;, in qualche caso ha preferito il rilancio, come quando ha definito «cicciona» una delle manifestanti più ingaggiate.;sg;succession/iteration/distributivity;modifier
onda su onda;yes;su;onda;arte;Il segreto sta nel piegare i tovaglioli a regola d'arte,;onda su onda;, a cono, a busta di lettera, per far trovare un bigliettino intrigante.;sg;succession/iteration/distributivity;modifier
onda su onda;yes;su;onda;voga;Restando in tema acquatico, si voga;onda su onda;, al concerto dei Litfiba.;sg;succession/iteration/distributivity;modifier
opere su opere;yes;su;opera;scrivere;Gianfrancesco Malipiero studiava e stampava Vivaldi e Monteverdi, mentre di suo scriveva;opere su opere;, grandi e piccole, sole e cicliche, serie e comiche, tra Orfeo e Goldoni muovendosi con la consapevolezza dell'uomo di cultura.;pl;greater_plurality/accumulation;nominal
opinioni su opinioni;yes;su;opinione;dio;Ma allora, per essere pienamente razionale, ognuno dovrebbe essere dotato di una rappresentazione del mondo che è costituita da una gerarchia infinita dio;opinioni su opinioni;.;pl;greater_plurality/accumulation;nominal
ore su ore;yes;su;ora;passare;Sei mesi da quando Veronica l'aveva lasciata, e ogni giorno l'appartamento si faceva più vuoto, Giorgia più malinconica, ridotta a passare;ore su ore;davanti al computer.;pl;greater_plurality/accumulation;nominal
ore su ore;yes;su;ora;teatro;Gli uomini possono trascorrere a teatro;ore su ore;, e le loro esperienze comuni sono le più svariate.;pl;greater_plurality/accumulation;nominal
orrori su orrori;yes;su;orrore;accumulare;Ora, non capisco perché dovrei portare rispetto verso una istituzione che nel corso dei secoli ha accumulato;orrori su orrori;, dei quali si è scusata in grave ritardo e solo in parte.;pl;greater_plurality/accumulation;nominal
pacchi su pacchi;yes;su;pacco;cucina;Ci mettemmo una cosa come mezz'ora, facendo avanti e indietro tra la strada e la cucina –;pacchi su pacchi;su pacchi – e quando il tizio con il berretto, sfinito, risalì sul suo furgone e sparì, dalla cucina li portammo in taverna – pacchi su pacchi su pacchi.;pl;greater_plurality/accumulation;nominal
pacchi su pacchi;yes;su;pacco;su;Ci mettemmo una cosa come mezz'ora, facendo avanti e indietro tra la strada e la cucina – pacchi su;pacchi su pacchi;– e quando il tizio con il berretto, sfinito, risalì sul suo furgone e sparì, dalla cucina li portammo in taverna – pacchi su pacchi su pacchi.;pl;greater_plurality/accumulation;nominal
pagine su pagine;yes;su;pagina;divorare;Perché c'è chi riesce a fartelo drizzare, chi riesce a farti ridere, chi a farti passare la notte divorando;pagine su pagine;per capire chi era l'agente segreto che cagava rubini, chi riesce a farti venire appetito e a farti tornare a Bangkok quando invece sei a casa tua, ad ognuno la sua specialità.;pl;greater_plurality/accumulation;nominal
pagine su pagine;yes;su;pagina;disposizione;L'uomo aveva sempre a disposizione;pagine su pagine;bianche, lavate dal suo alito.;pl;greater_plurality/accumulation;nominal
palla su palla;yes;su;palla;battere;Noi abbiamo solo l'obbligo di giocare per vincere, di batterci;palla su palla;coi campioni olimpici.;sg;succession/iteration/distributivity;modifier
palla su palla;yes;su;palla;giocare;Concludiamo salendo a Noriglio, dove nel girone H, bellissima e tiratissima gara fra Calabria e Puglia che se la giocano;palla su palla;fino al decisivo tie - break.;sg;succession/iteration/distributivity;modifier
palloni su palloni;yes;su;pallone;respingere;Con la palla a terra è un pericolo per i suoi, con la capoccia, che ricorda uno spillo, respinge;palloni su palloni;.;pl;greater_plurality/accumulation;nominal
palloni su palloni;yes;su;pallone;recuperare;I biancorossi di Guidolin hanno impresso un ritmo vorticoso alla gara fin dai primi minuti, hanno recuperato;palloni su palloni;grazie al pressing a centrocampo e hanno minacciato Turci in continuazione, con un Otero scatenato su tutto il fronte d'attacco.;pl;greater_plurality/accumulation;nominal
palloni su palloni;yes;su;pallone;recuperare;Col passare dei minuti migliorano Peruzzi e Simic, nel centrocampo della Roma Assuncao recupera;palloni su palloni;che appoggia ai compagni senza strafare, ad avviare il motore giallorosso ci pensa Totti, che copre mezzo campo.;pl;greater_plurality/accumulation;nominal
parlamentari su parlamentari;yes;su;parlamentare;avvicinare;Per mesi Gianni Letta e i lobbisti del Biscione avevano avvicinato;parlamentari su parlamentari;.;pl;greater_plurality/accumulation;nominal
parola su parola;yes;su;parola;difendere;Per fortuna, conosceva la lingua così bene che capì ogni cosa, e si potette difendere,;parola su parola;, accusa su accusa, prova su prova, senza perdersi d'animo.;sg;succession/iteration/distributivity;modifier
parola su parola;yes;su;parola;romantico;"E poi, ""Il cambio della guardia a Whitehall..."" che era romantico; e poi, costruendo";parola su parola;", lesse: ""I soldati della cavalleria le dissero che il cavallo aveva la coda verde; ma per lei era un cavallo qualsiasi"".";sg;succession/iteration/distributivity;modifier
parola su parola;yes;su;parola;confermare;Galvanizzato dagli ascolti dell'ultima puntata di Moby Dick (3 milioni 823 mila spettatori), Santoro ha subito replicato: Confermo;parola su parola;quello che ho detto.;sg;greater_plurality/accumulation;nominal
parole su parole;yes;su;parola;dare;E i giochini, i disegnetti a bordo pagina che sono sicuro lei fa mentre aspetta che il cervello elabori e le detti;parole su parole;"; perché non stampa anche quei disegnetti scarabocchiati per ingannare la mano che vorrebbe scrivere qualcosa in maniera autonoma?";pl;greater_plurality/accumulation;nominal
parole su parole;yes;su;parola;piallare;Troppe volte si spendono giorni e anni e decadi a piallare;parole su parole;senza sosta e alla fine queste parole sono come zoccoli di legno imperfetti, così scomodi e innaturali da calzare che dopo un po' è meglio tornare alla gomma, più industriale e fredda, ma più pratica, malleabile e comoda.;pl;greater_plurality/accumulation;nominal
Parole su parole;yes;su;parola;un;ose fondamentali per la formazione del pensiero degli studenti suoi coetanei .  Parole su parole , in_forma_di versi , di articoli , di canzoni perché Evtuscenko sapeva che un;Parole su parole;, in forma di versi, di articoli, di canzoni perché Evtuscenko sapeva che un vecchio proverbio russo era sacrosanta verità: «Ciò che è stato scritto con la penna non si può rimuovere con un'accetta». ;pl;greater_plurality/accumulation;nominal
pasticci su pasticci;yes;su;pasticcio;commettere;È questo il campo dove le donne commettono;pasticci su pasticci;"; seguono i suggerimenti di tutti e non fanno l'unica cosa che è veramente utile: un esame culturale, per valutare l'agente responsabile dell'infezione e mettere in atto, poi, una terapia mirata, suggerita dallo specialista.";pl;greater_plurality/accumulation;nominal
pedalata su pedalata;yes;su;pedalata;sedere;Non essendo lontana dalla città, raggiungevamo la Carletta in bicicletta, portando sul cannone le ragazze e principiando, con timide e apparentemente occasionali strisciate di ginocchio contro il loro sedere,;pedalata su pedalata;, il rito sessuale ridotto.;sg;succession/iteration/distributivity;modifier
permessi su permessi;yes;su;permesso;senza;Chi dieci anni fa, a casa sua, ha piantato un filare di platani troppo vicini, non li può diradare senza;permessi su permessi;.;pl;greater_plurality/accumulation;nominal
permessi su permessi;yes;su;permesso;necessario;Il secondo problema è quello del rispetto delle norme: per gestire correttamente una discoteca sarebbero necessari;permessi su permessi;, certificati su certificati.;pl;greater_plurality/accumulation;nominal
pezzetto su pezzetto;yes;su;pezzetto;giorno;Le era sembrato di costruire ogni giorno;pezzetto su pezzetto;la propria vita e ciò che l'aveva inorgoglita di più era che ogni piccolo miglioramento derivasse dalla sua volontà e dalla assoluta mancanza di compromessi.;sg;succession/iteration/distributivity;modifier
pezzo su pezzo;yes;su;pezzo;ricostruire;Ho visto i palazzi monumentali di Dresda ricostruiti;pezzo su pezzo;, dopo le distruzioni della Seconda guerra mondiale e ho visto i monumenti dell'Alto Egitto salvati e rimontati all'asciutto.;sg;succession/iteration/distributivity;modifier
piani su piani;yes;su;piano;elaborare;Da mesi gli stati maggiori stanno elaborando;piani su piani;, ipotizzando un vertice italiano che gestirà uno schieramento di forze europee.;pl;greater_plurality/accumulation;nominal
piano su piano;yes;su;piano;edificio;Vuotò il bicchiere, chiuse gli occhi assaporando la squisitezza, annuì, e si alzò, un livello dopo l'altro, splendido edificio,;piano su piano;.;sg;succession/iteration/distributivity;modifier
pietra su pietra;yes;su;pietra;cercare;Caro e grande maestro mio, esempio di contento puro e tutto avuto dal bisogno col quale s'era sempre cercato;pietra su pietra;", e quasi per un non - potere di sé che è, come ebbe a scrivere, ""genuinità"", ""qualità di delicatezza"".";sg;succession/iteration/distributivity;modifier
pietra su pietra;yes;su;pietra;aggiungere;Secondo Rauber, l'organismo vivente non è costruito come un edificio, aggiungendo;pietra su pietra;in modo ordinato.;sg;greater_plurality/accumulation;nominal
pietra su pietra;yes;su;pietra;cumulativamente;"È necessario fare chiarezza su tali aporie (si ricordi il senso della ‘spiegazione’ in Kant!) ; la filosofia non procede cumulativamente, ‘";pietra su pietra;, né può pensare di porre ordine nel linguaggio che effettivamente parliamo ricorrendo al ‘modello’ di ideografie, valide soltanto nell’ambito di procedure logico-matematiche.;sg;succession/iteration/distributivity;modifier
pietra su pietra;yes;su;pietra;edificare;Alta tecnologia che non può fare amenodell'uomo: un po 'come il Duomo di Milano: un'opera collettiva, firmata dal popolo che l'ha edificato;pietra su pietra;.;sg;succession/iteration/distributivity;modifier
pietra su pietra;yes;su;pietra;costruire;I monaci hanno progettato e costruito;pietra su pietra;, cattedrali e monasteri.;sg;succession/iteration/distributivity;modifier
pietra su pietra;yes;su;pietra;costruire;Le pietre scolpite sono l'omaggio alla storia millenaria, costruita;pietra su pietra;, secolo dopo secolo.;sg;succession/iteration/distributivity;modifier
pile su pile;yes;su;pile;me;Io volavo alle casse, Pabs disimballava, registrava, smistava e scaricava sudi me;pile su pile;di CD a velocità supersonica.;pl;greater_plurality/accumulation;nominal
piste su piste;yes;su;pista;neppure;Quassù, vale la pena ricordarlo, non ci sono però caroselli per il circo invernale, neppure;piste su piste;, seggiovie e skilift che si inseguono tagliando a fette boschi e spianando pendii.;pl;greater_plurality/accumulation;nominal
porte su porte;yes;su;porta;dove;Non trattare il proprio spazio di comunicazione come una reggia dove;porte su porte;si aprono ai diversi poteri politici facendo divenire opinionisti soubrette e strateghi di approfondimento e portaborse esperti di moduli 740.;pl;greater_plurality/accumulation;nominal
posizioni su posizioni;yes;su;posizione;risalire;È straordinaria la facilità con cui l'attaccante, che sta ottenendo grande successo nel suo doratissimo esilio spagnolo, ha risalito;posizioni su posizioni;collocandosi al vertice della piramide azzurra.;pl;greater_plurality/accumulation;nominal
posizioni su posizioni;yes;su;posizione;risalire;A quel punto la decisione vincente: si strappa la visiera e incomincia a risalire;posizioni su posizioni;.;pl;greater_plurality/accumulation;nominal
premi su premi;yes;su;premio;famiglia;Il suo ufficio è stracolmo di dossier, faldoni, documenti, libri in quantità, quadri, cornici d'argento con le foto di famiglia,;premi su premi;che raccontano di essere stati compagni di lunghe giornate.;pl;greater_plurality/accumulation;nominal
progetti su progetti;yes;su;progetto;sfornare;Lei continua a girare il mondo e a sfornare;progetti su progetti;.;pl;greater_plurality/accumulation;nominal
proposte su proposte;yes;su;proposta;cassa;Così partirono casse su casse;proposte su proposte;, ma non ricevevamo se non giornali vecchi di due mesi, qualche settimanale come Ogonëk o Donna Sovietica, qualche rivista come Voprosy Filosofii e Sovetskoe Gosudarstvo i Pravo, dai quali ogni tanto Strada segnalava qualcosa perplesso.;pl;greater_plurality/accumulation;nominal
prova su prova;yes;su;prova;accusa;Per fortuna, conosceva la lingua così bene che capì ogni cosa, e si potette difendere, parola su parola, accusa su accusa ,;prova su prova;, senza perdersi d'animo.;sg;succession/iteration/distributivity;modifier
prove su prove;yes;su;prova;portare;D'altronde da qualche anno l'attivista Jeff Ballinger, fondatore del gruppo Press for Change, porta;prove su prove;circa le scandalose differenze fra le remunerazioni dei lavoratori indonesiani della catena Nike (poco più di un dollaro al giorno) e quelle dei campioni della pubblicità a cui la multinazionale affida la propria immagine.;pl;greater_plurality/accumulation;nominal
prove su prove;yes;su;prova;lavoro;Inoltre la pratica di chiedere ai datori di lavoro;prove su prove;"dell'effettiva necessità del lavoro straniero rifletteva la resistenza ad accettare l'idea che esistesse una vera domanda di manodopera non ""autoctona"".";pl;greater_plurality/accumulation;nominal
prove su prove;yes;su;prova;ormai;In Europa sta invece accadendo questo: nonostante ci siano ormai;prove su prove;che la strada che si è intrapresa è totalmente sbagliata ed andrebbe come minimo azzerata e ripensata, chiunque mette in discussione il sogno POTH progetto europeo è un odioso populista, reazionario, fascista.;pl;greater_plurality/accumulation;nominal
prove su prove;yes;su;prova;Belbo;Le avevo provviste nei giorni a venire, lunghe, minuziose, documentate, mentre sui tavolini di Pilade mostravo a Belbo;prove su prove;, che egli seguiva con l'occhio sempre più annebbiato, accendendo le sigarette coi mozziconi, stendendo ogni cinque minuti il braccio infuori, il bicchiere vuoto con una parvenza di ghiaccio sul fondo, e Pilade che si precipitava a rifornire, senza attendere altri comandi.;pl;greater_plurality/accumulation;nominal
prove su prove;yes;su;prova;a;Tutte abusive sono le donne nel mondo dei maschi: senza passaporto né carta di identità, si fanno passare per quello che non sono, si sottopongono a;prove su prove;, pur di resistere, di non essere cacciate.;pl;greater_plurality/accumulation;nominal
prove su prove;yes;su;prova;fare;La squadra di tecnici della Telecom fa;prove su prove;per trovare l'inghippo.;pl;greater_plurality/accumulation;nominal
prove su prove;yes;su;prova;esperimento;Niente di peggio per cominciare un'altra settimana di esperimenti,;prove su prove;, verifiche e analisi di tutto ciò che non aveva funzionato come avrebbe dovuto.;pl;greater_plurality/accumulation;nominal
punti su punti;yes;su;punto;segnare;Se giocava a basket come baciava, sarebbe stato fin troppo facile segnare;punti su punti;senza un briciolo di fatica.;pl;greater_plurality/accumulation;nominal
punti su punti;yes;su;punto;accumulare;L'Eroe e per questo lo proclamiamo tale affronta ogni cimento quando gli si presenta, e accumula;punti su punti;.;pl;greater_plurality/accumulation;nominal
punti su punti;yes;su;punto;guadagnare;La Bundesbank, che questa palla l'ha sempre lanciata, guadagnando;punti su punti;, adesso potrebbe essere costretta a rincorrerla.;pl;greater_plurality/accumulation;nominal
punto su punto;yes;su;punto;rivendicare;Stende la mano all'opposizione e rivendica;punto su punto;il proprio programma.;sg;succession/iteration/distributivity;modifier
punto su punto;yes;su;punto;lottare;Il 2 febbraio, con l'Inter avanti di cinque punti, aveva detto: «Non mi dispiacerebbe nemmeno se dovessimo lottare;punto su punto;in campionato.»;sg;succession/iteration/distributivity;modifier
punto su punto;yes;su;punto;respingere;Il capo degli anestesisti, Giuseppe Sala, ha respinto;punto su punto;ogni accusa nel faccia a faccia più lungo della giornata.;sg;succession/iteration/distributivity;modifier
punto su punto;yes;su;punto;dimostrare;Il governatore Roberto Formigoni sembra chiamarsi fuori: «L'assessore Ponzoni mi ha preannunciato una sua ampia dichiarazione che sarà dimostrazione;punto su punto;di quanto sia estraneo ai fatti».;sg;succession/iteration/distributivity;modifier
punto su punto;yes;su;punto;ribattere;Incalzato dai rappresentanti di Uds (Unione degli studenti) e Ras (Rete autogestita studentesca), il ministro ha ribattuto;punto su punto;.;sg;succession/iteration/distributivity;modifier
punto su punto;yes;su;punto;rispondere;Il tribunale della libertà risponde;punto su punto;alle obiezioni degli avvocati di Gregorat.;sg;succession/iteration/distributivity;modifier
punto su punto;yes;su;punto;Lauda;Giusto così, i titoli si costruiscono alla Niki Lauda,;punto su punto;azzardando il meno possibile.;sg;succession/iteration/distributivity;modifier
punto su punto;yes;su;punto;ribattere;Accornero è pronto a ribattere;punto su punto;.;sg;succession/iteration/distributivity;modifier
punto su punto;yes;su;punto;replicare;Il quale cade dalla nuvole, e replica;punto su punto;: È vero che la convocazione del notaio non è stata fatta per iscritto, bensì per telefono.;sg;succession/iteration/distributivity;modifier
punto su punto;yes;su;punto;così;Proprio sotto la spinta del suo coloured, Verona ha rosicchiato così;punto su punto;agli avversari (28-31 al 17'), prima di cedere nuovamente qualcosa al riposo (30-35) anche per la serata negativa di Iuzzolino (zero punti all'intervallo, con 4 errori al tiro).;sg;succession/iteration/distributivity;modifier
punto su punto;yes;su;punto;lottare;Una pessima notizia per il Basaksehir, club di recente fondazione che sta lottando;punto su punto;con il più quotato Galatasaray per la vittoria dello scudetto.;sg;succession/iteration/distributivity;modifier
punto su punto;yes;su;punto;contrastare;La strategia 5Stelle - contrastare;punto su punto;Salvini colpendolo anche sui temi a lui più cari, come sicurezza e immigrazione - sembra aver avuto qualche effetto.;sg;succession/iteration/distributivity;modifier
record su record;yes;su;record;così;Ma in questi anni va così,;record su record;.;sg/pl;greater_plurality/accumulation;nominal
record su record;yes;su;record;macinare;Ritengo che, dopo essere salita in modo fulmineo macinando;record su record;, la Borsa Usa abbia bisogno di una ripulita dagli eccessi speculativi.;sg/pl;greater_plurality/accumulation;nominal
record su record;yes;su;record;macinare;La ragione è semplice: le principali Borse mondiali (salvo Tokio) macinano;record su record;, la capitalizzazione dei grandi gruppi quotati si espande oltre ogni previsione, i ritorni sull'investimento per chi ha puntato su di loro un anno fa battono tutte le alternative.;sg/pl;greater_plurality/accumulation;nominal
record su record;yes;su;record;risucchiati;Fuori Perugini: Valentino è primo, in dieci minuti dodici posti risucchiati,;record su record;.;sg/pl;greater_plurality/accumulation;nominal
ricorsi su ricorsi;yes;su;ricorso;presentare;Ma in questo caso, cioè se i repubblicani decidessero di procedere alla convocazione di testimoni imbarazzanti per Clinton, la Casa Bianca reagirebbe alzando il tiro: presentando;ricorsi su ricorsi;alla Corte costituzionale, chiedendo un rinvio per la preparazione della difesa, moltiplicando il numero dei testimoni, allungando all'infinito l'iter dell'impeachment.;pl;greater_plurality/accumulation;nominal
righe su righe;yes;su;riga;sommare;Dal vuoto, come fiocchi d'una neve cibernetica, scendono lievi quelle tremende figurine geometriche, e io le incastro una con l'altra, le ghiaccio su spianate inesorabili, sommo;righe su righe;: quindi aumento la velocità, sempre dipiù, sempre dipiù, fino al massimo consentito: ormai è una grandinata irrefrenabile.;pl;greater_plurality/accumulation;nominal
righe su righe;yes;su;riga;questo;e non continuate più a leggere queste;righe su righe;e su righe…;pl;greater_plurality/accumulation;nominal
rinvii su rinvii;yes;su;rinvio;Italia;Quindici giorni in cui le attività giudiziarie penalistiche - i processi, grandi e piccoli, di criminalità comune e organizzata, acaricodi imputati eccellenti e sconosciuti - hanno subito, in tutt'Italia,;rinvii su rinvii;e accumulato ritardi.;pl;greater_plurality/accumulation;nominal
ritardi su ritardi;yes;su;ritardo;accumulare;Bene il raddoppio Mortara, unica linea ancora a singolo binario in città, capacità limitata e treni affollati che accumulano;ritardi su ritardi;a causa degli incroci.;pl;greater_plurality/accumulation;nominal
ritardi su ritardi;yes;su;ritardo;accumulare;E se il verboso cattivo accumula;ritardi su ritardi;nelle sue comunicazioni finali al buono, nei teatri d'una volta si gridava «e partite, cretini!»;pl;greater_plurality/accumulation;nominal
ritardi su ritardi;yes;su;ritardo;collezionare;Una sorta di modello finlandese, sulla falsariga della società che ha affidato ad Areva la costruzione del reattore di Olkiluoto (che sta però collezionando;ritardi su ritardi;, l'ultimo reso noto proprio ieri).;pl;greater_plurality/accumulation;nominal
ritardi su ritardi;yes;su;ritardo;più;Da allora, poco o nulla più:;ritardi su ritardi;da parte di BluTec nell'esecuzione dei piani, i lavoratori che protestano, Invitalia che ritira il finanziamento e chiede indietro i soldi.;pl;greater_plurality/accumulation;nominal
ritmi su ritmi;yes;su;ritmo;sovrapporre;Come i concetti, la musica di Cretu-Enigma non si ferma ma continua ad indagare, sovrapponendo;ritmi su ritmi;, sonorità elettroniche su sonorità canore spesso sintetizzate.;pl;greater_plurality/accumulation;nominal
riunioni su riunioni;yes;su;riunione;svolgere;Non resta che aspettare: sempre dal municipio i bene informati fanno sapere che proprio in queste ore si stanno svolgendo;riunioni su riunioni;per risolvere la matassa e passare all'azione, ma sulla tempistica non si sbilancia nessuno.;pl;greater_plurality/accumulation;nominal
riunioni su riunioni;yes;su;riunione;fare;Come sempre accade, appena un matrimonio va a rotoli si inizia a lavorare finoa tardi, a fare;riunioni su riunioni;, viaggi improvvisi.;pl;greater_plurality/accumulation;nominal
riunioni su riunioni;yes;su;riunione;e;Ma per arrivare sino a quel punto, a quel sospiro di sollievo, ci sono state ore di trattative ininterrotte e telefonate notturne e sveglie all'alba e;riunioni su riunioni;.;pl;greater_plurality/accumulation;nominal
riunioni su riunioni;yes;su;riunione;fare;La situazione era diventata assurda: facevo;riunioni su riunioni;con colleghe e genitori sul modo di migliorare il rapporto educativo coi bambini, individuare le strategie per seguirli meglio... e intanto i miei erano soli.;pl;greater_plurality/accumulation;nominal
riunioni su riunioni;yes;su;riunione;fare;Da dieci giorni stiamo dicendo in tutte le sedi che bisognava intervenire: si è perduto tempo a discutere, a prendere contatti diplomatici, a fare;riunioni su riunioni;, dichiarazioni su dichiarazioni, mentre la tragedia albanese richiedeva interventi rapidi, decisi, organici, massicci.;pl;greater_plurality/accumulation;nominal
riunioni su riunioni;yes;su;riunione;susseguire;Naturalmente, come in ogni occupazione che si rispetti, si susseguono;riunioni su riunioni;.;pl;greater_plurality/accumulation;nominal
rospi su rospi;yes;su;rospo;inghiottire;L'italiano sente, con il suo istinto arcaico e animalesco, che è in arrivo una tempesta nella quale perderà quelle poche certezze che lo aiutavano a inghiottire;rospi su rospi;.;pl;greater_plurality/accumulation;nominal
rovescio su rovescio;yes;su;rovescio;assassino;Sul sei pari abbiamo uno scambio assassino,;rovescio su rovescio;, e io sono un fascio di nervi scossi.;sg;succession/iteration/distributivity;modifier
rovine su rovine;yes;su;rovina;tregua;Dove ci appare una catena di eventi, egli vede una sola catastrofe che accumula senza tregua;rovine su rovine;e le rovescia ai suoi piedi.;pl;greater_plurality/accumulation;nominal
sangue su sangue;yes;su;sangue;disperato;Hanno gioito o si sono disperati,;sangue su sangue;.;sg;succession/iteration/distributivity;modifier
saponi su saponi;yes;su;sapone;svanire;Mi lavo e mi rilavo, svaniscono;saponi su saponi;, asciugamani e salviette si impregnano d'acqua.;pl;greater_plurality/accumulation;nominal
sassolino su sassolino;yes;su;sassolino;goccia;Nei giorni a venire e nelle notti illuni e nelle notti quando una luna fulgidissima splendeva sopra la terra, il vecchio avrebbe continuato a parlargli, a parlargli, goccia a goccia,;sassolino su sassolino;, petalo dopo petalo.;sg;succession/iteration/distributivity;modifier
sbagli su sbagli;yes;su;sbaglio;collezionare;Aveva sempre permesso che loro ne approfittassero – una masochistica consapevolezza che la portava a collezionare;sbagli su sbagli;.;pl;greater_plurality/accumulation;nominal
scatole su scatole;yes;su;scatola;recapitare;Maria, non l'aveva neppure mai fatto l'amore e, ciò nonostante, si vedeva recapitare;scatole su scatole;di preservativi.;pl;greater_plurality/accumulation;nominal
scherzi su scherzi;yes;su;scherzo;inanellare;L'anarchico Chaplin aveva imparato a sbeffeggiare i nemici (e anche gli amici) inanellando;scherzi su scherzi;.;pl;greater_plurality/accumulation;nominal
schiaffoni su schiaffoni;yes;su;schiaffone;prendere;È il piccoletto dei Brutos che prendeva;schiaffoni su schiaffoni;.;pl;greater_plurality/accumulation;nominal
schiere su schiere;yes;su;schiera;palcoscenico;Dietro di lui, al buio, stavano invadendo il palcoscenico;schiere su schiere;di ombre, assistite dai roadie che mostravano loro dove mettere i piedi alla luce di minuscole torce.;pl;greater_plurality/accumulation;nominal
scommesse su scommesse;yes;su;scommessa;essere;Oggi ci sono i derivati e le opzioni si moltiplica il denaro esistente in modo enorme, perché sono;scommesse su scommesse;su scommesse.;pl;greater_plurality/accumulation;nominal
scommesse su scommesse;yes;su;scommessa;su;Oggi ci sono i derivati e le opzioni si moltiplica il denaro esistente in modo enorme, perché sono scommesse su;scommesse su scommesse;.;pl;greater_plurality/accumulation;nominal
secondi su secondi;yes;su;secondo;perdere;Hakkinen passa in testa (deve ancora fare il pit - stop), Schumacher comincia a perdere;secondi su secondi;.;pl;greater_plurality/accumulation;nominal
segherie su segherie;yes;su;segheria;apparire;Il primo odore è quello di legno e infatti dopo poche centinaia di metri appaiono;segherie su segherie;con collinette artificiali fatte di trucioli ed assi dappertutto.;pl;greater_plurality/accumulation;nominal
sentenze su sentenze;yes;su;sentenza;con;Anche se quel reato, ha stabilito negli anni la Cassazione con;sentenze su sentenze;"circa il senso del pudore e della ""continenza sessuale"", è di fatto tollerato se non se ne fa offerta al pubblico.";pl;greater_plurality/accumulation;nominal
serate su serate;yes;su;serata;collezionare;Lo so, avrei potuto campare di rendita su Kalimba de Luna, collezionando;serate su serate;…;pl;greater_plurality/accumulation;nominal
settimane su settimane;yes;su;settimana;di;Ciò può servirti solo ad andare in fondo alla questione del dolore, che è più o meno questo: covare nel corso di;settimane su settimane;un'idea o un'azione risolutiva, frutto di fatica fisica e coraggio imposto, e sentirtela smontare in pochi secondi da una risata distratta.;pl;greater_plurality/accumulation;nominal
simmetria su simmetria;yes;su;simmetria;anche;Occhi, seni, ombre e luci sulle anche,;simmetria su simmetria;... il suo respiro che si faceva corto.;sg;succession/iteration/distributivity;modifier
sistemi su sistemi;yes;su;sistema;sfornare;Comprese le giocate al Superenalotto che continuano sostenute e spingono Ferdinando De Nittis e suo cognato Mimì il barbiere a sfornare;sistemi su sistemi;come a una catena di montaggio.;pl;greater_plurality/accumulation;nominal
soldi su soldi;yes;su;soldi;e;Il meccanismo adottato in Francia per convincere i cittadini della ineluttabilità del nucleare è lo stesso adottato di recente in Italia: balle su balle raccontate da venduti e;soldi su soldi;per la pubblicità e per foraggiare i giornali.;pl;greater_plurality/accumulation;nominal
soldi su soldi;yes;su;soldi;chiedere;E ora questi incapaci hanno il coraggio di chiedere;soldi su soldi;a chi le tasse le paga già fino all'ultimo centesimo.;pl;greater_plurality/accumulation;nominal
soldi su soldi;yes;su;soldi;fare;Insomma c'è ancora tempo, e spazio, per fare;soldi su soldi;su soldi vendendo e spedendo in tutto il mondo i vecchi libri di carta: tanto più se fatti in casa.;pl;greater_plurality/accumulation;nominal
soldi su soldi;yes;su;soldi;su;Insomma c'è ancora tempo, e spazio, per fare soldi su;soldi su soldi;vendendo e spedendo in tutto il mondo i vecchi libri di carta: tanto più se fatti in casa.;pl;greater_plurality/accumulation;nominal
soldi su soldi;yes;su;soldi;individuo;"Si tratta di un accidente della natura, in certi individui; una volta che si è iniziato, non c'è modo di fermarsi,";soldi su soldi;.;pl;greater_plurality/accumulation;nominal
spiegazioni su spiegazioni;yes;su;spiegazione;chiedere;E agli ipocondriaci (le persone che sono sempre convinte di essere ammalate): a furia di chiedere;spiegazioni su spiegazioni;, scoprono di avere costantemente qualche problema di salute.;pl;greater_plurality/accumulation;nominal
stagione su stagione;yes;su;stagione;colore;Vincenzo dipinse la collinetta per quasi due d'anni, colore su colore,;stagione su stagione;.;sg;succession/iteration/distributivity;modifier
stagione su stagione;yes;su;stagione;subire;Come si erano convinti a smettere di accettare le regole subite;stagione su stagione;da centinaia di migliaia di raccoglitori di frutta, verdura, zucchine e pomodori, angurie in Puglia e grappoli al Nord, senza ribellione?;sg;succession/iteration/distributivity;modifier
stagioni su stagioni;yes;su;stagione;trascorrere;Alla finestra sul mondo trascorsero;stagioni su stagioni;, poi fu di nuovo neve.;pl;greater_plurality/accumulation;nominal
storie su storie;yes;su;storia;intrecciare;Ma si capirà anche che Amado era tutt'altro che un narratore naif, capace com'era di utilizzare una vasta tavolozza di tecniche e di intrecciare;storie su storie;in complicate architetture.;pl;greater_plurality/accumulation;nominal
storielle su storielle;yes;su;storiella;raccontare;Lungo il percorso in auto per far passare quelle lunghe ore mi prodigavo a raccontare;storielle su storielle;.;pl;greater_plurality/accumulation;nominal
strade su strade;yes;su;strada;giorno;70000 abitanti, Gesù, e cantieri, ciminiere, palazzi, cattedrali, negozi, le luci accese anche di giorno,;strade su strade;.;pl;greater_plurality/accumulation;nominal
strati su strati;yes;su;strato;da;L'edificio era chiuso con assi di legno e fregiato da;strati su strati;di graffiti.;pl;greater_plurality/accumulation;nominal
strati su strati;yes;su;strato;sovrapporre;"""Basta con le tante scene di passeggeri che viaggiano sovrapposti";strati su strati;", come in una dantesca millefoglie - è sbottato in una diretta Facebook il Governatore con il suo solito linguaggio colorito - da oggi pugno duro: i campani potranno disporsi al massimo su tre strati"".";pl;greater_plurality/accumulation;nominal
strato su strato;yes;su;strato;incollare;L'unica traccia di colore era offerta dai manifesti elettorali, sbiaditi e incollati;strato su strato;.;sg;succession/iteration/distributivity;modifier
strato su strato;yes;su;strato;formare;La storia poco nota di questa parte di Roma è di straordinario interesse e basterebbe quasi, da sola, a illustrare attraverso quali peripezie militari e religiose si sia venuta formando,;strato su strato;, la città attuale.;sg;succession/iteration/distributivity;modifier
strato su strato;yes;su;strato;teglia;Cominciai a sbollentare le lasagne e a disporle nella teglia;strato su strato;, ma se avessi potuto distogliere Melchor dal suo gaydar.com gli avrei dato i soldi e gli avrei chiesto di andare a comperarmene una nuova di ghisa.;sg;succession/iteration/distributivity;modifier
strato su strato;yes;su;strato;che;Ad un certo punto incontrarono una fontana ghiacciata che,;strato su strato;", aveva formato una specie di scultura che sembrava la sagoma di un animale; ma a dire il vero bastava girarsi intorno per riconoscere nel paesaggio mille immagini diverse disegnate dalla galaverna.";sg;succession/iteration/distributivity;modifier
strato su strato;yes;su;strato;cipolla;A sua volta, il pensiero si divide, come dire, anche da se stesso, in accumulo, foglio sopra foglio, azione dopo ricordo, riflessione sopra decisione, lasciandomi come una grande cipolla,;strato su strato;, nel cui cuore profondo risuonano, lancinanti e abissali, le parole del Grande Matthys, il Dio Fornaio.;sg;succession/iteration/distributivity;modifier
strato su strato;yes;su;strato;sistemare;Nel ventre dell'acropoli, una collina compresa fra via Santa Maria in Costantinopoli, via Foria e via Tribunali, le epoche si sono sistemate;strato su strato;, dalle mura greche che risalgono alla fondazione nel V secolo avanti Cristo, fino agli edifici ottocenteschi.;sg;succession/iteration/distributivity;modifier
successi su successi;yes;su;successo;macinare;Le sue divisioni cavo e interactive media macinano;successi su successi;, conquistando sempre maggiori fette di mercato.;pl;greater_plurality/accumulation;nominal
superficie su superficie;yes;su;superficie;vita;Dove ho letto che al momento finale, quando la vita,;superficie su superficie;, si è - incrostata di esperienza, sai tutto, il segreto, il potere e la gloria, perché sei nato, perché stai morendo, e come tutto avrebbe potuto andare diversamente?;sg;succession/iteration/distributivity;modifier
tappa su tappa;yes;su;tappa;aggiungere;Carica sulla Mercedes il figlio e la ex moglie, si ferma nei migliori alberghi lungo il tragitto, attraversa la Penisola Iberica aggiungendo;tappa su tappa;"di un itinerario ""turistico"": Malaga, Costa del Sol, Alicante.";sg;succession/iteration/distributivity;modifier
tasse su tasse;yes;su;tassa;stella;Dopo un anno, disoccupazione alle stelle,;tasse su tasse;, pensioni in pericolo, criminalità impunita e spavalda, città nelle mani di spacciatori e violenti, il futuro è visto da molti incerto e drammatico.;pl;greater_plurality/accumulation;nominal
teglie su teglie;yes;su;teglia;grigliato;Un gigantesco pesce spada grigliato,;teglie su teglie;di parmigiana di melanzane, treccione di mozzarella di bufala, pasta con le zucchine fritte, crocchette ed arancini, una gigantesca torta di panna al limone, sfogliatelle e babà al rhum.;pl;greater_plurality/accumulation;nominal
telegrammi su telegrammi;yes;su;telegramma;mandare;E quanto alla nonna, che ci può essere di più comico e disgustoso che mandare;telegrammi su telegrammi;domandando continuamente: è morta o non è morta?.;pl;greater_plurality/accumulation;nominal
telegrammi su telegrammi;yes;su;telegramma;spedire;So benissimo che tu qui spedivi;telegrammi su telegrammi;.;pl;greater_plurality/accumulation;nominal
terreni su terreni;yes;su;terreno;espropriare;Il Comune di Roma, intanto, come aveva cominciato a fare a partire dagli anni Sessanta, gli espropria;terreni su terreni;a Rebibbia, Casal de' Pazzi e Primavalle, mentre le varianti al piano regolatore fanno crollare il valore di altri lotti.;pl;greater_plurality/accumulation;nominal
terreno su terreno;yes;su;terreno;guadagnare;Io guardavo lo zoppo rincorrere goffamente la più bella e l'altro inseguirli velocissimo guadagnando;terreno su terreno;.;sg;greater_plurality/accumulation;nominal
testa su testa;yes;su;testa;mattone;Per tua mano la Sua mannaia edificherà il Regno, passo dopo passo, mattone su mattone,;testa su testa;.;sg;succession/iteration/distributivity;modifier
Tornante su tornante;yes;su;tornante;cisto;sotto una falesia di roccia tra macchia mediterranea e cespugli di euforbia .  Tornante su tornante il panorama si allarga : tutto intorno macchia mediterranea , cespugli di cisto;Tornante su tornante;il panorama si allarga: tutto intorno macchia mediterranea, cespugli di cisto, qualche boschetto di eucalipti e tra le rocce la vista di Siniscola.;sg;succession/iteration/distributivity;modifier
tornanti su tornanti;yes;su;tornante;fango;Si viaggia tra sassi e massi, guadi e fango,;tornanti su tornanti;", si sale dai 3000 ai quasi 5000 metri in un attimo; gli spazi gradualmente si allargano, sono quasi in cima, fa freddo, ha nevicato da poco.";pl;greater_plurality/accumulation;nominal
tronco su tronco;yes;su;tronco;ricostruire;Les fermes de Marie, il più grande, è un insieme di chalet ricostruiti;tronco su tronco;ai margini del paese.;sg;succession/iteration/distributivity;modifier
utilitarie su utilitarie;yes;su;utilitaria;sfornare;Eppure, il sito siciliano era una volta il cuore pulsante del settore automobilistico italiano, con lo stabilimento che sfornava;utilitarie su utilitarie;- dalla leggendaria 500 degli anni settanta alla Panda - finoallo stop comunicato dal Lingotto nel 2009 e imposto nel 2011.;pl;greater_plurality/accumulation;nominal
vasche su vasche;yes;su;vasca;accumulare;Continuai ad ammirarla mentre, bracciata dopo bracciata, accumulava;vasche su vasche;.;pl;greater_plurality/accumulation;nominal
veleni su veleni;yes;su;veleno;alimentare;E una sfida all'arma bianca per arrivare alla guida di Palazzo Vermexio e gestire ancora il fiume di denaro che ha alimentato;veleni su veleni;, non ultimi quelli che grazie alle inchieste del piccolo giornale La Civetta hanno travolto la Procura, con tanto di trasferimento «cautelare» dell'ex capo Ugo Rossi per legami dei figli con alcune società nell'occhio del ciclone.;pl;greater_plurality/accumulation;nominal
velo su velo;yes;su;velo;strada;Il vento era ancora leggero, ma prometteva tempesta, la sabbia volava bassa e copriva le strade,;velo su velo;.;sg;succession/iteration/distributivity;modifier
ventricolo su ventricolo;yes;su;ventricolo;Giovanni;Mi hai aperto il tuo cuore, Giovanni,;ventricolo su ventricolo;.;sg;succession/iteration/distributivity;modifier
verbali su verbali;yes;su;verbale;pubblicare;Insomma, nel corso di Tangentopoli i mass media hanno pubblicato;verbali su verbali;ancora freschi d'inchiostro e rivelato notizie coperte da segreto istruttorio.;pl;greater_plurality/accumulation;nominal
verbali su verbali;yes;su;verbale;elevare;Un uomo dalla finestra di casa osserva i pizzardoni mentre elevano;verbali su verbali;.;pl;greater_plurality/accumulation;nominal
versioni su versioni;yes;su;versione;sfornare;E la Microsoft in crescita rapida, la Microsoft che non guarda in faccia a nessuno, che sforna;versioni su versioni;sempre più avanzate del suo software comincia a crearsi una corona di nemici, via via sempre più feroci e vociferanti.;pl;greater_plurality/accumulation;nominal
vigneti su vigneti;yes;su;vigneto;significato;"Vagoni arrugginiti dove giovani senza senso lirico hanno spruzzato graffiti di cui, ahimè, non so cogliere il significato;";vigneti su vigneti;", sotto un velo di nebbia setosa come cipria; vecchi in bicicletta, altri che portano a spasso i cani.";pl;greater_plurality/accumulation;nominal
vittime su vittime;yes;su;vittima;immolare;Filippo attraversò l'accampamento gettando una rapida occhiata ad Aristandro che continuava a immolare;vittime su vittime;sul suo altare fumigante nella notte, e raggiunse un luogo in cui sorgeva un gigantesco banyan.;pl;greater_plurality/accumulation;nominal
volumi su volumi;yes;su;volume;consultare;Durante tutto l'inverno, sepolto in una pelliccia accanto al camino, non fece che consultare;volumi su volumi;per trovare tracce di quell'evento: gli angeli sulla terra.;pl;greater_plurality/accumulation;nominal
voti su voti;yes;su;voto;raccattare;Ma i grattacapi più grandi arrivano da Salvini, che prima raccatta;voti su voti;, incentrando tutto il suo operato sulla lotta all'immigrazione clandestina, riducendo i numeri degli sbarchi (grazie anche ai precedenti accordi portati avanti da Marco Minniti con le tribù libiche) e poi fa saltare il banco sulla Tav.;pl;greater_plurality/accumulation;nominal
voto su voto;yes;su;voto;essere;Per poi tornare a farsi la guerra, perché alle elezioni europee la contesa sarà;voto su voto;, e i due si contendono lo stesso elettorato.;sg;succession/iteration/distributivity;modifier
voto su voto;yes;su;voto;conquistare;E due candidati in lizza, decisi a conquistare;voto su voto;la fiducia degli elettori.;sg;succession/iteration/distributivity;modifier
