NPN;construction;preposition;noun;pre_lemma;context_pre;costr;context_post;number_of_noun;Type;other_cxn;meaning;syntactic_function
libri su libri;yes;su;libro;sfornare;Mi domandavo, con curiosità maliziosa: vediamo fin dove oserà spingersi questo giornalista che sforna;libri su libri;!;pl;_;_;greater_plurality/accumulation;nominal
comunicazioni su comunicazioni;yes;su;comunicazione;ovvero;La capacità di significare tramite icone implica anche che tutti i processi di comunicazione siano di secondo livello, ovvero;comunicazioni su comunicazioni;, spesso lontane dalla vita quotidiana.;pl;_;_;greater_plurality/accumulation;nominal
discussioni su discussioni;yes;su;discussione;iniziare;Anzi, diciamola tutta: ciascuno ha un'idea differente del suo significato, e va così a finire che iniziano;discussioni su discussioni;.;pl;_;_;greater_plurality/accumulation;nominal
libri su libri;yes;su;libro;leggere;Non posso non esserle riconoscente per avermi costretta a leggere;libri su libri;che raccontano di san Francesco, dei papi che si sono succeduti in quegli anni, dell'alto Medioevo, della letteratura in lingua d'oc e d'oil, per avermi costretta a documentarmi sulla storia dei conventi e sulla vita monacale.;pl;_;_;greater_plurality/accumulation;nominal
pedalata su pedalata;yes;su;pedalata;sedere;Non essendo lontana dalla città, raggiungevamo la Carletta in bicicletta, portando sul cannone le ragazze e principiando, con timide e apparentemente occasionali strisciate di ginocchio contro il loro sedere,;pedalata su pedalata;, il rito sessuale ridotto.;sg;_;_;succession/iteration/distributivity;modifier
aria su aria;yes;su;aria;muovere;Il ventilatore non vale niente, muove;aria su aria;, sempre la stessa.;sg;_;_;greater_plurality/accumulation;nominal
tasse su tasse;yes;su;tassa;stella;Dopo un anno, disoccupazione alle stelle,;tasse su tasse;, pensioni in pericolo, criminalità impunita e spavalda, città nelle mani di spacciatori e violenti, il futuro è visto da molti incerto e drammatico.;pl;_;_;greater_plurality/accumulation;nominal
avversari su avversari;yes;su;avversario;metro;Da questo momento in poi, Beckham continuerà almeno per un'ora a divorare metri su metri,;avversari su avversari;, con una facilità che fa male al cuore.;pl;_;_;greater_plurality/accumulation;nominal
lettere su lettere;yes;su;lettera;scrivere;Ciò nonostante, padre Villaverde non esitò a scrivere;lettere su lettere;ai suoi superiori, sostenendo di essere stato aggredito senza motivo e chiedendo che questo accolito di Satana fosse radiato dalla Chiesa.;pl;_;_;greater_plurality/accumulation;nominal
mattone su mattone;yes;su;mattone;edificare;La costruzione che ho contribuito a edificare;mattone su mattone;, verrà portata a termine da altri e molto presto.;sg;_;_;succession/iteration/distributivity;modifier
layer su layer;yes;su;layer;strato;Detriti, come li chiama Napier, che sono visibili per strati,;layer su layer;, quasi si trattasse dei livelli che gli archeologi usano durante le operazioni di scavo.;sg;_;_;succession/iteration/distributivity;modifier
imprecazioni su imprecazioni;yes;su;imprecazione;accavallare;"È un segno di gratitudine che solo le bestie sanno esprimere - Bestemmia Berlino invece, come si dice ""omen nomen"" riprende il filo del discorso accavallando";imprecazioni su imprecazioni;e riducendo le solite conosciute bestemmie a vili scioglilingua che non sanno di niente.;pl;_;_;greater_plurality/accumulation;nominal
copie su copie;yes;su;copia;accatastare;Nel suo ufficio sono accatastate;copie su copie;della Fattoria degli animali di Orwell: il contributo del governo britannico all'insegnamento dell'inglese nelle scuole afghane e una lezione elementare sui danni del marxismo, messa in bocca a un maiale.;pl;_;_;greater_plurality/accumulation;nominal
citazioni su citazioni;yes;su;citazioni;fare;Mi chiese se continuava a fare;citazioni su citazioni;per legittimare le sue teorie.;pl;_;_;greater_plurality/accumulation;nominal
granellino su granellino;yes;su;granellino;edilizio;E non meno sorprendente è la tecnica costruttiva della formica - bussola australiana (Amitermes meridionalis) i cui operai ciechi sanno deporre il materiale edilizio,;granellino su granellino;, in modo tale che il risultato sia un nido cuneiforme con l'asse maggiore orientato rigorosamente in direzione Nord - Sud.;sg;_;_;succession/iteration/distributivity;modifier
denunce su denunce;yes;su;denuncia;trattamento;Così come gli ingegneri e i geometri che lavorano per noi: anche tra loro, più d'uno ha subito il mio stesso trattamento,;denunce su denunce;.;pl;_;_;greater_plurality/accumulation;nominal
emendamenti su emendamenti;yes;su;emendamento;ieri;Basti pensare che, per tutto il pomeriggio, nella riunione plenaria in Sala della Regina sono stati presentati ieri;emendamenti su emendamenti;.;pl;_;_;greater_plurality/accumulation;nominal
mattone su mattone;yes;su;mattone;mondo;A ventisei anni, nel 1972, scrivere le prime poesie - Lego sull'incontro con la madre e i fratelli consanguinei è un modo di costruirsi il mondo;mattone su mattone;come un giocattolo solido e colorato, con la stessa fantasia e la stessa pazienza di un bambino.;sg;_;_;succession/iteration/distributivity;modifier
generazioni su generazioni;yes;su;generazione;battezzare;Nei paesi in passato il parroco rimaneva nello stesso posto anche quaranta - cinquanta anni e battezzava;generazioni su generazioni;, oggi in una realtà in continuo cambiamento, questo fatto non è accettabile, pur riconoscendo che occorre un certo numero di anni per realizzare un progetto o per stabilire un rapporto profondo.;pl;_;_;greater_plurality/accumulation;nominal
lettere su lettere;yes;su;lettera;inviare;L'opera è dedicata a un cardinale a cui Gioseffo invia;lettere su lettere;"nella speranza sempre disattesa d'una qualche risposta, ma un'accidia fatta di ""scontentezza vaga"" non consente allo speziale di condurre avanti la stesura del testo, anche perché una serie di eventi incresciosi verranno a turbare la quiete necessaria a tale compito.";pl;_;_;greater_plurality/accumulation;nominal
pietra su pietra;yes;su;pietra;aggiungere;Secondo Rauber, l'organismo vivente non è costruito come un edificio, aggiungendo;pietra su pietra;in modo ordinato.;sg;_;_;greater_plurality/accumulation;nominal
libri su libri;yes;su;libro;continuare;Le ho già detto che ricevo in continuazione;libri su libri;.;pl;_;_;greater_plurality/accumulation;nominal
parole su parole;yes;su;parola;dare;E i giochini, i disegnetti a bordo pagina che sono sicuro lei fa mentre aspetta che il cervello elabori e le detti;parole su parole;"; perché non stampa anche quei disegnetti scarabocchiati per ingannare la mano che vorrebbe scrivere qualcosa in maniera autonoma?";pl;_;_;greater_plurality/accumulation;nominal
serate su serate;yes;su;serata;collezionare;Lo so, avrei potuto campare di rendita su Kalimba de Luna, collezionando;serate su serate;…;pl;_;_;greater_plurality/accumulation;nominal
piano su piano;yes;su;piano;edificio;Vuotò il bicchiere, chiuse gli occhi assaporando la squisitezza, annuì, e si alzò, un livello dopo l'altro, splendido edificio,;piano su piano;.;sg;_;_;succession/iteration/distributivity;modifier
premi su premi;yes;su;premio;famiglia;Il suo ufficio è stracolmo di dossier, faldoni, documenti, libri in quantità, quadri, cornici d'argento con le foto di famiglia,;premi su premi;che raccontano di essere stati compagni di lunghe giornate.;pl;_;_;greater_plurality/accumulation;nominal
piani su piani;yes;su;piano;elaborare;Da mesi gli stati maggiori stanno elaborando;piani su piani;, ipotizzando un vertice italiano che gestirà uno schieramento di forze europee.;pl;_;_;greater_plurality/accumulation;nominal
occasioni su occasioni;yes;su;occasione;avere;Il Monteveglio, che fra l'altro, si era portato in vantaggio già nel primo tempo, che aveva avuto;occasioni su occasioni;, tutte malamente sbagliate, è stato battuto dalla compagine di Castelnuovo che ha sfruttato tutto quello che i locali e l'arbitro gli hanno concesso.;pl;_;_;greater_plurality/accumulation;nominal
conti su conti;yes;su;conto;fare;"Mentre riaccompagnava Eco in auto in centro, Pete disse: ""Continuo a fare";conti su conti;", sai, mi sembra di essere un cane che si morde la coda"".";pl;_;_;greater_plurality/accumulation;nominal
permessi su permessi;yes;su;permesso;senza;Chi dieci anni fa, a casa sua, ha piantato un filare di platani troppo vicini, non li può diradare senza;permessi su permessi;.;pl;_;_;greater_plurality/accumulation;nominal
utilitarie su utilitarie;yes;su;utilitaria;sfornare;Eppure, il sito siciliano era una volta il cuore pulsante del settore automobilistico italiano, con lo stabilimento che sfornava;utilitarie su utilitarie;- dalla leggendaria 500 degli anni settanta alla Panda - finoallo stop comunicato dal Lingotto nel 2009 e imposto nel 2011.;pl;_;_;greater_plurality/accumulation;nominal
estati su estati;yes;su;estate;in;E le travi non arrugginiscono in pochi giorni, ma in inverni e inverni di gelo e silenzio e in;estati su estati;di assalti dell'erba.;pl;_;_;greater_plurality/accumulation;nominal
casi su casi;yes;su;caso;risolvere;I laboratori forensi dell'Oklahoma, come di molti altri Stati, soffrivano di una cronica mancanza di fondi e di personale, a fronte di enormi pressioni perché risolvessero;casi su casi;.;pl;_;_;greater_plurality/accumulation;nominal
barzellette su barzellette;yes;su;barzelletta;sfornare;Ormai, Ennio come un fucile, Athos come una mitraglia, sfornano;barzellette su barzellette;", come si suol dire, prendono il pallino in mano; fra un bicchiere e l'altro, una risata e l'altra, cadono le ultime barriere; ci sentiamo ormai comese fossimo davvero cresciuti tutti insieme; nasce in questa occasione oltrealla sintonia del branco, anche l'intercalare ufficiale della vacanza ""olè... se dobla""!";pl;_;_;greater_plurality/accumulation;nominal
lettere su lettere;yes;su;lettera;scrivere;Ma rari sono gli spiragli che si aprono per l'ex bracciante, facchino, portiere di notte, militante dell'Autonomia Operaia negli anni di piombo che, per sfogarsi dei rifiuti, scrive;lettere su lettere;.;pl;_;_;greater_plurality/accumulation;nominal
libri su libri;yes;su;libro;leggere;Di sicuro al distretto avevano pensato che fosse ammattito, vistoche trascorreva le ore del turno trincerato nella sua stanza a leggere;libri su libri;.;pl;_;_;greater_plurality/accumulation;nominal
mattone su mattone;yes;su;mattone;costruire;Per un poliziotto, fare un buon lavoro significa costruire;mattone su mattone;.;sg;_;_;succession/iteration/distributivity;modifier
assalti su assalti;yes;su;assalto;con;e impugnava lo stendardo rosso con la stella argeade a sedici punte , lanciava  assalti su assalti , ma gli squadroni dei cavalieri arabi e assiri contrattaccavano ogni volta con;assalti su assalti;, ma gli squadroni dei cavalieri arabi e assiri contrattaccavano ogni volta con caparbio valore, sostenuti dai continui, fitti lanci di frecce degli arcieri medi e armeni.;pl;_;_;greater_plurality/accumulation;nominal
pacchi su pacchi;yes;su;pacco;su;Ci mettemmo una cosa come mezz'ora, facendo avanti e indietro tra la strada e la cucina – pacchi su;pacchi su pacchi;– e quando il tizio con il berretto, sfinito, risalì sul suo furgone e sparì, dalla cucina li portammo in taverna – pacchi su pacchi su pacchi.;pl;_;_;greater_plurality/accumulation;nominal
domande su domande;yes;su;domanda;fare;E sa anche che se presenta operazioni un po' bislacche, in consiglio può trovare anche chi comincerà a far;domande su domande;.;pl;_;_;greater_plurality/accumulation;nominal
bicchiere su bicchiere;yes;su;bicchiere;sommare;Poco sveglio da giovane, invecchiando aveva peggiorato e al calare del sole il vino che s'era bevuto durante il giorno, sommandosi;bicchiere su bicchiere;, lo riduceva ad appisolarsi accantoal fuoco d'inverno o sotto l'albero del cortile al tempo della buona stagione.;sg;_;_;succession/iteration/distributivity;modifier
frase su frase;yes;su;frase;brandello;Il racconto che brandello su brandello,;frase su frase;, strappavo ai miei ricordi, come un cancro luminoso divorava la mia vita.;sg;_;_;succession/iteration/distributivity;modifier
ore su ore;yes;su;ora;teatro;Gli uomini possono trascorrere a teatro;ore su ore;, e le loro esperienze comuni sono le più svariate.;pl;_;_;greater_plurality/accumulation;nominal
palloni su palloni;yes;su;pallone;recuperare;Col passare dei minuti migliorano Peruzzi e Simic, nel centrocampo della Roma Assuncao recupera;palloni su palloni;che appoggia ai compagni senza strafare, ad avviare il motore giallorosso ci pensa Totti, che copre mezzo campo.;pl;_;_;greater_plurality/accumulation;nominal
creme su creme;yes;su;crema;su;Altro errore frequentissimo: applicare creme su;creme su creme;sulla cute del viso irritata, arrossata, sensibilizzata.;pl;_;_;greater_plurality/accumulation;nominal
danni su danni;yes;su;danno;produrre;La condizione, naturalmente, è voler discutere davvero del merito dei problemi: mettendo da parte una logica di contrapposizione politica esasperata che, a urne chiuse, non può che produrre;danni su danni;.;pl;_;_;greater_plurality/accumulation;nominal
ventricolo su ventricolo;yes;su;ventricolo;Giovanni;Mi hai aperto il tuo cuore, Giovanni,;ventricolo su ventricolo;.;sg;_;_;succession/iteration/distributivity;modifier
orrori su orrori;yes;su;orrore;accumulare;Ora, non capisco perché dovrei portare rispetto verso una istituzione che nel corso dei secoli ha accumulato;orrori su orrori;, dei quali si è scusata in grave ritardo e solo in parte.;pl;_;_;greater_plurality/accumulation;nominal
manciate su manciate;yes;su;manciata;dare;Alla fine scovò delle bacche mature e me ne diede;manciate su manciate;.;pl;_;_;greater_plurality/accumulation;nominal
aggettivo su aggettivo;yes;su;aggettivo;frase;"Tutto ""montato"" rase su frase,";aggettivo su aggettivo;, fino al crollo repentino della spaventevole magione.;sg;_;_;succession/iteration/distributivity;modifier
saponi su saponi;yes;su;sapone;svanire;Mi lavo e mi rilavo, svaniscono;saponi su saponi;, asciugamani e salviette si impregnano d'acqua.;pl;_;_;greater_plurality/accumulation;nominal
cene su cene;yes;su;cena;organizzare;E fu senz'altro la disperazione che li portò a organizzare;cene su cene;con vino in abbondanza e conseguente e inevitabile sbronza collettiva.;pl;_;_;greater_plurality/accumulation;nominal
fili su fili;yes;su;fili;potenzialità;"O meglio c'era una che un giorno ""avrebbe potuto"" essere lei: se da un lato obbediva alla vocazione, se svolgeva le potenzialità,";fili su fili;.;pl;_;_;greater_plurality/accumulation;nominal
record su record;yes;su;record;così;Ma in questi anni va così,;record su record;.;sg/pl;_;_;greater_plurality/accumulation;nominal
nomi su nomi;yes;su;nome;snocciolare;Poi cambia registro, si arruola nell'esercito opposto, riscrive un pó di anni di storia, snocciola;nomi su nomi;che solerti funzionari di partito in toga inseriscono negli spazi bianchi di mandati di cattura già pronti;pl;_;_;greater_plurality/accumulation;nominal
memoria su memoria;yes;su;memoria;essere;Se voi mi chiedete come ciò possa essere -;memoria su memoria;, nient'altro che memoria - io ovviamente non so rispondere, e non perché non esistano «io» e «voi», non più di quanto esistano «qui» e «ora», ma perché l'unica cosa che esiste è il passato ricordato, non ritrovato e - attenzione alla differenza - non rivissuto nell'immediatezza del regno sensoriale, ma semplicemente ritrasmesso.;sg;_;_;succession/iteration/distributivity;modifier
legni su legni;yes;su;legno;inchiodare;Le avanguardie, paradossali e inverosimili, enigmatiche, che mettono insieme una maniglia e la dalia paonazza di un dolore acuto, che lanciano fiamme su tesi materiali da imballaggio, che inchiodano;legni su legni;con chiodi di già arrugginiti, di già tutti ritorti, rimediati, e che incollano, coi liquami dei colori industriali, cortecce che di una guerra hanno visto di striscio un fuggiasco che correva slacciandosi la corazzetta coi muscoli sbalzati... ecco chi scrive la storia: chi raccatta gli aneddoti, ci sputa dietro e te li appiccica in fronte, e taglia e cuce, senza badare per niente all'armonia, al bell'insieme... cosa significa?;pl;_;_;greater_plurality/accumulation;nominal
vasche su vasche;yes;su;vasca;accumulare;Continuai ad ammirarla mentre, bracciata dopo bracciata, accumulava;vasche su vasche;.;pl;_;_;greater_plurality/accumulation;nominal
milioni su milioni;yes;su;milione;sempre;Chi non spera che in un tweet possa lanciare o magari nascondere un qualche indizio di come riesca a guadagnare sempre;milioni su milioni;di dollari andando generalmente controcorrente?;pl;_;_;greater_plurality/accumulation;nominal
sistemi su sistemi;yes;su;sistema;sfornare;Comprese le giocate al Superenalotto che continuano sostenute e spingono Ferdinando De Nittis e suo cognato Mimì il barbiere a sfornare;sistemi su sistemi;come a una catena di montaggio.;pl;_;_;greater_plurality/accumulation;nominal
spalla a spalla;yes;a;spalla;sfrenato;Alessandro diede il segnale e tutti i destrieri si lanciarono al galoppo sfrenato,;spalla a spalla;, testa a testa nella pianura deserta: sembravano furie infernali partorite dall'Ade.;sg;_;_;juxtaposition/contact;modifier
corpo a corpo;yes;a;corpo;scontro;Nell'economia del risultato a pesare è anche il comparto visivo perché, alla routine degli scontri;corpo a corpo;", Watts ci riserva sorprese quando si tratta di mettere in scena il potere illusionistico di Mysterio in una serie di sequenze da far girare la testa allo spettatore, per il gioco di specchi in cui la realtà fa a gara a smentire se stessa manco ci trovassimo nella sequenza finale de ""La signora di Shangai"" di Orson Welles.";sg;_;_;juxtaposition/contact;modifier
spalla a spalla;yes;a;spalla;pratica;Marco andò all'unico tavolino libero, sul fondo, e quando finalmente si sedette con la schiena al muro si ritrovò in pratica;spalla a spalla;con due avventori, entrambi assorti nella lettura del giornale e quindi apparentemente disinteressati a lui.;sg;_;_;juxtaposition/contact;modifier
corpo a corpo;yes;a;corpo;combattimento;Essi o lo impegnavano in violenti combattimenti;corpo a corpo;, oppure rimanevano ritti immobili e silenziosi in qualche angolo della casa.;sg;_;_;juxtaposition/contact;modifier
corpo a corpo;yes;a;corpo;combattere;Nella tradizione cristiana, durante i giorni di Pasqua si legge un versetto in latino che dice in modo mirabile che la vita e la morte combattono;corpo a corpo;.;sg;_;_;juxtaposition/contact;modifier
spalla a spalla;yes;a;spalla;camminare;Qualunque cosa accadrà, siete nel palmo della stessa mano, e anziché tenere Dina fuori dai tuoi progetti migliori, dovreste camminare;spalla a spalla;finché il Cielo ve ne darà la possibilità.;sg;_;_;juxtaposition/contact;modifier
zolla a zolla;yes;a;zolla;conoscere;Per cui nessuno ci pensa al povero animale che bazzica senza meta nel ben delimitato territorio, che ormai conosce;zolla a zolla;.;sg;_;_;succession/iteration/distributivity;modifier
spalla a spalla;yes;a;spalla;inglese;Proprio mentre i piloti dei jet americani e inglesi,;spalla a spalla;", scaricano ogni giorno bombe su Saddam e schivano il fuoco della sua contraerea, in una marziale conferma della storica ""relazione speciale"" tra i due paesi, l'ambasciatore americano a Londra è stato convocato al ministero del commercio per ricevere una ferma e ufficiale protesta del governo di Tony Blair.";sg;_;_;juxtaposition/contact;modifier
spalla a spalla;yes;a;spalla;e;Tutto sommato, l'Italia, partita tardi, ha recuperato, piazzandosi dietro la Germania e;spalla a spalla;con gli inglesi.;sg;_;_;juxtaposition/contact;modifier
corpo a corpo;yes;a;corpo;combattere;Ma anche questa volta per occupare la Città Santa devono combattere;corpo a corpo;con i palestinesi per annientare la resistenza araba.;sg;_;_;juxtaposition/contact;modifier
spalla a spalla;yes;a;spalla;oggi;Se per decenni si sono vicendevolmente ignorate, Italia e Albania sono oggi;spalla a spalla;.;sg;_;_;juxtaposition/contact;modifier
spalla a spalla;yes;a;spalla;animale;Compiuta la spettacolare manovra lanciarono di nuovo al galoppo i loro animali,;spalla a spalla;, testa a testa, lasciandosi dietro una densa nuvola di polvere, e si arrestarono in brevissimo spazio davantial principe.;sg;_;_;juxtaposition/contact;modifier
spalla a spalla;yes;a;spalla;Polo;Torino, Rifondazione apre a Castellani L'ex ministro Costa corre per il Polo,;spalla a spalla;con il sindaco.;sg;_;_;juxtaposition/contact;modifier
foglia a foglia;yes;a;foglia;scomparire;Nanni guarda il triangolino di frittata deflagrare e ricomporsi nel piatto di Cecilia, mentre l'insalata scompare;foglia a foglia;con estenuante lentezza, e tutte le cose che vorrebbe dirle non le può dire.;sg;_;_;succession/iteration/distributivity;modifier
corpo a corpo;yes;a;corpo;impatto;Come dice Manuel Estiarte, il più forte pallanuotista di tutti i tempi: «È vero, bisogna calcolare che le probabilità che Messi esca sconfitto da un impatto;corpo a corpo;sono elevate, come elevato è il rischio che venga totalmente travolto dai difensori.;sg;_;_;juxtaposition/contact;modifier
ciocca a ciocca;yes;a;ciocca;sfilare;Il più attuale si fa sfilando;ciocca a ciocca;, per creare l'effetto piuma, che alleggerisce la pettinatura e rende la piega particolarmente facile.;sg;_;_;succession/iteration/distributivity;modifier
corpo a corpo;yes;a;corpo;scontro;Non possedeva più la pistola e la spranga che aveva trovato si sarebbe rivelata utile solo in uno scontro;corpo a corpo;.;sg;_;_;juxtaposition/contact;modifier
corpo a corpo;yes;a;corpo;faccia;Scoperto difronteal proprio nemico, faccia a faccia,;corpo a corpo;, il nostro scrittore si apprestava a scrivere un'altra pagina del suo romanzo, quello della vita.;sg;_;_;juxtaposition/contact;modifier
spalla a spalla;yes;a;spalla;giorno;Ci hanno divisi per evitare problemi, per quanto era possibile, visto che si camminava tutto il giorno;spalla a spalla;, gomito a gomito, a passi diversi, ma alla stessa velocità, e quando vivi una situazione di fatica e scomodità come quella, con poco cibo e poca acqua e nessun posto dove ripararsi e molto freddo, invece, molto, molto freddo, be', i battibecchi e le risse sono sempre dietro l'angolo, in agguato, e gli accoltellamenti anche, quindi è meglio tenere separate le etnie ostili.;sg;_;_;juxtaposition/contact;modifier
fotogramma a fotogramma;yes;a;fotogramma;costruire;Una mitologia personale, insomma, costruita;fotogramma a fotogramma;"ritagliandomi di netto ciò che è necessario per un Olimpo fatto in casa: un pugno di tragedie sofoclee, uomini ed eroi, martiri casuali, omicidi senza fonte e senza fine; oppure: confondendo l'universo condiviso con gli album personali: eccola una foto di mio padre tale e quale a Satta Flores in C'eravamo tanto amati.";sg;_;_;succession/iteration/distributivity;modifier
spalla a spalla;yes;a;spalla;volata;Si profila dunque una volata;spalla a spalla;che probabilmente si concluderà con il ballottaggio del 23 ottobre prossimo.;sg;_;_;juxtaposition/contact;modifier
braccio a braccio;yes;a;braccio;sviluppare;Primo edificio per la musica progettato dallo studio di Michel Rojkind, è il frutto di un processo progettuale sviluppato;braccio a braccio;con la direzione dell'Orchestra: le scelte riguardanti il tipo di sala, il numero di sedute e le destinazioni funzionali degli ambienti sono dunque condivise e volute dai successivi inquilini dello spazio.;sg;_;_;juxtaposition/contact;modifier
corpo a corpo;yes;a;corpo;te;"Sto rollando verso di te, balena, tu che tutto distruggi e nulla conquisti; fino all'ultimo lotto con te";corpo a corpo;", e dal cuore dell'inferno ti pugnalo; in nome dell'odio ti sputo addosso l'estremo respiro.";sg;_;_;juxtaposition/contact;modifier
corpo a corpo;yes;a;corpo;combattere;Qualche scettico si domanderà come mai il comando americano mandi un preziosissimo marconista navajo a combattere;corpo a corpo;contro il nemico, con il rischio che lo catturino.;sg;_;_;juxtaposition/contact;modifier
corpo a corpo;yes;a;corpo;duello;Pare abbia ucciso di sua mano un ribelle della tribù dei cadusi in un duello;corpo a corpo;.;sg;_;_;juxtaposition/contact;modifier
spalla a spalla;yes;a;spalla;combattere;Era per vendicarsi di una condanna ingiusta che aveva combattuto;spalla a spalla;con quegli stessi Uberti che a Campaldino militavano tra le file nemiche o quella alleanza, che soltanto pochi mesi prima gli sarebbe sembrata contro natura, aveva una più profonda e nobile giustificazione?;sg;_;_;juxtaposition/contact;modifier
corpo a corpo;yes;a;corpo;danza;Il killer - ballerino e le cubiste - prede erano impegnati in una danza;corpo a corpo;molto coinvolgente.;sg;_;_;juxtaposition/contact;modifier
spalla a spalla;yes;a;spalla;mentre;Questi pensieri mi agitavano mentre;spalla a spalla;con i miei compagni muti attendevo i colpi di fischietto degli ufficiali per superare il parapetto e inoltrarmi in quell'orribile scabro e tormentato deserto innanzia me.;sg;_;_;juxtaposition/contact;modifier
corpo a corpo;yes;a;corpo;combattimento;Saphira era meglio equipaggiata dei Lethrblaka per il combattimento;corpo a corpo;, grazie alle squame - più dure e resistenti della loro pellaccia grigia - e ai denti - di gran lunga più letali del loro becco in uno scontro ravvicinato - ma in quella situazione, con il basso soffitto della caverna che le dava scarsa libertà di manovra per saltare o volare, aveva non poche difficoltà a tenere testa a due creature che l'attaccavano contemporaneamente.;sg;_;_;juxtaposition/contact;modifier
spalla a spalla;yes;a;spalla;agire;Tutti gli oranti si trovano ad agire;spalla a spalla;nel modo più disciplinato, indipendentemente da ogni considerazione di tipo mondano.;sg;_;_;juxtaposition/contact;modifier
spalla a spalla;yes;a;spalla;Nick;Arrivo di corsa e trovo Gabriel e Nick,;spalla a spalla;, che aspettano.;sg;_;_;juxtaposition/contact;modifier
corpo a corpo;yes;a;corpo;combattimento;In questa situazione i giornalisti portati al seguito delle truppe per assistere a un rapido trionfo, sono diventati scomodi testimoni di una campagna difficile e lunga, dove i combattimenti;corpo a corpo;nelle periferie delle città si verificano con una frequenza sempre più ravvicinata.;sg;_;_;juxtaposition/contact;modifier
spalla a spalla;yes;a;spalla;dare;I sondaggi ufficiali (finchè si potevano rendere pubblici) e quelli ufficiosi li danno;spalla a spalla;, con una quota tra il 25 e il 30 % dei consensi al primo turno.;sg;_;_;juxtaposition/contact;modifier
corpo a corpo;yes;a;corpo;legare;"Dodici fra loro, originari di Lebbeke, si erano rifugiati nella fattoria di Ottavio Vernulst; essi furono legati";corpo a corpo;e condotti dietro alla fattoria, dove vennero massacrati.;sg;_;_;juxtaposition/contact;modifier
spalla a spalla;yes;a;spalla;storpio;Fuori c'erano i fiorai profumati e i mendicanti storpi,;spalla a spalla;: e solo a guardarli s'allargava in me la confusione della vita.;sg;_;_;juxtaposition/contact;modifier
corpo a corpo;yes;a;corpo;scontro;Per contro la loro forze e il loro fisico non sono assolutamente adatti nello scontro;corpo a corpo;.;sg;_;_;juxtaposition/contact;modifier
balcone a balcone;yes;a;balcone;confinare;La comunità di gatti che mi ospita sta nell'appartamento in cui abitiamo, che confina,;balcone a balcone;, con un altro appartamento nel quale viveva fino a poco tempo fa una gatta vecchia e sola.;sg;_;_;juxtaposition/contact;modifier
corpo a corpo;yes;a;corpo;uomo;Elias insegnava ai popolani come schierarsi in falange, puntare le picche, affrontare un uomo;corpo a corpo;.;sg;_;_;juxtaposition/contact;modifier
anima ad anima;yes;a;anima;gomito;Ecco, devono essere nati così questi ultimi due romanzi di famiglia, seguiti da lunghe ore al computer, uno accanto all'altro, gomito a gomito,;anima ad anima;, ogni tanto un sospiro, una lunga occhiata, qualche sorriso di tenerezza perché i due si adorano e si cercano come solo due innamoratini sanno fare, al di là delle loro abbondanti sessanta primavere.;sg;_;_;juxtaposition/contact;modifier
corpo a corpo;yes;a;corpo;combattimento;Tauro cercò di fermarlo: per qualche istante la sua rocciosa complessione, il suo coraggio, l'abilità nel duello e l'esperienza di mille combattimenti;corpo a corpo;parvero mettere in difficoltà il guerriero germanico.;sg;_;_;juxtaposition/contact;modifier
corpo a corpo;yes;a;corpo;accanitamente;I due fratelli si scontrarono accanitamente;corpo a corpo;e morirono entrambi.;sg;_;_;juxtaposition/contact;modifier
corpo a corpo;yes;a;corpo;combattimento;Non gli restava che il combattimento;corpo a corpo;.;sg;_;_;juxtaposition/contact;modifier
spalla a spalla;yes;a;spalla;vivere;Solo cosí ho potuto fare quello che ho fatto, vivendo;spalla a spalla;con il teologo di corte, giorno dopo giorno, sul sentiero che portava alla rovina.;sg;_;_;juxtaposition/contact;modifier
spalla a spalla;yes;a;spalla;praticamente;La privacy era minima, i detenuti erano praticamente;spalla a spalla;e Ron non rispettava gli spazi.;sg;_;_;juxtaposition/contact;modifier
corpo a corpo;yes;a;corpo;lotta;I colpi sono stati sparati durante la lotta,;corpo a corpo;.;sg;_;_;juxtaposition/contact;modifier
spalla a spalla;yes;a;spalla;fila;Poi, furono costretti a fermarsi quando un contingente delle truppe di Sua Maestà Tenebrosa, in fila;spalla a spalla;, arrivò a passo di marcia lungo la strada.;sg;_;_;juxtaposition/contact;modifier
spalla a spalla;yes;a;spalla;procedere;L'uomo al centro era attorniato da due che lo tenevano avviluppato a loro sottobraccio, gli altri affiancati procedevano;spalla a spalla;come a formare un muro invalicabile a protezione del personaggio.;sg;_;_;juxtaposition/contact;modifier
corpo a corpo;yes;a;corpo;combattimento;I caduti statunitensi erano già più di centomila, vittime in ugual misura del gelido inverno coreano e della maestria dell'esercito cinese nel combattimento;corpo a corpo;e nelle incursioni notturne.;sg;_;_;juxtaposition/contact;modifier
spalla a spalla;yes;a;spalla;stare;Sono addestrati per il campo di battaglia, per stare;spalla a spalla;dietro gli scudi, con la lancia protesa davanti a sé.;sg;_;_;juxtaposition/contact;modifier
spalla a spalla;yes;a;spalla;lavorare;La maggior parte dei dirigenti è lì, a lavorare;spalla a spalla;con l'imprenditore.;sg;_;_;juxtaposition/contact;modifier
balcone a balcone;yes;a;balcone;dirimpettaio;Così si sente superiore nel cortile, a esempio, sul cav. Bizzini, suo dirimpettaio,;balcone a balcone;, che vive con la figlia, il genero e i ragazzi un maschio e una femmina e potrebbe essere privilegiato, ma se sapesse scrollarsi di dosso il rischio di venir ficcato in un ospizio per anziani.;sg;_;_;juxtaposition/contact;modifier
corpo a corpo;yes;a;corpo;battere;Nel frattempo, i macedoni rinchiusi nella cittadella fecero una sortita e presero alle spalle i guerrieri avversari che si battevano;corpo a corpo;, nelle vie strette e tortuose, davanti alle loro stesse case.;sg;_;_;juxtaposition/contact;modifier
corpo a corpo;yes;a;corpo;affrontare;Mai prima quei guerrieri avevano affrontato;corpo a corpo;le legioni e non pareva loro vero di sfogare la rabbia a lungo compressa su quei reparti in disfatta, in preda al panico e alla confusione.;sg;_;_;juxtaposition/contact;modifier
corpo a corpo;yes;a;corpo;battaglia;La guerriglia urbana, la battaglia;corpo a corpo;nelle strade della capitale è proprio quello che al Pentagono vogliono evitare.;sg;_;_;juxtaposition/contact;modifier
spalla a spalla;yes;a;spalla;lavorare;E al fatto che i due abbiano lavorato;spalla a spalla;per cinque anni alla V Commissione di Bilancio (il primo come funzionario e segretario, il secondo come presidente), prima che Cabras - figlio di Paolo, a lungo parlamentare della Dc - diventasse nel 2014 capo di gabinetto di Fabrizio Saccomanni al ministero dell'Economia.;sg;_;_;juxtaposition/contact;modifier
corpo a corpo;yes;a;corpo;lotta;La caccia a cavallo o a piedi, la lotta;corpo a corpo;, i combattimenti dei galli erano quanto deliziava la gente e tutte queste attività si concludevano con solenni bevute.;sg;_;_;juxtaposition/contact;modifier
spalla a spalla;yes;a;spalla;schermo;"Se deciderete di passare un po 'di tempo davanti allo schermo """;spalla a spalla;""" con qualche bambino, scoprirete che i bambini, anche molto piccoli, hanno un rapporto naturale con il computer: un legame affettivo, che li porta immediatamente a un contatto diretto, proprio come con il fluire della lingua materna.";sg;_;_;juxtaposition/contact;modifier
campo a campo;yes;a;campo;meglio;E così, goccia a goccia, o meglio,;campo a campo;e casa a casa, in duemila anni la Chiesa ha potuto accumulare un patrimonio immenso, che nel passato era amministrato dal cosiddetto Obolo di San Pietro, e oggi lo è invece dal Pio Istituto per le Opere di Religione (IOR).;sg;_;_;succession/iteration/distributivity;modifier
spalla a spalla;yes;a;spalla;sorgere;Le teste giganti dei candidati sorridono a gara, e Galerio dice che sembrano mostri, mostri che sorgono;spalla a spalla;dalle viscere della terra.;sg;_;_;juxtaposition/contact;modifier
spalle a spalle;yes;a;spalle;mettere;Ma almeno gli diede soddisfazione e distrasse i Ra'zac abbastanza a lungo da permettergli di correre da Roran e mettersi;spalle a spalle;col cugino.;sg;_;_;juxtaposition/contact;modifier
autonomia su autonomia;no;su;autonomia;di;Che ripeto che ricordo sono quelle delle inchieste sui gruppi terroristici Brigate Rosse prima linea sono quelli dell'inchiesta di;autonomia su autonomia;operaia inchiesta com'era sette aprile.;sg;proper_name_inglobation;no;distractor;_
mente su mente;no;su;mente;parte;"Il credersi ""separati"" in più parti (";mente su mente;"giù, corpo questo e corpo quell'altro, questo è meglio e quello è peggio) è solo il frutto d'una visione ""schizofrenica"".";sg;NsuNgiù;yes;distractor;_
uomini su uomini;no;su;uomo;di;"Come sottolineavano i compagni tedeschi delle Cellule Rivoluzionarie: ""Noi crediamo che la guerra totale contro il sistema di dominio di";uomini su uomini;acchiuda in se stessa contemporaneamente e in egual misura la lotta contro il sistema capitalistico che è in noi stessi.;pl;thematic_target;no;distractor;_
Berlinguer su Berlinguer;no;su;Berlinguer;di;Si potrebbe provare A ragionare di;Berlinguer su Berlinguer;a partire da alcuni grandi punti del suo pensiero.;X;thematic_target;no;distractor;_
2 su 2;no;su;2;con;Tra le file dell' Hintegra realizzano le migliori prestazioni offensive Simone Vichi con;2 su 2;e Victor Lopez con 2 su 4.;X;NumPNum;no;distractor;_
base su base;no;su;base;di;Nella vita di tutti i giorni un lavaggio di;base su base;mensile è sufficiente.;sg;N_extended;no;distractor;_
5 su 5;no;su;5;di;Questa volta è la Juventus a sbagliare di meno, anzi a non sbagliare proprio nulla visto che mette a segno uno score di;5 su 5;, mentre per il Milan è fatale l' errore di Brocchi.;X;NumPNum;no;distractor;_
Sky su Sky;no;su;Sky;di;Cliente Sky via fibra/satellite con pack Calcio e Sky Go: 36,80 euro/mese* per le 7 partite/turno di;Sky su Sky;Go.;X;proper_name_inglobation;no;distractor;_
uomini su uomini;no;su;uomo;di;"Nella famosa conferenza del 1919 su ""La politica come professione"", Max Weber disse: ""Lo Stato è, come le associazioni politiche che storicamente lo precedono, un rapporto di dominio di";uomini su uomini;basato sul mezzo della forza legittima (cioè considerata legittima).;pl;thematic_target;no;distractor;_
Berlusconi su Berlusconi;no;su;Berlusconi;di;Va bene bene pubblicare in prima pagina una barzelletta di;Berlusconi su Berlusconi;, ma vi sia perlomeno il buon senso di dire al titolista di non mettere come titolo LA BATTUTA finale...;X;thematic_target;no;distractor;_
5 su 5;no;su;5;di; Questa volta è la Juventus a sbagliare di meno, anzi a non sbagliare proprio nulla visto che mette a segno uno score di;5 su 5;, mentre per il Milan è fatale l' errore di Brocchi.;X;NumPNum;no;distractor;_
24 su 24;no;su;24;trasmettere;"Un ospedale di Pittsburgh fornisce addirittura una stazione televisiva chiamata ""Humor Helps Healing"" (l'umorismo aiuta a guarire), che trasmette";24 su 24;", mentre in South Carolina, i ""terapisti dell' umorismo"" hanno formato la Carolina Humour and Healing Association (HaHa).";X;NumPNum;no;distractor;_
7 su 7;no;su;7;con;Lo fa in modo incontestabile: chiude con;7 su 7;dai 6.25 mt per un totale di 29 punti, il tutto in sola metà gara.;X;NumPNum;no;distractor;_
uomini su uomini;no;su;uomo;di;Sono sempre segno di un'ingiustizia regnante, di oppressione di;uomini su uomini;.;pl;thematic_target;no;distractor;_
119 su 119;no;su;119;tutto;Attivate al 100 % le procedure di bonifica per i siti inquinati a breve termine, in tutto;119 su 119;, e al 58 % quelle per i 146 siti a medio termine, mentre per i 60 siti di piano definiti ' in approfondimentò (considerati a medio termine nell' attesa della definitiva classificazione nell' ambito dell' approvazione dei Piani Provinciali), tale percentuale scende al 32 %.;X;NumPNum;no;distractor;_
uomini su uomini;no;su;uomo;di;"Lo stato è così dunque ""un rapporto di potere di";uomini su uomini;", fondato sul mezzo dell'uso della forza legittima"" (si veda ""Economia e Società"", Milano 1961).";pl;thematic_target;no;distractor;_
carta su carta;no;su;carta;di;E poi c'è lo spariglio, una variante della presa di;carta su carta;uguale.;sg;thematic_target;no;distractor;_
24 su 24;no;su;24;disponibile;Tale contenitore poi, grazie alla tecnologia e software di ultima generazione, è disponibile;24 su 24;online e aggiornato in tempo reale, permettendo così ai potenziali clienti di visionare gli immobili direttamente da casa o ufficio, e ai collaboratori del gruppo sparsi in Italia o all' estero di consultare e fornire proposte svincolate dal limite della territorialità di competenza.;X;NumPNum;no;distractor;_
bandiere su bandiere;no;su;bandiera;dire;"Come se ci fosse bisogno di una voce dall' alto che dica""";bandiere su bandiere;" giù"".";pl;NsuNgiù;yes;distractor;_
61 su 61;no;su;61;di;Certo le ultime elezioni europee hanno segnato una sconfitta di Berlusconi, il cappotto del;61 su 61;(i seggi del parlamento regionale conquistati dalla destra nelle ultime amministrative) appartiene alla memoria del passato.;X;NumPNum;no;distractor;_
Guccini su Guccini;no;su;Guccini;di;Forse il fatto d'essere un lavoro di;Guccini su Guccini;, la possibilità di curiosare nell'armadio dei sogni e dei ricordi, mettendoci a disposizione fin dalla copertina la foto di famiglia del bisnonno che gli ha dato il nome (e sul retro, ma non cercatela nel booklet del cd, un'austera immagine della sua,;X;thematic_target;no;distractor;_
periodi su periodi;no;su;periodo;avere;Tornando al banco,devo dire che i suoi dischi li amo tuttora,certo hanno avuto;periodi su periodi;ma son sempre stati più che dignitosi.;pl;NsuNgiù;yes;distractor;_
uomo su uomo;no;su;uomo;di;cioè quando si abolirà non solo il concetto di proprieta' di;uomo su uomo;(schiavitu') ma anche quello di SERVITU' di uomo su uomo (noleggio, prostituzione, o come chiamo io, SERVIZIONE).;sg;thematic_target;no;distractor;_
Google su Google;no;su;Google;di;Come cancellare la cronologia di;Google su Google;Chrome.;X;proper_name_inglobation;no;distractor;_
Camerino su Camerino;no;su;Camerino;di;Interventi Regione ed Università di;Camerino su Camerino;.;X;proper_name_inglobation;no;distractor;_
Sciascia su Sciascia;no;su;Sciascia;di;Ha curato l'edizione del Quaderno dell'Associazione Amici di;Sciascia su Sciascia;eretico del genere giallo (La vita felice, 2006) e la prefazione dell'edizione italiana de Il controllo della parola di André Schiffrin (Bollati Boringhieri, 2006).;X;proper_name_inglobation;no;distractor;_
Microsoft su Microsoft;no;su;Microsoft;e;È accordo di licenza tra PalmOne e;Microsoft su Microsoft;Exchange.;X;proper_name_inglobation;no;distractor;_
uomo su uomo;no;su;uomo;qui;"Il problema del potere si ripresenta qui; il potere d'";uomo su uomo;.;sg;thematic_target;no;distractor;_
110 su 110;no;su;110;con;Luciano Fonzi esprime il seguente giudizio: Laureato in Scienze Biologiche presso la Università di Siena nel 1969 con;110 su 110;e lode.;X;NumPNum;no;distractor;_
Arezzo su Arezzo;no;su;Arezzo;di;La posizione del Comune di;Arezzo su Arezzo;Fiere è chiarissima.;X;proper_name_inglobation;no;distractor;_
18 su 18;no;su;18;compatto;La serie A ha votato compatta,;18 su 18;- afferma Galliani - per il ' lodo' che ha preso il mio nome, che prevedeva 3 retrocessioni dalla A e 5 promozioni dalla B, e dall' anno prossimo a regime 3 retrocessioni e 3 promozioni.;X;NumPNum;no;distractor;_
2 su 2;no;su;3;e;Da segnalare anche un ottima prestazione di Cazzulo con 3 su 3 da due e;2 su 2;dalla lunetta, in momenti importanti della gara.;X;NumPNum;no;distractor;_
Pippo su Pippo;no;su;Pippo;su;La spesa per la riparazione, ammontante a venti euro, da ripartirsi tra tutti i condomini, graverà: su Martino su;Pippo su Pippo;e Martino in parti uguali per un terzo su Martino e per due terzi su Pippo.;X;N_extended;no;distractor;_
punto su punto;no;su;punto;data;Punto croce ricamo una data;punto su punto; giù indico traccia di trama merletto finito.;sg;NsuNgiù;yes;distractor;_
interessi su interessi;no;su;interesse;mio;Io che sono fiorentina, forse avrei qualche motivo in più per pensarlo, ma preferisco spostare i miei;interessi su interessi;"più ""puliti"" perchè il calcio sicuramente non lo è.";sg;N_extended;no;;_
61 su 61;no;su;61;seggio;Lasciamo la presidenza dell' assemblea e sentiamo il nuovo presidente della giunta che in Sicilia si è portato a casa tutti i seggi,;61 su 61;.;X;NumPNum;no;distractor;_
uomo su uomo;no;su;uomo;di;Il sistema odioso di sfruttamento di;uomo su uomo;.;sg;thematic_target;no;distractor;_
10 su 10;no;su;10;un;E mentre Berlusconi si assegna un;10 su 10;,gli analisti affermano che il governo ha sprecato il suo primo anno.;X;NumPNum;no;distractor;_
jeans su jeans;no;su;jeans;jeans;Consigli per indossare il giubbino di jeans su jeans;jeans su jeans;.;sg/pl;N_extended;no;distractor;_
bambini su bambini;no;su;bambino;di;All'inizio della settimana ho scritto un articolo circa le recenti notizie provenienti dal Kansas sui tassi di violenze sessuali di;bambini su bambini;, aumentate bruscamente...anche la polizia del Regno Unito ha segnalato questa tendenza (40.000 segnalazioni in un paio di anni)…;pl;thematic_target;no;distractor;_
base su base;no;su;base;di;La povertà mestruale - la lotta per pagare i prodotti sanitari di;base su base;mensile - è aumentata durante la pandemia di coronavirus , secondo le associazioni di beneficenza.;sg;N_extended;no;distractor;_
Saturno su Saturno;no;su;Saturno;di;Con il transito di ritorno di ;Saturno su Saturno;"natale ti potrebbe creare solo una certa ""accettazione"" e crescita nel campo descritto.";X;N_extended;no;;_
Venezia su Venezia;no;su;Venezia;di;Pubblicazione di alcune foto di;Venezia su Venezia;Radio TV e Venetian Holiday.;X;proper_name_inglobation;no;distractor;_
80 su 80;no;su;80;prendere;"Alla risposta: ""dovevate o dovevano studiare di più"" noi replichiamo in questo modo: ""anche se tutti gli studenti avessero preso";80 su 80;comunque tantissimi sarebbero tornati a casa!;X;NumPNum;no;distractor;_
facebook su facebook;no;su;Facebook;di;io ho creato una pagina di;facebook su facebook;appunto, ma mi rendo conto che non serve a niente perchè nessuno ne sa l'esistenza, quindi non pubblicizzo niente.;X;thematic_target;no;distractor;_
9 su 9;no;su;9;Milano;A Lecco si è registrato una adesione del 100 per cento (hanno scioperato 19 su 19) così come al tribunale di sorveglianza di Milano (;9 su 9;).;X;NumPNum;no;distractor;_
mille su mille;no;su;mille;sembrare;Il prezzo è stato 8.500 che mi sembra,; mille su mille;giù in linea con quello che si vede in giro.;sg;NsuNgiù;yes;distractor;_
 Vichy su Vichy;no;su;Vichy;repubblica;Citazione: si esattamente erano collaborazionisti esattamente come tutta la repubblica;Vichy su Vichy;non ci piove, ma sulle SS permettimi di dissentire per due motivi: - arruolamento volontario - giuramento di fedeltà al fuhrer e allla causa nazional-socialista - iniziazione mistica.;X;N_extended;no;distractor;_
Android su Android ;no;su;Android ;di;Attualmente è necessario impostare la versione minima di;Android su Android;7,0 (API 24-torrone) per distribuire l'app in dispositivi o emulatori torrone Android.;X;proper_name_inglobation;no;distractor;_
22 su 22;no;su;22;astenuto;"Nell' opposizione, tra i socialisti 90 hanno votato a favore mentre 56 si sono astenuti; nel gruppo dei repubblicani e socialisti, invece, i voti contrari sono stati";22 su 22;iscritti.;X;NumPNum;no;distractor;_
uomini su uomini;no;su;uomo;di; Questa domanda non si può respingere con la speranza che allora tutto andrebbe di per sè, che le cose si regolerebbero da sole, che un governo di;uomini su uomini;sarebbe divenuto superfluo, perchè gli uomini allora sarebbero assolutamente liberi.;pl;thematic_target;no;distractor;_
TV su TV;no;su;TV;diretta;Tutta la cerimonia finale verrá trasmessa in diretta;TV su TV;3 dalle 18.40 alle 20.15 e su TV 1 e TV 2 dalle 19.30 alle 20.00.;sg;proper_name_inglobation;no;distractor;_
40 su 40;no;su;40;voto;Poi è il turno di Nintendogs, il perfect score di Famitsu (voto;40 su 40;), dopo aver conquistato il mercato nipponico, si prepara ad invadere anche quelli occidentali.;X;NumPNum;no;distractor;_
jeans su jeans;no;su;jeans;di;Quindi abbinare un capo di questo tipo è, sottinteso, che sarà più facile di una semplice camicia di;jeans su jeans;elegante oppure un giabbottino.;sg/pl;N_extended;no;distractor;_
facebook su facebook;no;su;facebook;di;la censura su facebook esiste, non si deve parlare male di;facebook su facebook;e non si devono aprire discorsi seri che non c'entrano con le informazioni private che servono 1: a controllarti 2: a sapere cosa pensano i giovani su determinati prodotti.;X;thematic_target;no;distractor;_
Sky su Sky;no;su;Sky;di;"È possibile acquistare entrambe le offerte ""Vodafone TV + NOW TV Intrattenimento"" e ""Vodafone TV Sport"" per avere accesso sia allo sport di";Sky su Sky;Sport Mix che all'entertaniment televisivo con il Ticket Intrattenimento di NOW TV.;X;proper_name_inglobation;no;distractor;_
37 su 37;no;su;37;essere;Nella votazione delle due di notte eravamo;37 su 37;e alla fine è scoppiato un applauso.;X;NumPNum;no;distractor;_
numero su numero;no;su;numero;deviazione;È possibile cancellare simultaneamente la programmazione dei servizi prenotazione, deviazione; numero su numero;interno, deviazione su numero esterno e non disturbare.;sg;N_extended;no;distractor;_
2 su 2;no;su;2;vincente;Detto questo, torniamo alla realtà dei fatti, che ci rimanda un Barcellona più che mai vincente:;2 su 2;in Eurolega, con 12 punti di scarto rifilati all' Aek e 14 all' Olimpia (in questo caso con un provvidenziale + 18 nell' ultimo quarto), e 8 su 9 in campionato.;X;NumPNum;no;distractor;_
3 su 3;no;su;3;fecondare;Per nostra fortuna sono stati fecondati;3 su 3;, il 100 %, pronti per essere impiantati in utero.;X;NumPNum;no;distractor;_
prodotto a prodotto;no;a;prodotto;da;Un'analisi di questo tipo non poteva prescindere dal software fornito in bundle, variabile da;prodotto a prodotto;, che, se in alcuni casi è forse più di quello che realmente serve, in altri è appena lo stretto necessario per la telecomunicazione.;sg;PNPN;yes;distractor;_
paese a paese;no;a;paese;da;Essa può assumere valenze parzialmente diverse da;paese a paese;, ma generalmente si colloca a destra chi enfatizza i valori dell'ordine sociale, della stabilità, della retribuzione secondo i meriti e a sinistra chi, invece, a tali valori è meno sensibile in nome della libertà di ciascun individuo (libertà, peraltro, non tanto intesa in termini di attività economica e politica, quanto rispetto alle norme ed ai costumi) nonché del diritto di questi a veder soddisfatti i propri bisogni.;sg;PNPN;yes;distractor;_
individuo a individuo;no;a;individuo;da;Alcune variabili, come temperatura dell'aria, appetito e livello di vigilanza oscillano durante il giorno da;individuo a individuo;.;sg;PNPN;yes;distractor;_
paese a paese;no;a;paese;da;Poi c'è il fondamentalismo: diverso da;paese a paese;, potente perché capace di dare un'identità e un orgoglio di appartenenza ai ceti più poveri.;sg;PNPN;yes;distractor;_
individuo a individuo;no;a;individuo;da;Anche l'ampiezza e la profondità dello sviluppo mentale variano considerevolmente da;individuo a individuo;.;sg;PNPN;yes;distractor;_
uomo a uomo;no;a;uomo;da;Il contagio è solo interumano, vale a dire che la varicella si trasmette solo da;uomo a uomo;e non da animale ad uomo.;sg;PNPN;yes;distractor;_
paese a paese;no;a;paese;da;Probabilmente le ragioni che producono alti consensi sui temi della vita più semplice e naturale o della minore importanza data al denaro, sono diverse da;paese a paese;.;sg;PNPN;yes;distractor;_
disappunto a disappunto;no;a;disappunto;aggiungere;Si diede subito della stupida e questo fatto aggiunse;disappunto a disappunto;.;sg;verbal;yes;distractor;_
paese a paese;no;a;paese;da;Tuttavia, l'interesse di mercato varia da;paese a paese;, per cui possono determinarsi svantaggi rilevanti se si confronta un esportatore che opera in un paese con alti saggi di interesse con un esportatore impegnato in un paese dove i saggi di interesse sono bassi.;sg;PNPN;yes;distractor;_
paese a paese;no;a;paese;da;E infatti vi sono ancora differenze profonde da;paese a paese;nell'uso della Tv generalista e specialmente nel settore dell'informazione.;sg;PNPN;yes;distractor;_
paese a paese;no;a;paese;da;È una delle voci più carenti del foglietto, anche perché sono state riscontrate indicazioni diverse da;paese a paese;.;sg;PNPN;yes;distractor;_
paese a paese;no;a;paese;da;Poi spetta alle leggi, che variano da;paese a paese;, attribuire le responsabilità.;sg;PNPN;yes;distractor;_
uomo a uomo;no;a;uomo;da;"""Ciò indica che la trasmissione del virus è possibile anche da";uomo a uomo;""", ma in quest'ultimo caso l'efficacia del contagio è scarsa, ha precisato Margaret Chan.";sg;PNPN;yes;distractor;_
tempo a tempo;no;a;tempo;a;MENTRE è in arrivo in Tv l'ottava edizione della Piovra, apprendiamo, a;tempo a tempo;", che si tratta di una ""delle espressioni rilevanti della cultura popolare italiana"".";sg;PNPN;yes;distractor;_
individuo ad individuo;no;a;individuo;da;Le percentuali su esposte variano lievemente da;individuo ad individuo;e la presenza quantitativa di determinate sottoclassi sembra essere in correlazione con la presenza di particolari allotipi delle catene H e L.;sg;PNPN;yes;distractor;_
uomo a uomo;no;a;uomo;da;Vi segnaliamo anche l'accusa pesantissima dell'animatore del sito pacifista Peacelink, Alessandro Marescotti, ai tecnici che si sono resi conniventi della truffa del baco del millennio: un confronto da;uomo a uomo;nella rubrica Delfino.;sg;PNPN;yes;distractor;_
epoca a epoca;no;a;epoca;da;È vero che il concetto di giustizia cambia da;epoca a epoca;e da contesto a contesto, ma il bisogno di giungere a una sua rappresentazione condivisa rimane costante e immutabile.;sg;PNPN;yes;distractor;_
tragedia a tragedia;no;a;tragedia;dolore;Non aggiungete dolore a dolore,;tragedia a tragedia;…;sg;verbal;yes;distractor;_
provincia a provincia;no;a;provincia;da;La parte più sostanziosa della domanda regionale di alloggi è garantita da chi si trasferisce da un'altra regione o da;provincia a provincia;: oltre il 39 per cento.;sg;PNPN;yes;distractor;_
paese a paese;no;a;paese;da;"In effetti il significato delle parole ""edizione"" e ""libro"" differiscono non soltanto da continente a continente, ma anche da";paese a paese;.;sg;PNPN;yes;distractor;_
paese a paese;no;a;paese;da;Le restrizioni sull'esportazione variano da;paese a paese;.;sg;PNPN;yes;distractor;_
punto a punto;no;a;punto;da;Oggi ci rendiamo conto che la critica faradayana alla nozione di particella, inquanto scaturisce da una fisica del continuum dove le interazioni agiscono da;punto a punto;.;sg;PNPN;yes;distractor;_
paese a paese;no;a;paese;da;Il primo è una dialettizzazione dell'inglese, ossia la nascita e la crescita di forme di inglese diverso da;paese a paese;"sia per la pronunzia sia, in parte, per il lessico; qualcosa di simile a quella che i linguisti chiamano ""creolizzazione"" dell'inglese, come in Giamaica, in Liberia o in Gambia; o una specie di ""cocoliche"", come viene chiamato scherzosamente l'italiano parlato in Argentina.";sg;PNPN;yes;distractor;_
settimana a settimana;no;a;settimana;da;Si verifica volatilità durante l'anno da;settimana a settimana;finché i prezzi non iniziano a scendere sotto la media annuale verso la fine di agosto, quando i viaggiatori possono risparmiare il 42% o più rispetto al periodo più caro.;sg;PNPN;yes;distractor;_
punto a punto;no;a;punto;da;Al contrario nel Tipo C, dove il pino domestico è stato seminato in maniera andante e a integrazione di nuclei di latifoglie preesistenti, con conseguente maggiore variabilità da;punto a punto;.;sg;PNPN;yes;distractor;_
uomo a uomo;no;a;uomo;da;Fisher, non ho mai avuto modo di parlarti, da;uomo a uomo;.;sg;PNPN;yes;distractor;_
individuo a individuo;no;a;individuo;da;Gli attacchi di panico - spiega Scapicchio - durano pochi minuti e la loro frequenza varia da;individuo a individuo;, ma la paura che si ripresentino invece non passa più.;sg;PNPN;yes;distractor;_
uomo a uomo;no;a;uomo;da;Poi smise di correre e mi salutò da;uomo a uomo;.;sg;PNPN;yes;distractor;_
uomo a uomo;no;a;uomo;da;La mamma, le gemelle e Claudia andarono in cucina, lasciando Giacomo e Cristiano al loro discorsetto da;uomo a uomo;, secondo l'usanza.;sg;PNPN;yes;distractor;_
paese a paese;no;a;paese;da;Se si sostiene un concetto soggettivo di salute, è accettabile che i criteri della sperimentazione umana varino da;paese a paese;.;sg;PNPN;yes;distractor;_
uomo a uomo;no;a;uomo;da;Il chirurgo si accorse che dopo un normale trapianto da;uomo a uomo;alcune cellule provenienti dal nuovo organo invadono i tessuti dell'ospite.;sg;PNPN;yes;distractor;_
individuo a individuo;no;a;individuo;da;La reazione all'alcol varia molto da;individuo a individuo;.;sg;PNPN;yes;distractor;_
tensione a tensione;no;a;tensione;aggiungere;lo so che ti potrebbe montare l'ansia, però se prosegui così, purtroppo, aggiungi;tensione a tensione;, ansia, sua ansia.;sg;verbal;yes;distractor;_
uomo a uomo;no;a;uomo;da;Oppure senza i sì e i no della figura paterna: finiti i gesti di sostegno virile, i lanci in aria per gioco, le spiegazioni da;uomo a uomo;, il conforto dopo gli insuccessi.;sg;PNPN;yes;distractor;_
uomo a uomo;no;a;uomo;da;Anche gli alleati del re di Macedonia gli si rivolgevano da;uomo a uomo;, attendendosi da lui soltanto cortesia e generosità.;sg;PNPN;yes;distractor;_
ceppo a ceppo;no;a;ceppo;da;Gli enzimi di parecchi ceppi possono essere confrontati mediante tecniche statistiche che rivelano la divergenza genetica relativa da;ceppo a ceppo;.;sg;PNPN;yes;distractor;_
individuo a individuo;no;a;individuo;da;"È probabile che il desiderio di ""fare il papà"" vari da";individuo a individuo;, tuttavia è cosa certa che non si nasce genitori, ma lo si diventa solo attraverso il concreto rapporto col figlio.;sg;PNPN;yes;distractor;_
punto a punto;no;a;punto;da;Dopo essersi sentito soddisfatto del numero dei puntini, il ragazzo univa il tutto in una sola linea, da;punto a punto;.;sg;PNPN;yes;distractor;_
paese a paese;no;a;paese;da;Il livello di istruzione dei genitori, invece, ha un effetto sul reddito dei figli variabile da;paese a paese;.;sg;PNPN;yes;distractor;_
prodotto a prodotto;no;a;prodotto;da;Anche volendo considerare il solo olio di oliva, la composizione esatta varia da;prodotto a prodotto;.;sg;PNPN;yes;distractor;_
individuo a individuo;no;a;individuo;da;Tali percezioni e spiegazioni differiscono da;individuo a individuo;, a causa dell'influenza delle opinioni formatesi in precedenza e del complesso degli atteggiamenti.;sg;PNPN;yes;distractor;_
paese a paese;no;a;paese;da;Mentre la forma e il livello esatti di oneri a carico del beneficiario varia considerevolmente da;paese a paese;, la maggior parte applica oneri di modesta entità con ampie esenzioni nel caso di consultazioni mediche e ricoveri.;sg;PNPN;yes;distractor;_
uomo a uomo;no;a;uomo;da;Inoltre la situazione degli xenotrapianti oggi è vista esattamente come i trapianti da;uomo a uomo;erano considerati all'inizio degli Anni Sessanta, quando eravamo davvero in pochi a crederci.;sg;PNPN;yes;distractor;_
individuo a individuo;no;a;individuo;da;I ricordi che un adulto ha della propria vita infantile sono variabili da;individuo a individuo;, ma, generalmente, più si va a ritroso nel tempo e minore è la quantità di ricordi.;sg;PNPN;yes;distractor;_
gomito a gomito;no;a;gomito;a;Nelle strade affollate, sacerdoti dalle vesti risplendenti passeggiavano tranquilli a;gomito a gomito;"con mercanti flemmatici e mendicanti cenciosi; una spinta o un urtone d'un villano distratto - che in qualunque altro giorno sarebbe stato punito con una buona frustata oggi procurava all'incauto soltanto un'occhiata sprezzante.";sg;PNPN;yes;distractor;_
provincia a provincia;no;a;provincia;da;Le graduatorie formulate dai provveditorati, tuttavia, potranno comportare vistose differenze di età anagrafica dei pensionati, da;provincia a provincia;.;sg;PNPN;yes;distractor;_
stazione a stazione;no;a;stazione;da;Ho voluto seguire il tragitto di due treni da;stazione a stazione;: una prima e una seconda classe, rispettando il reale percorso riportato dagli orari ferroviari.;sg;PNPN;yes;distractor;_
collina a collina;no;a;collina;da;Adesso qui, come in Borgogna, siamo concentrati su come il Barolo si esprima da;collina a collina;, da vigna a vigna negli undici Comuni della zona.;sg;PNPN;yes;distractor;_
uomo a uomo;no;a;uomo;da;Quel pacchetto delle nazionali che offriva grandioso, da;uomo a uomo;, tirandolo fuori tutto stropicciato dalla tasca.;sg;PNPN;yes;distractor;_
uomo a uomo;no;a;uomo;da;Volete che vi parli da;uomo a uomo;, o come ad uno che ha quel tanto di autorità ufficiale che gli consente di immischiarsi in una faccenda che non lo riguarda?;sg;PNPN;yes;distractor;_
paese a paese;no;a;paese;industriale;" ma la risposta è diversa da""";paese a paese;.;sg;PNPN;yes;distractor;_
individuo a individuo;no;a;individuo;da;Se la razza è in genere un buon indicatore della natura dell'intelligenza istintiva del cane, l'intelligenza adattiva dipende da;individuo a individuo;.;sg;PNPN;yes;distractor;_
prodotto a prodotto;no;a;prodotto;da;La durata dell'azione contraccettiva è anch'essa variabile da;prodotto a prodotto;: da una a tre ore.;sg;PNPN;yes;distractor;_
provincia a provincia;no;a;provincia;da;Secondo i risultati della ricerca le scelte imprenditoriali si differenziano da;provincia a provincia;.;sg;PNPN;yes;distractor;_
paese a paese;no;a;paese;da;La base di riferimento per il calcolo dei contributi da accreditare è diversa da;paese a paese;.;sg;PNPN;yes;distractor;_
provincia a provincia;no;a;provincia;da;I metodi di campionamento degli appartamenti finora sono disomogenei da;provincia a provincia;.;sg;PNPN;yes;distractor;_
punto a punto;no;a;punto;da;Il confronto del dato sperimentale con quello calcolato consente di tracciare mappe di variazione da;punto a punto;.;sg;PNPN;yes;distractor;_
paese a paese;no;a;paese;da;Il contributo della mutualità al finanziamento dell'assicurazione di disoccupazione è variabile da;paese a paese;e nel tempo.;sg;PNPN;yes;distractor;_
punto a punto;no;a;punto;da;I nuovi sistemi di trasmissione a distanza si differenziano dai precedenti - telegrafo e telefono - perché non costituiscono un legame da;punto a punto;.;sg;PNPN;yes;distractor;_
mistero a mistero;no;a;mistero;aggiungere;Due elementi, ritornati fino a noi dalla profondità del tempo insieme a Oetzi e alle sue povere cose, forse spiegano in parte la sua fine, forse aggiungono;mistero a mistero;.;sg;verbal;yes;distractor;_
