Context.php?Start=131468676&End=131468678	acero a acero	Immaginando di tradurre le tinte in suoni, si sentirebbe il gemito del popolo delle foreste, un'eco straziante che si propaga da 	acero a acero	, da quercia a quercia.
Context.php?Start=67496610&End=67496612	affetto a affetto	Diventiamo veramente gli epiteti che ci vengono spinti sotto il muso, i nomignoli, le dolci cime lanciate da 	affetto a affetto	 mentre tutto ondeggia e tra di noi c'è nebbia, quell'aria che si palpa e da noi nasce come da curve portuali, quell'aria dai calori ascellari, e noi diventiamo la cosa che sembriamo a chi ci dice cosa, quando quelle visioni mosse e volatili si fermano concrete e solide, fatte di materia comune, e si presentano come una esposizione da mercato, da bancarella.
Context.php?Start=37921939&End=37921941	amico a amico	Quello stesso pomeriggio si presentò in caserma Toulouse Valmorain per parlare con Relais da 	amico a amico	, come dichiarò.
Context.php?Start=101887339&End=101887341	anno a anno	I raccolti rivaleggiano gli uni con gli altri, da 	anno a anno	 o da luogo a luogo.
Context.php?Start=101826592&End=101826594	autore a autore	Certo, ed è persino superfluo ricordarlo, l'orchestrazione del dialogato conosce modulazioni plurime, variando da 	autore a autore	, da opera a opera.
Context.php?Start=31761535&End=31761537	balcone a balcone	La comunità di gatti che mi ospita sta nell'appartamento in cui abitiamo, che confina, 	balcone a balcone	, con un altro appartamento nel quale viveva fino a poco tempo fa una gatta vecchia e sola.
Context.php?Start=67179960&End=67179962	balcone a balcone	I miei abitano in un quartiere dove ancora le massaie comunicano da 	balcone a balcone	.
Context.php?Start=149188862&End=149188864	balcone a balcone	Così si sente superiore nel cortile, a esempio, sul cav. Bizzini, suo dirimpettaio, 	balcone a balcone	, che vive con la figlia, il genero e i ragazzi un maschio e una femmina e potrebbe essere privilegiato, ma se sapesse scrollarsi di dosso il rischio di venir ficcato in un ospizio per anziani.
Context.php?Start=154404816&End=154404818	balcone a balcone	La sua ultima creatura erano stati i bastoni per reggere i calici dello spumante con cui aveva allietato i brindisi da 	balcone a balcone	, ma ormai era già diventata la penultima, soppiantata da quel telefono di cui smaniavo di sperimentare le potenzialità.
Context.php?Start=68067369&End=68067371	balle a balle	"Concluse che forse era meglio non aggiungere 	balle a balle	.
Context.php?Start=89003631&End=89003633	bambino a bambino	Le difficoltà e i successi ovviamente variano da 	bambino a bambino	 e da un ordine di scuola all'altro anche inbasealle caratteristiche e le modalità organizzative dei vari tipi di scuola.
Context.php?Start=119583923&End=119583925	bambino a bambino	Eppure non è mai stato provato un caso al mondo di contagio da 	bambino a bambino	.
Context.php?Start=6920484&End=6920486	banca a banca	Nonostante questo, i metodi di tariffazione sono differenti da 	banca a banca	: nel caso del Banco Ambrosiano Veneto il servizio è completamente gratuito, ma per il cliente il costo dell'operazione dispositiva di bonifico è lo stesso della filiale.
Context.php?Start=35123272&End=35123274	banca a banca	1) Organizzazione di spostamento di capitale (conto) da 	banca a banca	 per porre sotto ricatto il sistema colpendolo dove più sanguina (I SOLDI).
Context.php?Start=48442460&End=48442462	banca a banca	Secondo le parole del capo della Sezione riciclaggio del Dipartimento di giustizia degli Stati Uniti, Jennifer Shasky Calvery, durante una seduta del Congresso americano nel febbraio 2012: "Le banche negli Stati Uniti sono usate per accogliere grandi quantità di capitali illeciti occultati nei bilioni di dollari che vengono trasferiti da 	banca a banca	 ogni giorno Â.
Context.php?Start=126305844&End=126305846	banca a banca	Che sono invece applicate in misura variabile da 	banca a banca	 per prelievi presso altri istituti (si veda la tabella).
Context.php?Start=126306042&End=126306044	banca a banca	Va ricordato che la tessera Pagobancomat - utilizzabile per i pagamenti presso i punti convenzionati - prevede un costo annuo variabile da 	banca a banca	 ma è esente da commissioni per operazione e da costi di registrazione scrittura.
Context.php?Start=128003711&End=128003713	banca a banca	E in questo caso i costi sono diversi da 	banca a banca	: nella tabella pubblicata sopra vengono riportati quindici esempi relativi al circuito Cirrus - Maestro, il più diffuso sulle carte di debito, da cui emerge che le commissioni variano dallo 0,25% al 4%, più (o in alternativa) le spese fisse.
Context.php?Start=146285360&End=146285362	banca a banca	Per chiudere questo mutuo dovrete pagare una penale del 3% (ma come si vede nella tabella la percentuale cambia da 	banca a banca	 e, in alcuni casi, il conteggio si può rivelare molto complicato) sull'ammontare del capitale ancora da rimborsare (2.091.736 lire).
Context.php?Start=148943206&End=148943208	banca a banca	Una volta compiuta la scelta vengono attivate le procedure di sicurezza, che variano, ma di poco, da 	banca a banca	.
Context.php?Start=148960387&End=148960389	banca a banca	Al prezzo al dettaglio (diverso da 	banca a banca	), poi, va aggiunta la commissione che può variare dai 50 ai 100 punti base.
Context.php?Start=149225101&End=149225103	banca a banca	CONTO LIBERO... Al di là della comodità, dal punto di vista economico la convenienza della domiciliazione varia però non solo da 	banca a banca	 ma anche e soprattutto a seconda del tipo di conto che si intrattiene con l'istituto.
Context.php?Start=149432605&End=149432607	banca a banca	NESSUNA DIFFERENZA Per quest'ultimo servizio non c'è alcuna differenza tra tessera vecchia e tessera nuova: sono rimaste in vigore, infatti, le precedenti condizioni economiche, diverse da 	banca a banca	, ma in genere gratuite per prelievi agli sportelli automatici del proprio istituto e tariffate (in media dalle 2500 alle 3000 lire) per prelievi in qualsiasi altra banca diversa dalla propria.
Context.php?Start=20537823&End=20537825	bar a bar	Non gli avrebbe detto dove aveva passato la notte, non gli avrebbe raccontato di quel lungo vagabondaggio da 	bar a bar	, cominciato subito dopo la sua telefonata e terminato con un sonno ristoratore assieme ai barboni della villa comunale.
Context.php?Start=31118492&End=31118494	bar a bar	La cifra complessiva cambiava da 	bar a bar	, ma erano tutti d'accordo che i ricorrenti avessero ottenuto circa cinque milioni di dollari.
Context.php?Start=12237685&End=12237687	barca a barca	Riflessa dall'acciaio nero della Moldava, l'agitazione variopinta dei giochi di luce faceva guizzare i suoi messaggi di fuoco da 	barca a barca	, da zattera a zattera.
Context.php?Start=87501097&End=87501099	barca a barca	(Le circostanze della morte di Tony Santiago, nel 1961, sono state rimaste per molto tempo avvolte nel mistero; attualmente si ha quasi la certezza che cadde combattendo nella Corrente del Golfo - in un combattimento da 	barca a barca	 - mentre cercava di infiltrarsi in un gruppo di agenti della Cia.
Context.php?Start=135507194&End=135507196	biblioteca a biblioteca	Se vogliamo tracciare una storia di libertà di Stato, di ragione da Niccolò Machiavelli a Norberto Bobbio, non dovremo più peregrinare da città a città o da 	biblioteca a biblioteca	, inseguire opere rare o dimenticate, ma basterà navigare saggiamente su Internet appellandosi a quello che oggi (ma sta per cambiare nome) è il sito Unipi, it: l'intreccio dei concetti più importanti della cultura occidentale ci arriverà così bell'incorniciato dal video.
Context.php?Start=5318976&End=5318978	bit a bit	L'operazione viene eseguita 	bit a bit	, ovvero tra le coppie di bit corrispondenti nei due operandi.
Context.php?Start=5319166&End=5319168	bit a bit	s: esegue l'operazione di OR 	bit a bit	 tra i due operandio specificati, ponendo il risultato nel secondo.
Context.php?Start=5319192&End=5319194	bit a bit	s: esegue l'operazione di OR esclusivo 	bit a bit	 tra i due operandi specificato, ponendo il risultato nel secondo.
Context.php?Start=7700455&End=7700457	bit a bit	È compito di quest'ultimo trasmettere, 	bit a bit	, l'informazione sul cavo e quindi al destinatario.
Context.php?Start=7701036&End=7701038	bit a bit	Livello Competenze Responsabilità Applicazione Prepara i messaggi generati dagli utenti Interagisce con l'utente Trasporto Converte i messaggi in pacchetti Garantisce l'affidabilità della connessione Rete Converte i pacchetti in datagram Controlla il flusso delle informazioni Fisico Trasmette i datagram 	bit a bit	 Realizza lo scambio delle informazioni Tabella 6 Livelli di comunicazione del modello di riferimento TCP IP.
Context.php?Start=935117&End=935119	bocca a bocca	La respirazione bocca a bocca Alcune tecniche di rianimazione, come per esempio la respirazione 	bocca a bocca	, possono risultare pericolose per il soccorritore: in questo modo si possono trasmettere molte malattie, soprattutto se l'infortunato ha delle perdite di sangue.
Context.php?Start=935130&End=935132	bocca a bocca	La respirazione bocca a bocca Alcune tecniche di rianimazione, come per esempio la respirazione 	bocca a bocca	, possono risultare pericolose per il soccorritore: in questo modo si possono trasmettere molte malattie, soprattutto se l'infortunato ha delle perdite di sangue.
Context.php?Start=935179&End=935181	bocca a bocca	La respirazione artificiale andrebbe fatta attraverso l'apposito pallone"ambu", che evita il contatto 	bocca a bocca	, ed è più efficace perché immette aria dall'ambiente o ricca di ossigeno inveceche aria già respirata e ricca di anidride carbonica.
Context.php?Start=935228&End=935230	bocca a bocca	In ogni caso, chi compie la respirazione 	bocca a bocca	 lo fa a suo rischio e pericolo.
Context.php?Start=961076&End=961078	bocca a bocca	Allo stesso modo, la respirazione 	bocca a bocca	, serve per ossigenare il sangue che viene pompato in modo meccanico attraverso il massaggio cardiaco.
Context.php?Start=961476&End=961478	bocca a bocca	A questo punto bisogna procedere all'iperestensione del capo e prepararsi all'insufflazione 	bocca a bocca	.
Context.php?Start=962118&End=962120	bocca a bocca	Come si fa La respirazione artificiale andrebbe praticata attraverso strumenti medicali come il pallone ambu e, per motivi di igiene e profilassi, è sconsigliabile praticare la respirazione 	bocca a bocca	.
Context.php?Start=962153&End=962155	bocca a bocca	Respirazione 	bocca a bocca	.
Context.php?Start=962330&End=962332	bocca a bocca	Se l'infortunato presenta delle fratture alla mandibola o alla mascella, si può procedere come nelcaso della respirazione 	bocca a bocca	 con la differenza che la bocca viene tenuta chiusa per evitare che fuoriesca l'aria insufflata, e le insufflazioni vanno fatte attraverso il naso.
Context.php?Start=962361&End=962363	bocca a bocca	Respirazione 	bocca a bocca	 naso.
Context.php?Start=962429&End=962431	bocca a bocca	Se non è possibile la respirazione 	bocca a bocca	 si può tentare una respirazione manuale la cui efficacia è molto inferiore.
Context.php?Start=962577&End=962579	bocca a bocca	Se non è possibile la respirazione 	bocca a bocca	 si può tentare questa respirazione manuale la cui efficacia è molto inferiore.
Context.php?Start=964371&End=964373	bocca a bocca	Questa posizione è indispensabile primadi praticare la respirazione 	bocca a bocca	, altrimenti l'aria insufflata rischia di non raggiungere i polmoni.
Context.php?Start=965387&End=965389	bocca a bocca	Il pallone"ambu"Cos'è È uno strumento che serve per effettuare la respirazione artificiale evitando il contatto 	bocca a bocca	.
Context.php?Start=965445&End=965447	bocca a bocca	In questo modo il soccorritore può ventilare l'infortunato evitando il contatto 	bocca a bocca	.
Context.php?Start=965479&End=965481	bocca a bocca	Inoltre, l'aria insufflata presa dall'ambiente, o collegata a un erogatore di ossigeno contiene delle percentuali di ossigeno superiori a quelle insufflate con il metodo 	bocca a bocca	.
Context.php?Start=967813&End=967815	bocca a bocca	Procedete con la respirazione 	bocca a bocca	 per ossigenare la donna.
Context.php?Start=3833226&End=3833228	bocca a bocca	Neppure le mura del carcere possono trattenere le parole del Marchese: la bella lavandaia Madeleine (Kate Winslet) le fa uscire con la biancheria, le ricopia dalle lenzuola del recluso, le trascrive raccogliendo il 	bocca a bocca	 che, dalla cella dello scrittore, attraversa quelle dei ricoverati di Charenton.
Context.php?Start=11988721&End=11988723	bocca a bocca	Metodo"	bocca a bocca	"Se il bimbo è piccolo, ma ha il naso tappato da un raffreddore oppure se è già così grande che le dimensioni del suo viso impediscono di coprire perfettamente sia il naso che la bocca: tappargli il naso con il pollice e l'indice della mano che è appoggiata sulla fronte, che continuerà a tenergli la testa all'indietro; circondare completamente con le proprie labbra soltanto la bocca del bimbo; proseguire con le insufflazioni come descritto sopra.
Context.php?Start=11989205&End=11989207	bocca a bocca	Per i primi cinque minuti il massaggio non va interrotto (amenoche non si sia obbligati ad eseguire contemporaneamente la respirazione 	bocca a bocca	.
Context.php?Start=20400909&End=20400911	bocca a bocca	Non hai preso lezioni di pronto soccorso, non sai come si fa un massaggio cardiaco, non ti piace la respirazione 	bocca a bocca	, trovi inutile quindi fermarti a guardare.
Context.php?Start=21385622&End=21385624	bocca a bocca	Pioveva sugli astanti infagottati, campanelli suonavano elemosine, sigarette e parole bagnate sotto un tetto di Smeraldo, dentro poltrone rosse di solitudine aspettavano in file ordinate che la musica facesse la respirazione 	bocca a bocca	 alla sala.
Context.php?Start=25537374&End=25537376	bocca a bocca	Nessuno parla dell'impiegato di banca che non è corrotto e che magari un giorno ha salvato la vita a un collega facendogli la respirazione 	bocca a bocca	.
Context.php?Start=25537425&End=25537427	bocca a bocca	E il protagonista ha imparato a fare la respirazione 	bocca a bocca	 leggendo le riviste gettate nella spazzatura.
Context.php?Start=28041727&End=28041729	bocca a bocca	I film egiziani dell'epoca mostravano senza pudori la nudità delle danzatrici del ventre, di attrici avvenenti, ed effusioni disinibite con il finale del bacio 	bocca a bocca	 tra i protagonisti perdutamente innamorati.
Context.php?Start=28763726&End=28763728	bocca a bocca	In questo libro, che è il seguito naturale di Regime, raccontiamo che cosa è accaduto nell'ultimo decennio: da quando quel cadavere politico fu rianimato dai suoi sedicenti oppositori con respirazioni 	bocca a bocca	, promosso padre costituente, beneficiato prima con provvidenziali"distrazioni"che gli consentirono di quotare in Borsa i suoi debiti, poi con leggi su misura (vedi alla voce Maccanico) e leggi insabbiate (vedi alla voce conflitto d'interessi) che salvarono il suo monopolio dichiarato incostituzionale dalla Consulta findal'94.
Context.php?Start=30249930&End=30249932	bocca a bocca	Per non far cadere il sugo prendendolo con le dita, glielo passò da 	bocca a bocca	.
Context.php?Start=30530361&End=30530363	bocca a bocca	Kayla ti ha praticato la respirazione 	bocca a bocca	.
Context.php?Start=30713809&End=30713811	bocca a bocca	È stato qualche anno fa e ricordo ogni minimo dettaglio: lui disteso per terra, attraverso la portiera schiacciata stava facendo la respirazione 	bocca a bocca	 a una donna che aveva perso conoscenza.
Context.php?Start=30731955&End=30731957	bocca a bocca	In fondo alla strada, in un punto in cui il lampione non arrivava, c'era una coppia abbracciata, immobile come una statua, le labbra appiccicate in un contatto di pietra cui il buio dava parvenza di respirazione 	bocca a bocca	.
Context.php?Start=32251717&End=32251719	bocca a bocca	Quelle di Gesù non sono le prime della Bibbia: il primato spetta infatti ad Elia, che resuscitò un bambino sdraiandosi sopraal cadavere tre volte, seguito da Eliseo, che usò qualcosa di simile alla respirazione 	bocca a bocca	.
Context.php?Start=32257670&End=32257672	bocca a bocca	Insomma, l'anima non è altro che un'ipostatizzazione del respiro: non a caso, per infondere divinamente la vita Jahvé soffia semplicemente il suo alito nelle narici di Adamo, in una specie di animazione (appunto) 	bocca a bocca	.
Context.php?Start=38015205&End=38015207	bocca a bocca	Sperava che saltasse fuori un veleno o una tossina, ma gli interessava anche sapere se Clive era positivo all'HIV, datoche gli aveva praticato la respirazione a 	bocca a bocca	 ed era entrato in contatto col suo sangue.
Context.php?Start=38156588&End=38156590	bocca a bocca	» Cominciò a praticare la respirazione 	bocca a bocca	 a Phillip mentre scendeva le scale.
Context.php?Start=39307924&End=39307926	bocca a bocca	E Sage e Meredith continuavano a farti la respirazione 	bocca a bocca	.
Context.php?Start=43495932&End=43495934	bocca a bocca	Tentai di rianimarlo, a bordo c'era un medico che provò la respirazione 	bocca a bocca	, ma non c'era più nulla da fare.
Context.php?Start=46619597&End=46619599	bocca a bocca	Sembrava che ci fosse poco da fare per la piccola Jihan: «Il camionista ha portato dell'acqua per lavarla dal sangue, e io ho provato a farle la respirazione 	bocca a bocca	.
Context.php?Start=48062074&End=48062076	bocca a bocca	Se invece vedi una persona attaccata alla bocca di un'altra, esistono effettivamente più possibilità: che stiano facendo respirazione 	bocca a bocca	, che, vista la miseria, abbiano un solo apparecchio per raddrizzare i denti e lo usino in contemporanea, o che si bacino.
Context.php?Start=48071721&End=48071723	bocca a bocca	Peccato che lui fosse semistecchito e che, quindi, gli abbiano dovuto praticare prima il massaggio cardiaco e poi la respirazione 	bocca a bocca	.
Context.php?Start=48705753&End=48705755	bocca a bocca	La madre era sparita dietro le spalle larghe dello sconosciuto, i due stavano attaccati 	bocca a bocca	 e si stringevano forte.
Context.php?Start=49125668&End=49125670	bocca a bocca	Ripasso mentalmente le mosse della respirazione 	bocca a bocca	 e incomincio.
Context.php?Start=49125913&End=49125915	bocca a bocca	I soccorsi potrebbero arrivare troppo tardi.Ã» Leonardo si china su Lucrezia e inizia a farle anche lui la respirazione 	bocca a bocca	.
Context.php?Start=49876848&End=49876850	bocca a bocca	Se non avesse ripreso a respirare, doveva procedere con la respirazione 	bocca a bocca	.
Context.php?Start=59647095&End=59647097	bocca a bocca	Così la"guerriglia Â non è stata organizzata da gruppi d'élite, da attivisti di qualche sorta, da una"punta di diamante Â, ma si è sviluppata spontaneamente, come una sorta di tam tam, di trasmissione 	bocca a bocca	 da cittadino a cittadino.
Context.php?Start=64803901&End=64803903	bocca a bocca	D'altra parte, quando lenta, ostinata e inesorabile, un'ora prima sfiorava i palazzi, le cupole e i campanili più agili e ariosi del mondo, noi, che da un'altana osservavamo il suo 	bocca a bocca	 con Palazzo Ducale, San Giorgio Maggiore, la chiesa della Salute, avevamo la netta impressione che la nave fosse Venezia, e che la città senza radici e senza identità fosse invece questa Msc Preziosa, con il suo esotismo omologato, il dominio di un ordine finto aldilàdi ogni misura e di ogni codice, il triangolo delle Bermude delle identità perdute delle città del mondo ormai alla deriva, il luccicante spazio - spazzatura inventato dall'architetto Koolhaas che proprio quest'anno dirigerà la Biennale: 140mila tonnellate di junkspace, 68 metri d'altezza, 4.345 passeggeri, 1.751 cabine, 97 suite con maggiordomo personale in tight e guanti bianchi, il teatro Platinum con 1.600 posti, 4 piscine, 12 jacuzzi, 9 ristoranti (uno Eataly) e 26 ascensori per portare Astolfo sulla Luna.
Context.php?Start=66188972&End=66188974	bocca a bocca	Bruciavano i fuochi: e, inoltrandosi la notte, dilatando sopra i tetti e lungo gli asfalti il dorso, sembrava mirassero a congiungere 	bocca a bocca	 avviluppando in un abbraccio evidentemente mortale tutta la città.
Context.php?Start=72117818&End=72117820	bocca a bocca	""Ah... e quando vi ho trovati abbracciati, 	bocca a bocca	, cosa stavate facendo, l'aereosolterapia reciproca?
Context.php?Start=72307736&End=72307738	bocca a bocca	Mia nonna mi aveva praticato una tempestiva respirazione 	bocca a bocca	, sperando di essere arrivata in tempo, primadi lesioni irreparabili al cervello.
Context.php?Start=72509590&End=72509592	bocca a bocca	Dopo quel 	bocca a bocca	 estenuante per rianimare Tom, uno che prende vita per conto suo.
Context.php?Start=73956719&End=73956721	bocca a bocca	A difendere gli amanti aveva fatto scendere una coltrina di avara trasparenza, e quei corpi ormai scoperti erano libri di solare negromanzia, i cui accenti sacri si rivelavano a due soli eletti, che si sillabavano a vicenda 	bocca a bocca	.
Context.php?Start=77496291&End=77496293	bocca a bocca	Quando Immacolata vide che non respirava gli gettò sul viso acqua fredda, ma il rimedio non ebbe alcun effetto, allora si ricordò di un programma televisivo e si mise a fargli la respirazione 	bocca a bocca	 e a colpirgli il petto con i pugni.
Context.php?Start=79623908&End=79623910	bocca a bocca	Tu boccheggiavi e tossivi; poi ti facevano la respirazione 	bocca a bocca	 ed eri fuori pericolo.
Context.php?Start=79702059&End=79702061	bocca a bocca	Juanita si precipitò a praticarle la respirazione a 	bocca a bocca	, ma l'altra, quando si riprese, per poco non la denunciò per atti osceni.
Context.php?Start=84190144&End=84190146	bocca a bocca	L'altro agente praticò a Sullivan la respirazione artificiale 	bocca a bocca	.
Context.php?Start=84478177&End=84478179	bocca a bocca	Tutti dovrebbero essere capaci di fare un letto, di cucinare un semplice pasto, di cucire un bottone, di bendare una ferita, di scacciare un cane, di aggiustare un rubinetto, di aprire una vongola, di fare la respirazione 	bocca a bocca	: non c'è fine alle cose che dovremmo imparare a fare.
Context.php?Start=84715876&End=84715878	bocca a bocca	Karin levò la mano: Ma nella Bibbia c'è scritto che Dio ha soffiato la vita dentro il primo uomo... La respirazione 	bocca a bocca	!
Context.php?Start=85075353&End=85075355	bocca a bocca	Mentre una fazione sosteneva che fosse meglio metterlo seduto, bagnargli la fronte e parlargli, un altro gruppo asseriva, sempre a squarciagola, che fosse meglio lasciarlo così com era, in attesa del capufficio, vale a dire tutto raggomitolato e col sangue che gli usciva dal naso; invece un terzo partito, con a capo Clara, optava energicamente per riattivargli la circo ] azione sanguigna mettendolo a testa in giù, massaggiandogli i polsi, picchiet tandogli le guance e facendogli addirittura la respirazione 	bocca a bocca	.
Context.php?Start=88956623&End=88956625	bocca a bocca	Tutto si vela, tutto si ammanta, tutto trapassa così in un mondo parallelo dove anche il dolore può stemperarsi nel calore delle leggende, nella familiarità dei lunghi racconti 	bocca a bocca	.
Context.php?Start=95719097&End=95719099	bocca a bocca	Acausadi queste fasi di rigetto acuto, e non sapendo come affrontarle, Barnard e la equipe decisero di effettuare il trapianto eterotopico, una tecnica che consiste nel lasciare in sito il cuore originale, la sua parete posteriore degli atrii viene anastomizzata (ricongiungimento 	bocca a bocca	, in questo di vene e arterie), agli atrii del secondo cuore inmododa consentire una assistenza o una vera e propria sostituzione funzionale al cuore malato.
Context.php?Start=96812548&End=96812550	bocca a bocca	Il significato erotico del bacio deriverebbe dall'alimentazione 	bocca a bocca	 dell'infante.
Context.php?Start=97402260&End=97402262	bocca a bocca	Il piano, così organizzato, dovrebbe rimanere segreto, ma ben presto tutta la popolazione, con un passaggio di 	bocca a bocca	, viene a sapere del disegno messo in atto dal Governatore.
Context.php?Start=100520589&End=100520591	bocca a bocca	Come si diffondono, ingigantendosi nel passare da 	bocca a bocca	 o da scritto a scritto?
Context.php?Start=119082871&End=119082873	bocca a bocca	Intanto io gli facevo la respirazione 	bocca a bocca	 e il massaggio cardiaco, gli cambiavo il pigiama sporco, lo tenevo su per la testa.
Context.php?Start=123383878&End=123383880	bocca a bocca	Per oltre 15 minuti ha tenuto in vita un amico intrappolato sott'acqua soffiandogli aria nei polmoni con ripetute immersioni e altrettante "respirazioni 	bocca a bocca	".
Context.php?Start=125958999&End=125959001	bocca a bocca	In attesa dell'arrivo dell'ambulanza gli hanno praticato il massaggio cardiaco e la respirazione 	bocca a bocca	 ma tutto è stato inutiule.
Context.php?Start=130794304&End=130794306	bocca a bocca	Incurante dei rischi di contagio che si possono correre in casi del genere, il capopattuglia, Marco Colmo, ha praticato al tossicodipendente la respirazione 	bocca a bocca	; l'autista, Mauro Cucciniello, gli ha, quindi, fatto il massaggio cardiaco.
Context.php?Start=134880336&End=134880338	bocca a bocca	Si è trascinato per qualche metro finoall'uscita della fabbrica, poi è crollato sul marciapiede sotto gli occhi del giovane complice, che ha tentato inutilmente di animarlo con la respirazione 	bocca a bocca	.
Context.php?Start=143872203&End=143872205	bocca a bocca	Di più, provano a rianimare i due amici: massaggio cardiaco, respirazione 	bocca a bocca	.
Context.php?Start=144933713&End=144933715	bocca a bocca	Se il bambino non respira: intervenire con la respirazione "	bocca a bocca	", insufflando aria tenendo chiuse le narici con le dita.
Context.php?Start=144934667&End=144934669	bocca a bocca	Se, invece, la vittima dovesse presentarsi priva di sensi e avere difficoltà respiratorie, iniziate immediatamente la respirazione artificiale 	bocca a bocca	.
Context.php?Start=145963898&End=145963900	bocca a bocca	Insegnare al maggior numero di persone (ad esempio studenti delle scuole medie superiori) le tecniche del massaggio cardiaco e della respirazione 	bocca a bocca	.
Context.php?Start=146444403&End=146444405	bocca a bocca	Le manovre salvavita A Se è incosciente liberare le vie aeree B Verificare se il bambino respira C Respirazione bocca - naso per i neonati D Massaggio cardiaco per il lattante E Respirazione 	bocca a bocca	 A Nel bambino incosciente la lingua tende a scivolare indietro e a ostruire il passaggio dell'aria.
Context.php?Start=146444483&End=146444485	bocca a bocca	C Se non respira, intervenire per la respirazione 	bocca a bocca	.
Context.php?Start=146444586&End=146444588	bocca a bocca	E Nel bambino da 1 a 8 anni si fa la respirazione 	bocca a bocca	, tenendo chiuse le narici con le dita.
Context.php?Start=154197698&End=154197700	bocca a bocca	La rinuncia alla propria individualità è celebrata in Breathing In POTH Breathing Out (sempre del 1977) dove, 	bocca a bocca	 e con le narici chiuse da filtri di sigaretta, l'una respira nella bocca dell'altro, in una rappresentazione tragica di cosa succede quando si dipende completamente da un'altra persona.
Context.php?Start=7785267&End=7785269	bordo a bordo	Prima si tracciano delle linee in una direzione, da 	bordo a bordo	.
Context.php?Start=162411491&End=162411493	bordo A bordo	  La situazione a 	bordo A bordo	 della nave, dove i migranti (rimasti adesso in 134) hanno passato la loro quindicesima notte, la situazione è ormai diventata insostenibile sia dal punto di vista igienico sanitario (come ha certificato l'ispezione del Cisom) ma anche dal punto di vista psicologico.
Context.php?Start=74451891&End=74451893	borsa a borsa	I biglietti di carta spessa, antica, resa da un indefinibile numero di passaggi da mano a mano, da 	borsa a borsa	, così morbida e frusciante da sembrare stoffa, mandano un odore forte, come di pelle conciata.
Context.php?Start=157426408&End=157426410	braccio a braccio	Sembrerà assurdo ma il movimento anti - vaccinista è nato ancor primadella vaccinazione, durante la variolazione, ovvero il passaggio del vaiolo da pustola a pustola, da 	braccio a braccio	, che, tuttavia, presentava un tasso di mortalità piuttosto alto (intornoal 6-7%), che ha creato il rifiuto di questo tipo di terapia.
Context.php?Start=157865496&End=157865498	braccio a braccio	Primo edificio per la musica progettato dallo studio di Michel Rojkind, è il frutto di un processo progettuale sviluppato 	braccio a braccio	 con la direzione dell'Orchestra: le scelte riguardanti il tipo di sala, il numero di sedute e le destinazioni funzionali degli ambienti sono dunque condivise e volute dai successivi inquilini dello spazio.
Context.php?Start=68299796&End=68299798	brano a brano	Cominciò il corpo a corpo tra la folla e la milizia e più nessuno ebbe pietà: il leone affamato non strappa così a 	brano a brano	 l'antilope che ha ucciso e che sta mangiando.
Context.php?Start=68661569&End=68661571	brano a brano	"E siccome era stato portato lì davanti con tutti i suoi paramenti sacerdotali, iniziò un rito in cui 	brano a brano	 i paramenti gli venivano levati sinoa che rimase in quella vesticciola che a Firenze chiamano cioppa.
Context.php?Start=68837969&End=68837971	brano a brano	E mentre viene divorato 	brano a brano	 non saprà più chi abbia ragione, e quasi spera che il rito sia buono, per giustificare almeno la propria morte.
Context.php?Start=68950501&End=68950503	brano a brano	Lo avevano strappato a 	brano a brano	 a coloro che conoscevano i poteri di concentrazione cosmica della Pietra Nera della Mecca, retaggio dei magi babilonesi - perché era chiaro a questo punto che la Torre di Babele altro non era stata che il tentativo, ahimè troppo affrettato e giustamente fallito per la superbia dei suoi progettisti, di costruire il menhir più potente di tutti, salvoche gli architetti babilonesi avevano fatto male i conti perché, come aveva dimostrato padre Kircher, se la torre avesse raggiunto il suo culmine, per il peso eccessivo avrebbe fatto ruotare di novanta gradi e forse più l'asse terrestre, e il nostro povero globo si sarebbe trovato, anziché con una corona itifallica che puntava erettile verso l'alto, con un'appendice sterile, una mentula afflosciata, una coda scimmiesca, che sballonzolava verso il basso, una Shekinah perduta negli abissi vertiginosi di un Malkut antartico, flaccido geroglifico per pinguini.
Context.php?Start=70369908&End=70369910	brano a brano	Preso da passionali amnesie, lui che a tratti (e per pagine splendide) sa navigare per gli spazi siderali o aliare su interminate praterie, sempre più spesso si fa carne, vive in una donna rugosa e cadente, in un cartografo gobbo, in un ebreo fuggiasco, viene sacrificato 	brano a brano	 come disperata lucertola, spinge Mosè a inventare la storia e la missione del popolo eletto, si congiunge con una fanciulla ebrea e diventa, accorgendosene in ritardo, padre di Cristo, cercando di credere in lui, affrontandolo deluso, affascinato, impotente di fronte al suo dolore e alla sua gloria, parla con Agostino, sobilla Freud, complotta con Einstein... Ma è sempre più insicuro, voglioso che l'uomo compia il destino di entrambi, la perfezione del mondo umano e l'autocoscienza di lui, povero Dio, che attende sempreche qualcuno scriva le sue memorie, terrorizzato dalla grandezza e perfezione che i filosofi gli attribuiscono, ansioso di ripartire, e sempre risospinto a vivere sulla sua pelle di creatore carnale e continuamente incarnato gli orgasmi e il sangue, la gioia ed il dolore di quel mondo che non ha potuto non creare.
Context.php?Start=73971459&End=73971461	brano a brano	In questo fango si genererà poi una quantità di piccole mosche e di altri animaletti che si raggomitoleranno nel mio sangue e mi divoreranno a 	brano a brano	.
Context.php?Start=74165055&End=74165057	brano a brano	Ma non primadi aver beccato Nauplio finoa levargli la pelle, a scuoiarlo, 	brano a brano	.
Context.php?Start=86484922&End=86484924	brano a brano	È sensibile ai tentativi dei poeti di rischiarare 	brano a brano	 l'ancora vasta oscurità delle cose non dette.
Context.php?Start=86501826&End=86501828	brano a brano	Talora le passava per la testa una fuggevole meraviglia: che si possa esser trascinati così mentre si muore a 	brano a brano	, inmezzoa tutti gli altri, e nessuno se ne accorge... Ma non si lamentava.
Context.php?Start=30702729&End=30702731	buio a buio	Due mesi dopo, la sera della festa di classe, dopo gli auguri e le scenette e il rinfresco e il discorso della preside, all'una di notte siamo usciti e il cane è ricomparso, scheletrico, tutto storto, arrancava sulle zampe davanti trascinando l'altra metà paralizzata del corpo: ha attraversato la luce del lampione davanti alla laida siepe di tamerice davantial cancello della scuola, strisciando da 	buio a buio	.
Context.php?Start=144263955&End=144263957	bunker a bunker	Ma anche Saddam Hussein durante la Guerra del golfo si mosse da 	bunker a bunker	 e nonostante gli sforzi americani molti di questi ultimi non sono mai stati messi in luce.
Context.php?Start=51852148&End=51852150	burro a burro	Da 	burro a burro	: bonifica batterica o rigenerazione?
Context.php?Start=39119077&End=39119079	camino a camino	L'Atrium era pieno di persone che si spostavano da 	camino a camino	, sigillandoli.
Context.php?Start=770128&End=770130	campo a campo	Per muovere il punto di inserzione da 	campo a campo	, premere il tasto [ tab ] o selezionare con il mouse la casella desiderata.
Context.php?Start=32261100&End=32261102	campo a campo	E così, goccia a goccia, o meglio, 	campo a campo	 e casa a casa, in duemila anni la Chiesa ha potuto accumulare un patrimonio immenso, che nel passato era amministrato dal cosiddetto Obolo di San Pietro, e oggi lo è invece dal Pio Istituto per le Opere di Religione (IOR).
Context.php?Start=142896470&End=142896472	campo a campo	A Durazzo la voce si insegue da 	campo a campo	, da casa a casa.
Context.php?Start=2073858&End=2073860	canino a canino	Non sarei troppo esigente con l'editore, basterebbe un piccolo anticipo di dodici milioni (tale è la cifra che il mio dentista esige per il nuovo ponte superiore da 	canino a canino	, altrimenti, aggiungendoci qualche dente, diciotto milioni e non se ne parla più), una bella copertina blu con il mio nome scritto in bianco ed eventualmente anche il titolo del libro, e... voilà, ecco un uomo felice!
Context.php?Start=149693451&End=149693453	cantautore a cantautore	Da 	cantautore a cantautore	.
Context.php?Start=13616864&End=13616866	cantica a cantica	Ma da 	cantica a cantica	 il timbro espressivo deve cambiare, senza inutili stacchi, ma alla ricerca di una omogeneità linguistica che caratterizzi, ora, il Purgatorio rispetto all'Inferno.
Context.php?Start=76082453&End=76082455	canto a canto	Sempre parnassianamente innamorato della sua capricciosa bella (seconda moglie, di quasi vent'anni più giovane), Cornelio Bandeira si prendeva la libertà di ripetere, a secco (non toccava alcool), senza alcun rimorso di coscienza, amenità del tipo: Sognavo, forse, quando l'incontrai E la prima notte a Buenos Aires, in quella seconda luna di miele (come insisteva a considerare il viaggio), indicò una manciata di stelle, in alto nel cielo, e giù un'altra dose di Bilac: Eccole, n è colmo il ciel da 	canto a canto	 Stufa, stufa.
Context.php?Start=63191791&End=63191793	capitale a capitale	Luce al neon, 10 x 75 cm Courtesy Galleria Tiziana Di Caro, Napoli e Nomas Foundation, Roma Dal Bois de Boulogne al colle Palatino, dal museo Vuitton al palazzo di Settimio Severo, da 	capitale a capitale	 il segno di Buren presto unirà Parigi e Roma.
Context.php?Start=112638415&End=112638417	capitolo a capitolo	All'interno del bilancio amministrativo, la Commissione può procedere, nei limiti e alle condizioni fissate dal regolamento stabilito in esecuzione dell'articolo 78 nono, a trasferimenti di crediti, sia da 	capitolo a capitolo	, sia da suddivisione a suddivisione.
Context.php?Start=112687341&End=112687343	capitolo a capitolo	All'interno di ogni bilancio, la Commissione può procedere, nei limiti e alle condizioni fissate dal regolamento stabilito in esecuzione dell'articolo 183, a trasferimenti di crediti, sia da 	capitolo a capitolo	, sia da suddivisione a suddivisione.
Context.php?Start=112764560&End=112764562	capitolo a capitolo	All'interno del bilancio, la Commissione può procedere, nei limiti e alle condizioni fissate dal regolamento stabilito in esecuzione dell'articolo 209, a trasferimenti di crediti, sia da 	capitolo a capitolo	, sia da suddivisione a suddivisione.
Context.php?Start=54507884&End=54507886	capoluogo a capoluogo	"La spesa delle famiglie delle imprese per l'acqua varia notevolmente in Italia, da 	capoluogo a capoluogo	 - spiega Samir Traini, l'economista che ha lavorato alla costruzione del portale - Questa variabilità è più contenuta fra i comuni della provincia di Genova che, perquanto riguarda le spese delle famiglie, ricadono tutti, tranne Busalla, nella fascia tariffaria più elevata".
Context.php?Start=120827019&End=120827021	capoluogo a capoluogo	Dopo l'avvio del maxi - piano di investimenti (6.500 miliardi) e del processo di trasformazione dell'Ente in Spa (la Camera si è espressa proprio due giorni fa contro un rinvio dei termini), le Poste affermano di voler vincere la sfida sui tempi di recapito: oggi, su un totale di 7 miliardi di"pezzi"inoltrati, il 61 per cento della posta ordinaria arriva entro 24 ore da 	capoluogo a capoluogo	; mentre il 64 per cento giunge a destinazione entro 48 ore su tutto il territorio nazionale.
Context.php?Start=44755281&End=44755283	carineria a carineria	Sommando così 	carineria a carineria	.
Context.php?Start=85474687&End=85474689	carte a carte	Aveva opposto 	carte a carte	, legge a legge.
Context.php?Start=8990199&End=8990201	casa a casa	Anche Telecom è della partita, d'accordo con i sindacati: "Servizio 12", da 	casa a casa	.
Context.php?Start=21331172&End=21331174	casa a casa	Vedevo il pesce inciso sul portale della casa della nonna e sentivo anche l'odore del sugo che bolle per ore, quello con il pezzo di carne dentro, e che così buono lo sa fare solo lei, vedevo il luccichio dei tappini d'oro nel baule della macchina e sentivo il rumore del motore in autostrada, vedevo i girasoli dal finestrino, vedevo i vigneti toscani del Chianti che si incontrano lungo il tragitto e sentivo mio padre che diceva"- Certo è buono, è buono, ma vuoi mettere il Taurasi...", vedevo le macchine vecchie, le cinquecento parcheggiate davanti casa con le targhe con ancora la sigla della provincia, sentivo quell'odore doloroso e disperato di miseria e vedevo i panni stesi da 	casa a casa	 come solo nei paesini al sud si può fare, vedevo le sedie messe fuoridalla porta a improvvisare salotti sulla strada, vedevo le case con le terrazze e le cisterne per l'acqua calda, vedevo i balconi tristi delle case popolari con lo stendipanni arrugginito, il boiler a parete e la gabbia di un canarino spennacchiato, vedevo la torre dell'orologio del castello del paese di mio padre e il ponte romanico sul fiume che tutte le volte mi faceva osservare e sentivo le comari del paese che mi dicevano sempre:"- comme ti ssi fatto grande..."All'improvviso capii perché Cenzino non metteva l'etichetta sulle bottiglie e perché mio padre si faceva milleduecento chilometri per andare a prendersele.
Context.php?Start=32261104&End=32261106	casa a casa	E così, goccia a goccia, o meglio, campo a campo e 	casa a casa	, in duemila anni la Chiesa ha potuto accumulare un patrimonio immenso, che nel passato era amministrato dal cosiddetto Obolo di San Pietro, e oggi lo è invece dal Pio Istituto per le Opere di Religione (IOR).
Context.php?Start=34906394&End=34906396	casa a casa	come vi toccano il condannato saltate fuori come i funghi bossi condannato a casa a 	casa a casa	... @ Beppe Grillo e Blog.
Context.php?Start=34906396&End=34906398	casa a casa	come vi toccano il condannato saltate fuori come i funghi bossi condannato a casa a 	casa a casa	... @ Beppe Grillo e Blog.
Context.php?Start=43388447&End=43388449	casa a casa	* Viaggio nella musica * Per la terza stagione consecutiva, domani sera al Ragoo torna il «Bastian Contrari Festival», la rassegna artistica quest'anno dedicata al tema del viaggio, interpretato attraverso poesia, fotografia, prosa e soprattutto la musica: sul palco il giovane cantautore milanese Niccolò Agliardi presenta dal vivo il suo nuovo album «Da 	casa a casa	».
Context.php?Start=63334402&End=63334404	casa a casa	Il legame tra i due è così stretto che Nardella è di 	casa a casa	 Nastasi - Minoli - Bernabei e non di rado ha accettato la loro leggendaria ospitalità.
Context.php?Start=131355103&End=131355105	casa a casa	Katiuscia Parente (Ivrea) - NOTTURNO Nel tragitto che percorro ogni settimana, da 	casa a casa	, osservo il paesaggio mutare attraverso il finestrino del pullman, vedo il suo degradare da montagne a colline, alla pianura con le sue campagne e, infine, alla città.
Context.php?Start=142896475&End=142896477	casa a casa	A Durazzo la voce si insegue da campo a campo, da 	casa a casa	.
Context.php?Start=147190233&End=147190235	casa a casa	Quante bellezze in bicicletta Da 	casa a casa	, per tutti i polpacci.
Context.php?Start=151617663&End=151617665	casa a casa	Quelle ricette sempre uguali a se stesse, eppure diverse da 	casa a casa	.
Context.php?Start=130763131&End=130763133	casella a casella	Per questo motivo oggi sono necessari anche i portalettere: quando passeremo alla posta elettronica "pura", cioè che viaggia da 	casella a casella	 (la casella è un apparecchio tipo Internet) allora si vedrà".
Context.php?Start=18069840&End=18069842	casello a casello	È bene ricordare, quando si parla di codice della strada, che la questione non è di costume, anche se il costume italiano, almeno dal "Sorpasso"in avanti, è sapidamente influenzato dalla nostra condotta al volante, che alimenta infinite barzellette e conversazioni quasi inesauribili, da 	casello a casello	.
Context.php?Start=34315885&End=34315887	casello a casello	Il viaggio da 	casello a casello	 con una utilitaria a gasolio, dalla Capitale alla Madonnina (nelle tabelle in questa pagina ci sono altri esempi, il Roma - Napoli e il Milano - Torino), costa più del doppio dei 22 euro necessari in un mondo senza accise e Iva.
Context.php?Start=43443530&End=43443532	casello a casello	Da 	casello a casello	 in quarantacinque minuti».
Context.php?Start=66904851&End=66904853	casello a casello	Masotti padre, per l'incazzatura, prese su e andò da Bologna a Taranto in tre ore da 	casello a casello	, tanto che il camion si surriscaldò e arrivò a destinazione un gigantesco carico di fritto il cui odore appetitoso fu sentito in tutta la città dei due mari.
Context.php?Start=66910491&End=66910493	casello a casello	I giornali francesi uscirono in edizione straordinaria e Pozzi fu chiamato «L'aquila delle pianure», «Il falco da 	casello a casello	», «L'angelo delle autostrade» e «L'esperta pantera».
Context.php?Start=119386129&End=119386131	casello a casello	12 12 1997 Bandera Sperangelo - MODE FOLLI Ritirata la patente all'unico "pilota" che la polizia è riuscita a bloccare Sfida tra Ferrari, a 230 in autostrada Cremona - Pontevico e ritorno: il circuito brivido dei giovani bene Intensificati i controlli lungo la A21 Le corse si svolgono in pieno giorno Sorpassi mozzafiato anche sulle rampe CREMONA - Il brivido corre sulla A - 21, da 	casello a casello	.
Context.php?Start=139700676&End=139700678	casello a casello	"Si va da 	casello a casello	, e quello che sta in mezzo sfugge" dice con un sorriso Orazio Corti nella sua locanda di Tavarnuzze, ricavata da un'antica casa di scalpellini.
Context.php?Start=69295556&End=69295558	caserma a caserma	1 spostamento di forze da 	caserma a caserma	?
Context.php?Start=69296064&End=69296066	caserma a caserma	Che invece d'una esercitazione notturna o d'uno spostamento di forze da 	caserma a caserma	 si trattasse d'una manovra connessa al problema della Torre?
Context.php?Start=1368053&End=1368055	caso a caso	Dipende molto da 	caso a caso	, perché il lavoro sta cambiando e le categorie restano quelle tradizionali.
Context.php?Start=10173416&End=10173418	caso a caso	Il terzo stadio consiste in una nuova riduzione del numero dei dipendenti, contestuale a una profonda riorganizzazione, diversa da 	caso a caso	 ma sempre all'insegna del decentramento.
Context.php?Start=11723605&End=11723607	caso a caso	Naturalmente, da 	caso a caso	, determinati elementi avranno un peso maggiore (ad esempio il titolo per un manifesto).
Context.php?Start=11794872&End=11794874	caso a caso	I risultati sono estremamente variabili da 	caso a caso	.
Context.php?Start=11817053&End=11817055	caso a caso	Per quanto riguarda i lavoratori autonomi, l'accesso alle singole professioni è regolato da requisiti diversi da 	caso a caso	 (titoli di studio, esami o concorsi di stato, iscrizioni ad Albi o Ordini professionali ecc.) L'assistenza sanitaria.
Context.php?Start=11817878&End=11817880	caso a caso	Nonostante l'omogeneità delle indicazioni di legge, la realtà dei Consultori nelle Regioni risulta diversa da 	caso a caso	.
Context.php?Start=11822390&End=11822392	caso a caso	- Dato che le situazioni possono essere molto diverse da 	caso a caso	, si consiglia di chiedere indicazioni sulla prassi per il disconoscimento al Consultorio ad un avvocato, al Tribunale per i minorenni o al Servizio Sociale del proprio comune.
Context.php?Start=14534576&End=14534578	caso a caso	Esso è rappresentato da una fessura, di larghezza, profondità ed altezza variabili da 	caso a caso	: nella forma semplice, più frequente, può essere interessata solo la mucosa labiale o estendersi al mascellare ed al pavimento della narice.
Context.php?Start=20356067&End=20356069	caso a caso	Occorre recarsi nel commissariato di zona, compilare la richiesta per essere autorizzati a tenere armi in casa, aspettare che la polizia svolga le verifiche che ritiene più opportune e, dopo un tempo molto variabile da 	caso a caso	, ritirare un apposito nulla osta.
Context.php?Start=33561257&End=33561259	caso a caso	Solo così si possono trovare soluzioni che sono diverse da 	caso a caso	 e che non hanno nulla di miracoloso.
Context.php?Start=41697083&End=41697085	caso a caso	In tutte queste ipotesi, infatti, la realità del diritto del concessionario sembra sfumare finoa scomparire, con la conseguenza che"i diritti che derivano da concessioni possono atteggiarsi in vari modi, assumendo differente intensità da 	caso a caso	"[ 21 ].
Context.php?Start=56960629&End=56960631	caso a caso	Naturalmente al prezzo di acquisto bisogna aggiungere il costo dell Â installazione che è anch Â esso molto variabile e dovrà essere stabilito da 	caso a caso	.
Context.php?Start=92801622&End=92801624	caso a caso	Infatti, i virus vengono trasmessi da specifici insetti vettori, secondo modalità di acquisizione inoculazione e ritenzione dell'infettività che variano da 	caso a caso	.
Context.php?Start=99750477&End=99750479	caso a caso	Questo è sempre vero nel Morbo di Parkinson, pur con una certa variabilità da 	caso a caso	, anchese non tutti i sintomi rispondono allo stesso modo.
Context.php?Start=99750731&End=99750733	caso a caso	Per ciò che concerne l'evolutività, questa è progressiva pur con una estrema variabilità da 	caso a caso	, mentre perquanto riguarda il decorso si può asserire con certezza, sullabasedell'osservazione di ampie popolazioni di pazienti, che le forme prevalentemente tremorigene presentano un decorso piú lento e benigno, mentre le forme acinetico - rigide con instabilità posturale e compromissione consistente del cammino progrediscono piú rapidamente.
Context.php?Start=99752482&End=99752484	caso a caso	Gli effetti collaterali degli anticolinergici sono di frequente osservazione e di entità variabile da 	caso a caso	, e consistono essenzialmente in secchezza delle fauci, disturbi visivi da alterazione dell'accomodazione, stipsi e difficoltà al mitto nei maschi soprattutto se prostatici.
Context.php?Start=102349321&End=102349323	caso a caso	Le situazioni previste in queste classificazioni, e le molte altre possibili, presuppongono soluzioni comuni ai problemi di carattere generale, ma presentano anche aspetti differenti da 	caso a caso	.
Context.php?Start=102725790&End=102725792	caso a caso	Il grado di ipofunzione dei linfociti T è variabile, come pure quello delle cellule B; più comunemente è presente un moderato difetto dei linfociti T ed un numero normale di linfociti B, quindi la gravità e la frequenza delle infezioni varia da 	caso a caso	.
Context.php?Start=103085533&End=103085535	caso a caso	In concreto la codifica varia da 	caso a caso	: MP1 ha la forma a a b c c per il ritmo e per gli intervalli, una accelerazione ossia una maggiore complessità ritmica (la sincope) e intervallare nella seconda parte, ha quindi codificati i tratti 1) e 4); CP4 ha una codifica forte per il ritmo - metro e il testo (ripetizioni e lessico), ma debole per gli intervalli; CP5 codifica debolmente i tratti 4) e 5), per la decelerazione ritmica e l'apertura armonica, ma fortemente il tratto 2) per il ritmo, gli intervalli e il testo; MP9 ha forte il tratto 3) nel ritmo e negli intervalli, presente il 4), debole il 5); ecc. Si potrebbero poi rilevare anche qui alcuni fattori che accentuano le funzioni di'entrata - esordio - inizio'individuate in CP2, ad esempio: in MPl il movimento intervallare,'avviato'dal Sol - Dominante al Si - sensibile e quivi'sospeso', e inoltre la sincope che aumenta il senso di climax; in MP2 il disegno lineare d'ottava e l'andamento speculare delle due parti: figure'iconiche'del movimento d'avvio; ecc. Quantoai significati, emergono con insistenza quelli del'gioco', in particolare per la presenza dei (ritornelli)'nonsen - se'o'liolela', delle ripetizioni che si specificano in alternanze di ruoli, binarie o ternarie, dando così al gioco il carattere di azione dialogica o competitiva, sportiva; il tutto sotto l'insegna del popolare.
Context.php?Start=104164836&End=104164838	caso a caso	Il grado di elaborazione che il Ministero dei trasporti e della navigazione ha maturato sui vari temi qui affrontati e i poteri di intervento di cui esso dispone variano da 	caso a caso	.
Context.php?Start=104175979&End=104175981	caso a caso	e) Come si dirà poi, la legge 662 96 e la Delibera del CIPE del 24 aprile 1996 rendono i diritti aeroportuali uno strumento flessibile da 	caso a caso	.
Context.php?Start=104177435&End=104177437	caso a caso	La composizione dei proventi aeroportuali varia considerevolmente da 	caso a caso	, con marcate differenze fra paesi, come evidenziato per il 1997 dalla Tabella 10.
Context.php?Start=104188395&End=104188397	caso a caso	d) Le tre"soglie"di dimensione minima efficiente menzionate sopra sono diverse, variano da 	caso a caso	, ma hanno carattere finito.
Context.php?Start=105491247&End=105491249	caso a caso	La redditività di qualunque forma di stampa su richiesta varia da 	caso a caso	 e dipende da molti fattori come i costi e la mole di lavoro.
Context.php?Start=110399366&End=110399368	caso a caso	Ciò non equivale a pretendere di fissare una volta per tutte un grado minimo di probabilità per attribuire ad un antecedente la sussistenza del rapporto causale con un fatto conseguente: la percentuale di probabilità, variando necessariamente da 	caso a caso	, potrà essere determinata soltanto tenendo conto delle peculiarità dei fenomeni di volta in volta considerati.
Context.php?Start=111852120&End=111852122	caso a caso	Più in generale, la formulazione della decisione avviene attraverso una concatenazione di scelte di varia natura (interpretativi, cognitive) organizzate in una sequenza variabile da 	caso a caso	, ma che ha comunque natura ermeneutica ed euristica.
Context.php?Start=111858320&End=111858322	caso a caso	Più in generale, la formulazione della decisione avviene attraverso una concatenazione di scelte di varia natura (interpretativi, cognitive) organizzate in una sequenza variabile da 	caso a caso	, ma che ha comunque natura ermeneutica ed euristica.
Context.php?Start=117549338&End=117549340	caso a caso	Tuttavia, perché il lutto, le frustrazioni, gli insuccessi, eccetera, possano determinare la depressione, occorre ammettere l'esistenza di una labilità dell'omeostasi timica, ovviamente diversa da 	caso a caso	.
Context.php?Start=124923275&End=124923277	caso a caso	"Io dico che sbagliamo, e sbagliamo parecchio quando reagiamo in modo impulsivo ed emotivo emettendo un giudizio diverso da 	caso a caso	, magari anche inbasea simpatie personali e a ricerche di popolarita".
Context.php?Start=129318394&End=129318396	caso a caso	Di qui tramite il latino politia e l'antico francese policie arriviamo alla policy: linee guida, principi diversissimi da 	caso a caso	, perché ogni esercito (come ogni organizzazione) funziona a modo suo.
Context.php?Start=129391384&End=129391386	caso a caso	Anchese cause specifiche, diverse da 	caso a caso	, stanno alla base delle differenti dinamiche del processo rivalutativo, non c'è dubbio che il fenomeno è dipeso in parte dal fatto che la sottovalutazione era stata semplicemente eccessiva.
Context.php?Start=129901746&End=129901748	caso a caso	Le banche tagliano i tassi di interesse a raffica, ma con tempi e modalità diversi da 	caso a caso	.
Context.php?Start=143104681&End=143104683	caso a caso	Ma, come ripeto, dipende da 	caso a caso	: ogni motore costituisce una storia a sè".
Context.php?Start=146313104&End=146313106	caso a caso	E ci sono molte ragioni che possono spiegare questo fenomeno, che differiscono da 	caso a caso	".
Context.php?Start=146706036&End=146706038	caso a caso	La risposta dipende da 	caso a caso	 e i conti vanno fatti con attenzione perché, anchese si chiude la vertenza pagando il dovuto, si può lo stesso essere chiamati a sborsare parte delle imposte accertate (vedi box).
Context.php?Start=147245759&End=147245761	caso a caso	* Mediamente, l'assistenza diretta ha una tariffa oraria che non può essere inferiore alle 30 mila lire (150 mila lire al giorno), ma le tariffe possono variare da 	caso a caso	, asecondadelle prestazioni richieste dal paziente.
Context.php?Start=148200732&End=148200734	caso a caso	Il numero degli impiastri varia da 	caso a caso	, ma sullo stomaco e sul bacino non devono essere applicati durante i pasti o subito dopo.
Context.php?Start=148303980&End=148303982	caso a caso	E anche le sue conseguenze variano da 	caso a caso	.
Context.php?Start=148617020&End=148617022	caso a caso	Dipende molto da 	caso a caso	, perché il lavoro sta cambiando e le categorie restano quelle tradizionali.
Context.php?Start=149166343&End=149166345	caso a caso	MEDIA ARITMETICA La vincita media varia da 	caso a caso	, perché dipende dai biglietti venduti oltreche dai premi in palio.
Context.php?Start=149562252&End=149562254	caso a caso	Dipende da 	caso a caso	.
Context.php?Start=149711098&End=149711100	caso a caso	Diversi da 	caso a caso	 i gradi di parentela agevolabili.
Context.php?Start=149855939&End=149855941	caso a caso	Diversi da 	caso a caso	 i gradi di parentela agevolabili.
Context.php?Start=160244415&End=160244417	caso a caso	Che cosa succederebbe al sistema infrastrutturale nazionale, alle grandi reti, se alcune parti di esse finissero nelle potestà regionali, e fossero governate con regole diverse da 	caso a caso	?
Context.php?Start=34125674&End=34125676	casta a casta	E se sono gli stessi, come mai non si rendono conto che la cosiddetta "antipolitica", inevitabilmente, riguarda anche loro, riguarda il loro casting di ogni giorno, riguarda il vincolo strettissimo e asfissiante che hanno stabilito, da 	casta a casta	, con i politici e le loro parole, non tutte storiche, non tutte indispensabili, non tutte interessanti?
Context.php?Start=41883824&End=41883826	categoria a categoria	Analogamente può essere trasferito da categoria a categoria e da specialità a specialità il sottufficiale e il volontario in congedo della Marina militare, da ruolo a ruolo e da 	categoria a categoria	 il sottufficiale e il volontario in congedo dell'Aeronautica militare.
Context.php?Start=41883849&End=41883851	categoria a categoria	Analogamente può essere trasferito da categoria a categoria e da specialità a specialità il sottufficiale e il volontario in congedo della Marina militare, da ruolo a ruolo e da 	categoria a categoria	 il sottufficiale e il volontario in congedo dell'Aeronautica militare.
Context.php?Start=160082340&End=160082342	categoria a categoria	Negli ultimi anni il fatturato dei professionisti - spiega Gaetano Stella, presidente di Confprofessioni - è calato da 	categoria a categoria	 dal 20 al 40 per cento.
Context.php?Start=149570208&End=149570210	cavie a cavie	Ora è un romanzo: da 	cavie a cavie	.
Context.php?Start=92065798&End=92065800	cellula a cellula	L'apertura di questi canali contribuisce a controllare l'eccitabilità della cellula e la liberazione di neurotrasmettitori, i quali veicolano i messaggi da 	cellula a cellula	.
Context.php?Start=94377203&End=94377205	cellula a cellula	Esistono infatti in natura, e sono particolarmente presenti nelle cellule nervose, aminoacidi che esercitano o un'azione inibitoria> (= di controllo) o un'azione eccitatoria> (= di facilitazione) sulla generazione e propagazione dell'impulso elettrico da 	cellula a cellula	.
Context.php?Start=94820585&End=94820587	cellula a cellula	Tra tutte le teorie, la più interessante è sembrata essere quella che indica la presenza di un'alterazione acaricodelle sostanze deputate al trasporto dell'impulso nervoso da 	cellula a cellula	, i cosiddetti neurotrasmettitori> (noradrenalina, dopamina, serotonina, e Gaba).
Context.php?Start=102603817&End=102603819	cellule a cellule	Se un antigene viene presentato dalle cellule specializzate nel presentare l'antigene, determina anche l'attivazione linfocitaria e la differenziazione di queste 	cellule a cellule	 effettrici.
Context.php?Start=190107&End=190109	centro a centro	La distanza di questi fra di loro deve essere - da 	centro a centro	 - di mm. 66.
Context.php?Start=10773016&End=10773018	centro a centro	Per il Novecento, il record di vicinanza è già alle nostre spalle e fu stabilito il 4 gennaio 1912, quando tra la Terra e la Luna, da superficie a superficie, intercorsero 348.259 chilometri (e 356.375 da 	centro a centro	 dei due corpi celesti).
Context.php?Start=62423349&End=62423351	centro a centro	Tutto a piramide, da 	centro a centro	: dall'Alto Dirigente di Viale Trastevere adesso anche al Preside.
Context.php?Start=92133082&End=92133084	centro a centro	) La distanza fra le grandi colonne è pari, da 	centro a centro	, a 4,52 metri; nel disegno è di 4,51 metri.
Context.php?Start=98401472&End=98401474	centro a centro	Un satellite molto vicino, tanto che la distanza da 	centro a centro	 era solo di 20 mila chilometri.
Context.php?Start=98410462&End=98410464	centro a centro	dove m1 ed m2 sono le masse dei due corpi in questione, d la loro distanza da 	centro a centro	.
Context.php?Start=136427622&End=136427624	centro a centro	25 02 1997 Obiettivo: offrire al cittadino orari dei servizi più coordinati da 	centro a centro	 Armonizziamo i tempi delle città Lo propone la Provincia a Torino e 23 Comuni L'obiettivo è ambizioso: coordinare tempi ed orari dei servizi sul territorio dei Comuni della prima cintura, ossia armonizzare quello che è offerto al cittadino per impedire squilibri, anche organizzativi, fra un'area e quella contigua.
Context.php?Start=161133680&End=161133682	centro a centro	Inoltre, a causa della mancanza di standard unici, le condizioni "variano da 	centro a centro	" e in alcuni di questi ci sono "dubbi sul rispetto dei diritti umani".
Context.php?Start=91874991&End=91874993	ceppo a ceppo	Gli enzimi di parecchi ceppi possono essere confrontati mediante tecniche statistiche che rivelano la divergenza genetica relativa da 	ceppo a ceppo	.
Context.php?Start=122337849&End=122337851	cervello a cervello	Così, l'uomo ha dovuto confrontarsi con la donna in modo diverso, da 	cervello a cervello	, e abbandonare il mito dei muscoli.
Context.php?Start=127038900&End=127038902	chiusura a chiusura	In questa prospettiva il calo del BTp future, che da 	chiusura a chiusura	 è passato da 112,52 a 111,36, non può essere considerato drammatico: sulla scadenza decennale lo spread rispettoai Bund tedeschi si è allargato solo di poco, a 68 punti base a fine giornata contro i 64 del giorno prima.
Context.php?Start=103491883&End=103491885	ciglio a ciglio	Se il confine si trova in un fosso comune o in una via privata, la distanza si misura da 	ciglio a ciglio	 o dal ciglio al lembo esteriore della via (911). Art. 892 Distanze per gli alberi Chi vuol piantare alberi presso il confine deve osservare le distanze stabilite dai regolamenti e, in mancanza, dagli usi locali.
Context.php?Start=10374263&End=10374265	cinema a cinema	Al Warner Theatre di New York si proietta Don Juan: non è ancora un film parlato, ma contiene i rumori in sincrono (chiusura e apertura di porte, di automobili, di movimenti di sedie) e musica non più affidata a un pianista solitario o a una orchestra diversa, da 	cinema a cinema	, che sceglie gli spartiti a suo piacimento, ma musica registrata, appositamente creata per il film.
Context.php?Start=117510397&End=117510399	ciocca a ciocca	Il più attuale si fa sfilando 	ciocca a ciocca	, per creare l'effetto piuma, che alleggerisce la pettinatura e rende la piega particolarmente facile.
Context.php?Start=164093625&End=164093627	circoscrizione a circoscrizione	Il numero di liste varia invece da 	circoscrizione a circoscrizione	: a Bologna in totale sono 16.
Context.php?Start=59647099&End=59647101	cittadino a cittadino	Così la"guerriglia Â non è stata organizzata da gruppi d'élite, da attivisti di qualche sorta, da una"punta di diamante Â, ma si è sviluppata spontaneamente, come una sorta di tam tam, di trasmissione bocca a bocca da 	cittadino a cittadino	.
Context.php?Start=115681015&End=115681017	classe a classe	Questo significa che: 1 riguarderà non più di quattro materie; 2 avrà un numero limitato di domande (lo stabilisce ogni commissione, per cui varia da 	classe a classe	); 3 la commissione potrà scegliere una sola delle sei possibilità di test presentate infondoa questa pagina.
Context.php?Start=154270096&End=154270098	classe a classe	Quando le incursioni maschili da 	classe a classe	 partivano, lui restava inchiodato al suo banco con aria ostentatamente indifferente, a sfogliacchiare il volume di testo dell'ora dopo, anchese, con l'orecchio più vicino alla porta della sua classe, non poteva fare a meno di seguire lo svolgimento dei fatti a pochi metri di distanza nell'affollato corridoio.
Context.php?Start=21760890&End=21760892	cm a cm	Cominciai a esaminarla 	cm a cm	, la situazione era piuttosto eccitante, e risposi:"Niente, il lavoro è lavoro".
Context.php?Start=32297557&End=32297559	codice a codice	Mi sembra che ci sia una linea maestra lungo la quale procedere, una linea guida: nel momento in cui si è riconosciuta alla traduzione la dignità di testo, nel momento in cui si è arrivati a concepire la traduzione come passaggio da testo a testo e non più da 	codice a codice	, idea quest'ultima tipica della linguistica strutturalistica entrata in crisi insiemealla discipline formalistiche da cui era nata, non è possibile continuare a pensare che la traduzione letteraria sia sottoposta a regole prestabilite e fisse; in questo caso la traduzione non sarebbe testo.
Context.php?Start=52170383&End=52170385	codice a codice	È anche il caso delle trascrizioni da 	codice a codice	.
Context.php?Start=75028501&End=75028503	coffa a coffa	Forse stabilendo, come un sensale tra avvistamenti, che i due, opposti velieri immobilizzati dalle bonacce di un mare che è una tavola, possano, da 	coffa a coffa	 orientare verso l'altro il viso e, come un soffio, la nostalgia di un vento, sollevare la folata di uno sguardo tra galleggiamenti di bottiglie, meduse di bicchieri, riflessi di posate in cresta all'onda.
Context.php?Start=47317712&End=47317714	collega a collega	Pongo solo un dubbio deontologico, da 	collega a collega	.
Context.php?Start=73476399&End=73476401	collega a collega	Ne parlava da 	collega a collega	, senza assumere atteggiamenti da maestro ad allievo, e questo mi colpiva più di qualunque gesto di generosità, mi suscitava un vero calore di amicizia per lui.
Context.php?Start=122613105&End=122613107	collega a collega	A una sola condizione, da "	collega a collega	": "Non citarmi mai", si capisce.
Context.php?Start=46493095&End=46493097	collina a collina	Adesso qui, come in Borgogna, siamo concentrati su come il Barolo si esprima da 	collina a collina	, da vigna a vigna negli undici Comuni della zona».
Context.php?Start=102758212&End=102758214	collisione a collisione	A parità di peso atomico, il rapporto E1 E2 è compreso tra 1 e (1 + a) 2, anchese in realtà J varia statisticamente da 	collisione a collisione	.
Context.php?Start=73601979&End=73601981	colpo a colpo	Lui va avanti, martella e inchioda, sale e scende e sposta la scala e ci risale, chiude a 	colpo a colpo	 il muro esterno della casa che si è costruito.
Context.php?Start=23189583&End=23189585	coltura a coltura	Si è vistoche la colza GM è una coltura ad alto rischio perquanto riguarda il flusso di geni da 	coltura a coltura	, e il mais GM è una coltura a rischio medio - alto.
Context.php?Start=19137028&End=19137030	comme a comme	Le stanze dell'hotel La Sirene hanno pareti divisorie di carta velina, ti puoi anche svegliare a metà della notte per la rete di un letto altrui che scricchiola appassionatamente, la testiera che tiene il ritmo sbattendo sul muro dietro la tua nuca: per una mezz'ora va avanti il metronomo, è tutto un mugolare di 	comme a comme	 a, poi c'è una pausa ristoratrice, poi il comme a diventa un pas comme a non di rito e segue un urlo femminile - deve aver visto il diavolo in persona oppure, più probabile, è un filosofo da boudoir che gli è apparso (alle spalle però).
Context.php?Start=140421575&End=140421577	commento a commento	Volti tirati, ma è inutile aggiungere 	commento a commento	.
Context.php?Start=42067253&End=42067255	commissione a commissione	I attribuito punteggi quadri all'ispettore 	commissione a commissione	.
Context.php?Start=148854732&End=148854734	commissione a commissione	Da ultimo, quanto costa mandare i figli a questa o a quella scuola e fornire due dati sui risultati degli ultimi esami di maturità, anchese il metro di giudizio varia spesso da 	commissione a commissione	.